lsoa,cluster
E01000001,1
E01000005,1
E01000008,3
E01000009,1
E01000011,4
E01000013,2
E01000017,2
E01000019,3
E01000021,3
E01000024,1
E01000027,0
E01000029,0
E01000030,0
E01000031,3
E01000032,4
E01000034,0
E01000035,0
E01000036,3
E01000038,0
E01000040,3
E01000041,3
E01000042,3
E01000043,3
E01000045,3
E01000049,3
E01000050,1
E01000052,4
E01000057,3
E01000058,3
E01000060,1
E01000061,1
E01000062,0
E01000063,4
E01000064,0
E01000065,3
E01000067,1
E01000068,4
E01000070,1
E01000071,3
E01000072,3
E01000073,3
E01000074,3
E01000075,3
E01000077,3
E01000078,3
E01000079,3
E01000080,3
E01000082,1
E01000083,1
E01000084,2
E01000085,3
E01000086,2
E01000087,2
E01000088,2
E01000090,3
E01000091,1
E01000093,1
E01000094,1
E01000095,3
E01000096,3
E01000097,3
E01000098,4
E01000099,1
E01000101,1
E01000104,3
E01000105,3
E01000106,3
E01000110,4
E01000111,3
E01000112,1
E01000113,4
E01000114,1
E01000118,0
E01000120,0
E01000121,3
E01000123,3
E01000124,0
E01000126,4
E01000127,4
E01000128,4
E01000129,1
E01000130,4
E01000131,4
E01000133,0
E01000134,3
E01000135,4
E01000136,4
E01000138,4
E01000139,1
E01000140,1
E01000141,1
E01000143,3
E01000144,4
E01000146,1
E01000150,1
E01000151,1
E01000152,3
E01000154,1
E01000156,1
E01000160,0
E01000161,4
E01000162,4
E01000164,1
E01000170,3
E01000171,0
E01000172,0
E01000173,0
E01000174,0
E01000175,3
E01000176,3
E01000178,4
E01000180,4
E01000181,4
E01000182,1
E01000183,4
E01000184,4
E01000185,4
E01000186,4
E01000188,3
E01000191,4
E01000192,4
E01000193,1
E01000194,1
E01000196,1
E01000197,4
E01000198,3
E01000200,3
E01000201,4
E01000202,4
E01000203,4
E01000205,4
E01000206,3
E01000208,1
E01000210,4
E01000211,1
E01000213,3
E01000214,1
E01000215,4
E01000218,1
E01000219,4
E01000221,1
E01000222,4
E01000223,1
E01000224,0
E01000226,3
E01000227,3
E01000228,3
E01000229,4
E01000231,4
E01000232,4
E01000233,0
E01000234,3
E01000235,0
E01000236,1
E01000237,1
E01000239,1
E01000240,4
E01000242,0
E01000243,0
E01000244,0
E01000246,3
E01000248,4
E01000250,1
E01000251,0
E01000252,3
E01000253,3
E01000255,3
E01000256,4
E01000257,0
E01000258,4
E01000259,3
E01000260,4
E01000261,0
E01000263,4
E01000264,4
E01000265,2
E01000266,3
E01000268,1
E01000269,4
E01000271,4
E01000273,4
E01000274,2
E01000278,3
E01000279,3
E01000281,1
E01000282,3
E01000284,4
E01000285,0
E01000286,0
E01000288,4
E01000289,0
E01000290,3
E01000292,0
E01000296,1
E01000297,3
E01000298,1
E01000299,1
E01000301,3
E01000302,4
E01000305,1
E01000307,1
E01000309,4
E01000310,1
E01000313,1
E01000314,1
E01000315,3
E01000316,1
E01000318,4
E01000321,4
E01000323,1
E01000324,4
E01000325,2
E01000326,2
E01000327,4
E01000329,3
E01000330,4
E01000331,4
E01000332,0
E01000333,0
E01000334,0
E01000335,0
E01000336,3
E01000338,0
E01000340,4
E01000343,4
E01000344,0
E01000345,2
E01000347,4
E01000349,4
E01000350,2
E01000352,4
E01000353,3
E01000354,2
E01000356,2
E01000358,3
E01000359,3
E01000360,1
E01000362,1
E01000363,3
E01000367,4
E01000369,4
E01000370,4
E01000374,3
E01000375,2
E01000383,3
E01000384,4
E01000385,3
E01000386,1
E01000389,4
E01000392,4
E01000394,4
E01000398,2
E01000399,4
E01000400,2
E01000402,0
E01000403,1
E01000404,0
E01000405,0
E01000406,0
E01000407,0
E01000408,0
E01000409,2
E01000412,0
E01000413,2
E01000414,1
E01000416,1
E01000417,0
E01000418,4
E01000420,0
E01000421,2
E01000422,1
E01000423,4
E01000426,4
E01000427,4
E01000428,4
E01000429,4
E01000430,4
E01000431,3
E01000433,4
E01000434,1
E01000436,0
E01000439,4
E01000441,4
E01000442,2
E01000443,3
E01000444,3
E01000445,3
E01000447,1
E01000448,4
E01000450,2
E01000451,2
E01000454,2
E01000455,3
E01000457,4
E01000459,4
E01000461,3
E01000462,2
E01000463,2
E01000465,0
E01000466,0
E01000467,1
E01000469,4
E01000470,1
E01000472,1
E01000473,1
E01000475,1
E01000476,0
E01000477,0
E01000478,0
E01000479,1
E01000480,3
E01000481,1
E01000483,1
E01000485,0
E01000487,0
E01000489,4
E01000491,3
E01000493,1
E01000494,1
E01000495,4
E01000497,4
E01000498,2
E01000499,0
E01000501,3
E01000502,3
E01000506,4
E01000507,0
E01000508,1
E01000510,1
E01000511,4
E01000512,0
E01000513,1
E01000515,1
E01000516,1
E01000518,1
E01000519,1
E01000520,3
E01000521,1
E01000523,1
E01000524,1
E01000525,4
E01000526,1
E01000528,4
E01000530,0
E01000531,4
E01000532,4
E01000533,1
E01000535,1
E01000541,0
E01000543,1
E01000544,4
E01000545,1
E01000547,4
E01000548,1
E01000550,1
E01000551,4
E01000552,4
E01000553,4
E01000554,4
E01000555,0
E01000556,1
E01000557,4
E01000563,4
E01000564,0
E01000565,1
E01000568,1
E01000571,0
E01000574,3
E01000575,0
E01000576,0
E01000577,0
E01000578,1
E01000580,4
E01000581,4
E01000583,1
E01000586,1
E01000587,3
E01000589,4
E01000590,3
E01000591,4
E01000592,4
E01000594,1
E01000595,3
E01000596,3
E01000599,1
E01000601,3
E01000602,2
E01000603,2
E01000604,3
E01000605,4
E01000606,3
E01000608,1
E01000609,3
E01000612,1
E01000615,3
E01000616,1
E01000620,1
E01000621,1
E01000622,3
E01000623,1
E01000625,1
E01000626,1
E01000627,1
E01000628,1
E01000633,1
E01000634,1
E01000636,1
E01000638,1
E01000640,1
E01000642,1
E01000643,1
E01000646,3
E01000648,3
E01000649,0
E01000650,3
E01000651,3
E01000653,3
E01000656,3
E01000657,3
E01000659,3
E01000661,4
E01000662,4
E01000663,4
E01000665,2
E01000666,3
E01000667,2
E01000668,1
E01000670,4
E01000671,4
E01000672,4
E01000673,3
E01000674,4
E01000676,1
E01000677,2
E01000678,4
E01000679,3
E01000682,2
E01000683,3
E01000684,3
E01000685,3
E01000686,2
E01000687,3
E01000690,3
E01000691,4
E01000692,4
E01000693,0
E01000694,3
E01000696,4
E01000697,0
E01000698,3
E01000699,2
E01000700,3
E01000702,4
E01000703,4
E01000704,3
E01000705,2
E01000706,0
E01000707,3
E01000708,2
E01000710,0
E01000712,2
E01000714,1
E01000715,3
E01000716,3
E01000717,3
E01000718,2
E01000719,3
E01000722,1
E01000727,4
E01000728,4
E01000730,4
E01000732,3
E01000735,0
E01000736,3
E01000737,3
E01000738,2
E01000741,1
E01000742,3
E01000743,1
E01000744,4
E01000745,4
E01000747,3
E01000751,2
E01000752,2
E01000753,3
E01000754,4
E01000755,4
E01000756,2
E01000757,4
E01000760,4
E01000761,3
E01000762,0
E01000763,4
E01000765,4
E01000766,3
E01000767,4
E01000769,3
E01000770,4
E01000771,2
E01000772,4
E01000773,3
E01000774,2
E01000775,2
E01000777,3
E01000778,0
E01000779,0
E01000780,2
E01000781,4
E01000782,4
E01000784,0
E01000785,3
E01000787,3
E01000788,4
E01000789,3
E01000790,1
E01000791,3
E01000794,3
E01000795,3
E01000797,4
E01000798,4
E01000799,1
E01000801,4
E01000802,2
E01000805,0
E01000806,1
E01000807,4
E01000809,0
E01000813,4
E01000819,2
E01000820,3
E01000824,4
E01000827,4
E01000828,0
E01000832,3
E01000834,3
E01000835,4
E01000838,4
E01000841,4
E01000843,3
E01000846,4
E01000847,4
E01000848,4
E01000849,1
E01000850,1
E01000855,1
E01000856,1
E01000858,1
E01000861,1
E01000862,3
E01000863,1
E01000867,1
E01000868,4
E01000869,1
E01000871,4
E01000872,1
E01000873,3
E01000874,4
E01000875,4
E01000876,1
E01000877,4
E01000879,3
E01000880,4
E01000881,4
E01000883,1
E01000884,4
E01000886,3
E01000887,4
E01000888,4
E01000890,4
E01000895,4
E01000896,4
E01000898,1
E01000899,4
E01000900,4
E01000902,3
E01000904,1
E01000905,4
E01000906,1
E01000908,3
E01000909,4
E01000912,1
E01000913,4
E01000914,1
E01000916,4
E01000917,4
E01000918,1
E01000919,1
E01000920,2
E01000921,1
E01000922,1
E01000924,4
E01000926,1
E01000927,1
E01000928,1
E01000929,1
E01000930,1
E01000931,1
E01000932,4
E01000933,1
E01000934,4
E01000935,4
E01000938,4
E01000939,1
E01000942,1
E01000946,1
E01000947,1
E01000948,4
E01000954,4
E01000956,1
E01000958,4
E01000959,4
E01000960,1
E01000963,1
E01000969,1
E01000972,4
E01000973,1
E01000974,1
E01000975,2
E01000976,2
E01000977,0
E01000978,4
E01000979,0
E01000980,3
E01000981,2
E01000982,0
E01000983,2
E01000984,2
E01000985,3
E01000992,2
E01000993,3
E01000994,3
E01000995,4
E01000997,4
E01000998,3
E01001000,1
E01001003,3
E01001004,3
E01001006,1
E01001008,4
E01001010,4
E01001011,1
E01001013,1
E01001015,4
E01001016,3
E01001018,4
E01001019,0
E01001020,4
E01001021,4
E01001023,1
E01001025,3
E01001026,3
E01001027,3
E01001029,4
E01001032,3
E01001033,1
E01001034,3
E01001035,4
E01001036,4
E01001037,4
E01001038,4
E01001040,4
E01001041,1
E01001042,1
E01001044,4
E01001047,3
E01001049,4
E01001050,1
E01001051,4
E01001052,4
E01001053,4
E01001054,4
E01001055,4
E01001058,3
E01001059,3
E01001060,3
E01001061,4
E01001062,4
E01001063,4
E01001064,4
E01001065,4
E01001066,4
E01001068,0
E01001070,2
E01001071,0
E01001074,4
E01001075,0
E01001076,4
E01001078,4
E01001079,4
E01001080,4
E01001081,4
E01001083,4
E01001084,1
E01001085,1
E01001087,1
E01001089,4
E01001091,4
E01001092,3
E01001093,4
E01001094,3
E01001095,4
E01001097,1
E01001099,3
E01001102,3
E01001103,3
E01001104,3
E01001105,3
E01001106,3
E01001107,3
E01001108,3
E01001109,2
E01001110,1
E01001111,1
E01001112,2
E01001114,1
E01001115,3
E01001116,1
E01001118,1
E01001119,3
E01001120,4
E01001122,4
E01001125,4
E01001127,3
E01001129,3
E01001130,3
E01001132,3
E01001133,4
E01001134,4
E01001135,1
E01001136,2
E01001137,4
E01001138,3
E01001139,1
E01001140,0
E01001142,0
E01001143,2
E01001144,3
E01001145,2
E01001147,4
E01001148,3
E01001149,4
E01001150,4
E01001151,1
E01001152,1
E01001154,4
E01001155,1
E01001156,1
E01001157,1
E01001158,4
E01001159,1
E01001162,3
E01001163,4
E01001164,1
E01001165,0
E01001166,4
E01001167,1
E01001168,2
E01001169,4
E01001170,1
E01001171,4
E01001172,1
E01001173,3
E01001175,4
E01001176,3
E01001177,1
E01001178,1
E01001180,4
E01001181,1
E01001182,1
E01001183,1
E01001185,2
E01001186,2
E01001187,3
E01001191,3
E01001192,0
E01001193,3
E01001195,3
E01001197,4
E01001199,4
E01001202,4
E01001204,4
E01001205,0
E01001206,3
E01001207,0
E01001208,1
E01001209,4
E01001210,4
E01001211,4
E01001212,4
E01001214,4
E01001215,1
E01001216,4
E01001218,3
E01001219,3
E01001220,3
E01001225,1
E01001226,4
E01001228,4
E01001229,4
E01001230,4
E01001233,1
E01001235,1
E01001239,4
E01001240,4
E01001241,4
E01001243,1
E01001244,1
E01001245,1
E01001246,4
E01001247,1
E01001248,2
E01001249,1
E01001250,1
E01001251,1
E01001252,1
E01001253,0
E01001254,2
E01001257,4
E01001258,1
E01001259,1
E01001260,4
E01001261,1
E01001263,0
E01001264,3
E01001266,4
E01001267,4
E01001268,3
E01001269,0
E01001271,0
E01001272,4
E01001275,4
E01001276,3
E01001277,1
E01001278,1
E01001280,4
E01001281,4
E01001282,3
E01001283,1
E01001285,4
E01001286,4
E01001289,4
E01001290,0
E01001291,4
E01001293,4
E01001294,2
E01001295,1
E01001296,4
E01001297,2
E01001298,1
E01001299,3
E01001301,1
E01001302,4
E01001303,4
E01001308,0
E01001312,0
E01001313,0
E01001315,4
E01001316,1
E01001317,3
E01001318,4
E01001321,1
E01001322,1
E01001323,1
E01001324,4
E01001325,2
E01001326,1
E01001327,4
E01001328,1
E01001329,2
E01001330,1
E01001331,4
E01001333,1
E01001334,3
E01001336,2
E01001337,1
E01001338,1
E01001339,0
E01001341,1
E01001342,4
E01001343,4
E01001344,1
E01001347,3
E01001348,4
E01001349,4
E01001351,1
E01001352,1
E01001353,1
E01001354,1
E01001355,1
E01001357,3
E01001358,0
E01001359,1
E01001361,1
E01001362,1
E01001363,1
E01001367,1
E01001369,2
E01001370,1
E01001375,4
E01001376,4
E01001377,4
E01001384,4
E01001385,4
E01001386,4
E01001387,4
E01001388,1
E01001390,4
E01001393,4
E01001394,1
E01001395,3
E01001396,1
E01001397,3
E01001398,3
E01001399,0
E01001400,4
E01001402,1
E01001403,3
E01001404,0
E01001406,2
E01001408,3
E01001409,0
E01001411,0
E01001412,0
E01001414,0
E01001415,4
E01001418,4
E01001419,4
E01001423,3
E01001425,1
E01001426,2
E01001427,2
E01001429,1
E01001430,1
E01001433,3
E01001436,0
E01001437,3
E01001438,0
E01001439,1
E01001440,4
E01001441,4
E01001442,4
E01001444,1
E01001445,4
E01001446,4
E01001447,4
E01001449,4
E01001450,1
E01001451,4
E01001453,0
E01001454,3
E01001455,4
E01001458,1
E01001461,0
E01001465,1
E01001468,3
E01001469,3
E01001470,0
E01001471,3
E01001474,0
E01001476,4
E01001478,0
E01001479,1
E01001480,2
E01001481,3
E01001483,3
E01001485,1
E01001486,2
E01001488,2
E01001489,3
E01001491,1
E01001492,3
E01001493,4
E01001498,1
E01001499,4
E01001500,4
E01001501,1
E01001502,1
E01001504,3
E01001505,4
E01001507,1
E01001509,3
E01001511,4
E01001512,4
E01001513,0
E01001515,2
E01001516,0
E01001518,4
E01001520,4
E01001521,4
E01001522,3
E01001523,0
E01001524,4
E01001527,4
E01001528,4
E01001529,4
E01001530,4
E01001532,4
E01001534,1
E01001535,3
E01001536,1
E01001537,3
E01001538,3
E01001540,3
E01001542,3
E01001544,3
E01001547,1
E01001549,1
E01001550,4
E01001551,0
E01001552,0
E01001553,2
E01001554,1
E01001558,1
E01001559,4
E01001560,0
E01001563,1
E01001564,4
E01001569,1
E01001571,4
E01001572,1
E01001573,1
E01001574,3
E01001575,4
E01001576,3
E01001577,1
E01001579,2
E01001580,1
E01001581,1
E01001582,2
E01001583,4
E01001587,3
E01001588,1
E01001590,4
E01001591,1
E01001593,4
E01001594,1
E01001596,3
E01001597,2
E01001600,3
E01001601,4
E01001602,2
E01001603,4
E01001604,2
E01001605,3
E01001606,3
E01001607,2
E01001609,2
E01001611,2
E01001613,4
E01001614,4
E01001615,1
E01001617,4
E01001618,3
E01001619,3
E01001620,4
E01001621,4
E01001624,0
E01001625,2
E01001629,1
E01001631,1
E01001632,1
E01001633,3
E01001634,3
E01001637,4
E01001638,4
E01001641,1
E01001642,4
E01001644,1
E01001645,2
E01001646,1
E01001648,1
E01001651,4
E01001652,4
E01001653,3
E01001655,3
E01001658,4
E01001659,1
E01001660,0
E01001661,4
E01001665,1
E01001666,1
E01001669,2
E01001671,2
E01001673,1
E01001674,3
E01001676,1
E01001677,1
E01001678,2
E01001680,3
E01001682,1
E01001683,1
E01001684,4
E01001686,3
E01001688,1
E01001690,4
E01001693,1
E01001694,4
E01001695,4
E01001696,1
E01001697,4
E01001698,3
E01001699,4
E01001700,1
E01001701,4
E01001703,3
E01001704,4
E01001705,1
E01001708,4
E01001710,3
E01001712,1
E01001714,1
E01001716,4
E01001717,1
E01001718,1
E01001719,2
E01001720,2
E01001722,1
E01001724,1
E01001726,1
E01001727,3
E01001728,4
E01001729,1
E01001730,4
E01001731,4
E01001733,4
E01001734,1
E01001735,2
E01001737,4
E01001738,4
E01001739,4
E01001740,2
E01001741,4
E01001742,4
E01001744,2
E01001745,0
E01001746,0
E01001747,1
E01001749,1
E01001750,1
E01001751,4
E01001755,1
E01001756,1
E01001757,2
E01001758,1
E01001760,1
E01001761,0
E01001762,1
E01001765,0
E01001767,2
E01001769,4
E01001770,1
E01001772,2
E01001774,1
E01001775,0
E01001776,3
E01001777,1
E01001781,4
E01001784,3
E01001786,4
E01001787,4
E01001788,4
E01001791,4
E01001792,1
E01001793,4
E01001795,1
E01001796,3
E01001798,1
E01001800,1
E01001801,2
E01001802,2
E01001803,4
E01001805,2
E01001806,4
E01001807,1
E01001808,1
E01001809,4
E01001811,4
E01001813,1
E01001814,1
E01001815,3
E01001816,3
E01001819,2
E01001820,2
E01001821,2
E01001822,3
E01001824,4
E01001826,4
E01001827,1
E01001828,3
E01001829,4
E01001830,1
E01001831,1
E01001832,1
E01001834,1
E01001836,1
E01001837,3
E01001839,1
E01001840,1
E01001841,4
E01001844,1
E01001845,4
E01001846,1
E01001847,4
E01001848,1
E01001849,1
E01001850,4
E01001856,4
E01001857,1
E01001858,4
E01001860,1
E01001861,1
E01001866,1
E01001867,4
E01001869,4
E01001871,4
E01001875,1
E01001876,1
E01001877,1
E01001879,4
E01001882,1
E01001883,1
E01001884,4
E01001886,1
E01001887,1
E01001891,1
E01001894,1
E01001898,1
E01001899,4
E01001902,4
E01001903,4
E01001905,4
E01001909,1
E01001911,4
E01001912,1
E01001914,1
E01001915,1
E01001918,4
E01001920,1
E01001921,1
E01001922,4
E01001924,4
E01001925,4
E01001928,4
E01001929,4
E01001930,1
E01001932,1
E01001933,4
E01001937,4
E01001938,4
E01001940,1
E01001941,1
E01001942,1
E01001943,1
E01001948,4
E01001950,4
E01001951,4
E01001952,4
E01001953,1
E01001954,4
E01001955,3
E01001956,4
E01001959,4
E01001962,4
E01001963,4
E01001964,2
E01001966,2
E01001968,4
E01001969,1
E01001970,4
E01001971,4
E01001972,4
E01001973,1
E01001974,1
E01001975,1
E01001976,3
E01001977,4
E01001978,1
E01001979,1
E01001980,3
E01001981,4
E01001983,1
E01001984,4
E01001986,3
E01001989,0
E01001990,1
E01001991,4
E01001992,4
E01001994,4
E01001995,3
E01001997,4
E01001999,1
E01002002,1
E01002003,1
E01002005,4
E01002008,4
E01002009,4
E01002010,4
E01002011,1
E01002013,2
E01002014,1
E01002015,0
E01002017,1
E01002019,0
E01002020,0
E01002021,0
E01002022,1
E01002028,1
E01002029,1
E01002030,1
E01002031,1
E01002033,4
E01002034,1
E01002036,0
E01002037,1
E01002038,1
E01002042,4
E01002043,1
E01002046,1
E01002047,1
E01002048,4
E01002049,4
E01002051,4
E01002052,3
E01002053,1
E01002055,1
E01002056,1
E01002058,3
E01002060,3
E01002061,3
E01002062,0
E01002064,2
E01002066,1
E01002067,1
E01002068,4
E01002069,1
E01002070,4
E01002071,4
E01002072,1
E01002074,1
E01002075,1
E01002076,3
E01002077,1
E01002078,4
E01002081,1
E01002082,1
E01002083,4
E01002084,4
E01002085,4
E01002086,3
E01002088,1
E01002089,3
E01002090,2
E01002091,2
E01002092,0
E01002096,2
E01002098,1
E01002099,3
E01002100,0
E01002102,3
E01002103,1
E01002104,2
E01002105,1
E01002106,3
E01002108,3
E01002109,4
E01002110,4
E01002111,3
E01002112,4
E01002113,0
E01002114,4
E01002118,4
E01002119,4
E01002121,3
E01002122,4
E01002123,1
E01002125,0
E01002129,1
E01002130,1
E01002132,3
E01002133,1
E01002135,3
E01002136,1
E01002137,3
E01002139,3
E01002141,3
E01002142,1
E01002144,0
E01002145,3
E01002148,2
E01002150,3
E01002151,3
E01002152,3
E01002153,3
E01002155,0
E01002157,0
E01002159,0
E01002160,0
E01002161,0
E01002163,0
E01002166,0
E01002172,0
E01002174,0
E01002175,0
E01002176,0
E01002177,3
E01002179,1
E01002181,0
E01002184,3
E01002185,3
E01002186,3
E01002187,3
E01002189,0
E01002191,3
E01002192,3
E01002193,3
E01002195,3
E01002198,0
E01002199,0
E01002200,3
E01002201,0
E01002202,1
E01002203,4
E01002204,0
E01002207,0
E01002209,0
E01002211,3
E01002212,0
E01002214,0
E01002216,0
E01002217,3
E01002218,0
E01002219,1
E01002221,1
E01002225,0
E01002226,0
E01002227,3
E01002228,3
E01002232,1
E01002233,1
E01002235,3
E01002240,4
E01002242,0
E01002243,4
E01002244,2
E01002245,4
E01002246,4
E01002247,4
E01002248,1
E01002250,4
E01002251,4
E01002253,3
E01002254,3
E01002258,3
E01002259,3
E01002260,0
E01002261,4
E01002262,4
E01002263,2
E01002265,0
E01002266,4
E01002269,3
E01002272,0
E01002273,3
E01002274,0
E01002276,3
E01002277,4
E01002278,4
E01002279,4
E01002281,4
E01002282,4
E01002283,0
E01002285,2
E01002288,2
E01002291,2
E01002292,3
E01002294,3
E01002295,3
E01002296,3
E01002299,3
E01002300,3
E01002301,4
E01002302,4
E01002303,0
E01002304,0
E01002306,0
E01002307,4
E01002308,3
E01002310,4
E01002312,3
E01002313,3
E01002314,4
E01002315,4
E01002316,4
E01002319,1
E01002321,4
E01002322,2
E01002325,2
E01002326,1
E01002328,4
E01002329,2
E01002331,3
E01002335,4
E01002336,3
E01002337,4
E01002338,4
E01002341,3
E01002342,0
E01002344,0
E01002345,0
E01002346,3
E01002348,0
E01002349,0
E01002350,1
E01002352,3
E01002353,1
E01002356,1
E01002358,0
E01002360,3
E01002361,1
E01002362,3
E01002363,4
E01002365,4
E01002366,4
E01002367,0
E01002368,4
E01002370,4
E01002371,4
E01002372,4
E01002373,4
E01002374,4
E01002375,3
E01002377,3
E01002379,4
E01002380,3
E01002382,3
E01002384,3
E01002385,3
E01002386,3
E01002393,1
E01002396,1
E01002400,4
E01002401,1
E01002402,3
E01002403,3
E01002404,3
E01002405,4
E01002408,4
E01002409,4
E01002410,1
E01002411,4
E01002412,4
E01002413,4
E01002414,4
E01002417,3
E01002421,3
E01002422,0
E01002423,4
E01002424,2
E01002425,0
E01002426,4
E01002428,3
E01002429,0
E01002432,3
E01002433,3
E01002436,3
E01002437,3
E01002439,3
E01002441,3
E01002443,1
E01002444,1
E01002445,4
E01002446,1
E01002447,1
E01002448,4
E01002452,4
E01002453,3
E01002455,4
E01002456,2
E01002457,1
E01002458,3
E01002460,2
E01002461,3
E01002465,3
E01002468,0
E01002469,0
E01002470,0
E01002472,3
E01002474,3
E01002475,3
E01002478,3
E01002479,3
E01002481,3
E01002483,3
E01002485,3
E01002486,3
E01002487,3
E01002488,3
E01002489,1
E01002490,4
E01002492,3
E01002495,0
E01002496,0
E01002497,0
E01002499,0
E01002501,4
E01002503,1
E01002505,1
E01002506,1
E01002508,1
E01002509,4
E01002511,4
E01002512,3
E01002513,2
E01002514,1
E01002516,2
E01002519,4
E01002521,1
E01002523,4
E01002525,4
E01002526,1
E01002527,4
E01002529,1
E01002530,4
E01002535,2
E01002537,2
E01002538,3
E01002539,3
E01002540,0
E01002541,0
E01002542,3
E01002543,0
E01002546,4
E01002548,4
E01002549,2
E01002552,4
E01002553,2
E01002555,2
E01002557,2
E01002558,2
E01002559,2
E01002560,2
E01002562,4
E01002563,2
E01002564,4
E01002565,4
E01002569,3
E01002570,1
E01002571,2
E01002572,2
E01002573,4
E01002575,4
E01002576,2
E01002578,2
E01002581,4
E01002583,1
E01002584,1
E01002585,4
E01002587,1
E01002588,4
E01002589,4
E01002590,2
E01002591,2
E01002592,4
E01002593,1
E01002594,2
E01002595,3
E01002596,2
E01002601,3
E01002602,3
E01002603,2
E01002604,2
E01002605,1
E01002606,4
E01002607,1
E01002608,1
E01002609,4
E01002610,2
E01002611,1
E01002612,1
E01002613,4
E01002614,2
E01002615,4
E01002616,3
E01002619,1
E01002620,1
E01002621,3
E01002622,1
E01002623,4
E01002624,1
E01002626,2
E01002628,1
E01002629,1
E01002630,3
E01002631,2
E01002633,1
E01002634,4
E01002635,3
E01002636,4
E01002637,1
E01002638,4
E01002640,4
E01002641,2
E01002643,4
E01002646,3
E01002649,1
E01002650,4
E01002652,4
E01002653,0
E01002654,0
E01002655,3
E01002657,4
E01002659,3
E01002662,1
E01002663,1
E01002665,2
E01002666,4
E01002667,0
E01002668,0
E01002670,3
E01002671,3
E01002672,3
E01002675,3
E01002676,3
E01002677,1
E01002678,3
E01002679,3
E01002680,3
E01002681,1
E01002682,1
E01002686,1
E01002687,0
E01002691,4
E01002692,1
E01002693,1
E01002694,3
E01002695,1
E01002696,1
E01002697,1
E01002700,3
E01002704,1
E01002706,4
E01002707,1
E01002708,1
E01002710,1
E01002711,1
E01002712,1
E01002713,1
E01002714,1
E01002716,1
E01002717,4
E01002718,0
E01002719,4
E01002720,1
E01002723,3
E01002724,1
E01002726,1
E01002727,1
E01002728,1
E01002730,1
E01002732,1
E01002734,1
E01002735,0
E01002738,1
E01002741,4
E01002743,4
E01002745,4
E01002747,4
E01002748,4
E01002749,4
E01002752,4
E01002756,0
E01002758,1
E01002759,4
E01002762,4
E01002763,1
E01002764,1
E01002765,1
E01002766,4
E01002767,4
E01002768,1
E01002770,1
E01002771,1
E01002772,4
E01002773,0
E01002774,1
E01002775,2
E01002776,4
E01002778,4
E01002779,1
E01002780,4
E01002781,3
E01002782,2
E01002784,4
E01002785,1
E01002786,1
E01002788,0
E01002789,1
E01002790,1
E01002791,1
E01002793,1
E01002794,1
E01002795,1
E01002796,3
E01002797,4
E01002798,1
E01002801,1
E01002804,4
E01002805,2
E01002807,1
E01002808,4
E01002810,4
E01002811,0
E01002814,1
E01002815,4
E01002817,1
E01002818,1
E01002819,1
E01002821,1
E01002825,1
E01002826,1
E01002827,1
E01002830,4
E01002831,1
E01002833,4
E01002835,1
E01002837,0
E01002839,4
E01002840,1
E01002843,4
E01002844,1
E01002845,1
E01002846,4
E01002847,4
E01002849,1
E01002850,4
E01002851,4
E01002852,1
E01002854,4
E01002858,3
E01002859,1
E01002861,4
E01002862,3
E01002863,4
E01002864,4
E01002866,3
E01002867,0
E01002868,1
E01002869,1
E01002870,4
E01002873,1
E01002874,4
E01002877,4
E01002878,1
E01002880,4
E01002882,4
E01002883,1
E01002884,1
E01002885,1
E01002886,1
E01002887,3
E01002891,4
E01002894,1
E01002896,4
E01002897,4
E01002898,0
E01002899,1
E01002900,0
E01002901,1
E01002902,1
E01002903,1
E01002905,1
E01002906,4
E01002908,4
E01002909,1
E01002910,4
E01002911,1
E01002912,1
E01002913,1
E01002914,0
E01002915,0
E01002916,1
E01002918,3
E01002919,1
E01002920,3
E01002921,4
E01002922,3
E01002926,3
E01002928,4
E01002929,4
E01002930,1
E01002931,1
E01002932,4
E01002935,1
E01002938,0
E01002940,4
E01002941,4
E01002946,4
E01002947,4
E01002948,4
E01002949,4
E01002950,4
E01002951,4
E01002952,4
E01002953,4
E01002954,1
E01002955,4
E01002956,1
E01002957,4
E01002959,4
E01002960,4
E01002961,4
E01002964,1
E01002965,1
E01002966,3
E01002967,4
E01002968,1
E01002969,4
E01002970,4
E01002971,4
E01002972,4
E01002973,1
E01002974,4
E01002975,3
E01002978,1
E01002981,3
E01002982,4
E01002983,4
E01002984,1
E01002987,1
E01002988,3
E01002990,4
E01002991,3
E01002993,4
E01002994,4
E01002995,4
E01002996,4
E01002997,4
E01002998,3
E01002999,4
E01003000,3
E01003001,4
E01003002,4
E01003005,3
E01003006,4
E01003008,0
E01003009,0
E01003010,4
E01003011,0
E01003013,1
E01003014,1
E01003016,4
E01003018,1
E01003019,1
E01003020,1
E01003023,1
E01003024,1
E01003026,4
E01003030,4
E01003031,3
E01003032,1
E01003034,4
E01003035,4
E01003037,1
E01003039,4
E01003040,4
E01003041,1
E01003042,1
E01003043,3
E01003044,3
E01003046,3
E01003047,1
E01003048,3
E01003051,1
E01003052,3
E01003053,4
E01003054,1
E01003057,1
E01003060,1
E01003061,1
E01003062,4
E01003064,4
E01003067,4
E01003068,3
E01003069,1
E01003072,1
E01003074,1
E01003076,1
E01003077,1
E01003078,0
E01003079,4
E01003081,1
E01003082,4
E01003083,4
E01003084,4
E01003086,4
E01003087,1
E01003089,1
E01003090,1
E01003091,4
E01003096,1
E01003097,1
E01003099,1
E01003100,1
E01003101,1
E01003102,1
E01003104,1
E01003105,0
E01003106,1
E01003107,3
E01003108,1
E01003110,4
E01003112,3
E01003115,1
E01003117,1
E01003118,1
E01003119,4
E01003120,1
E01003121,1
E01003125,1
E01003126,1
E01003127,1
E01003128,1
E01003131,1
E01003134,3
E01003137,1
E01003139,1
E01003141,4
E01003144,1
E01003145,1
E01003146,1
E01003147,1
E01003150,1
E01003151,4
E01003152,4
E01003153,1
E01003154,4
E01003156,3
E01003159,1
E01003160,0
E01003162,1
E01003163,3
E01003164,1
E01003165,4
E01003166,1
E01003167,3
E01003169,1
E01003172,1
E01003175,3
E01003176,1
E01003177,1
E01003179,4
E01003180,1
E01003181,1
E01003183,1
E01003185,4
E01003186,1
E01003190,0
E01003191,0
E01003192,0
E01003193,0
E01003194,2
E01003195,0
E01003198,4
E01003199,1
E01003200,1
E01003202,1
E01003203,1
E01003207,1
E01003209,1
E01003210,1
E01003211,4
E01003212,4
E01003213,0
E01003214,1
E01003215,1
E01003217,4
E01003218,3
E01003219,3
E01003220,4
E01003221,1
E01003223,1
E01003224,4
E01003226,4
E01003227,4
E01003229,1
E01003231,4
E01003232,4
E01003233,0
E01003235,4
E01003236,4
E01003237,1
E01003238,0
E01003239,4
E01003240,1
E01003241,1
E01003243,1
E01003244,4
E01003245,0
E01003247,4
E01003248,1
E01003249,4
E01003251,1
E01003253,1
E01003254,0
E01003255,1
E01003256,1
E01003257,1
E01003258,4
E01003259,4
E01003260,0
E01003261,3
E01003263,4
E01003264,4
E01003265,1
E01003266,4
E01003268,0
E01003269,3
E01003270,2
E01003272,1
E01003273,0
E01003274,0
E01003276,0
E01003278,1
E01003279,0
E01003280,2
E01003281,3
E01003282,1
E01003284,3
E01003285,2
E01003286,1
E01003288,1
E01003290,2
E01003291,1
E01003292,0
E01003295,4
E01003298,2
E01003299,4
E01003301,4
E01003302,4
E01003303,1
E01003304,1
E01003305,1
E01003307,2
E01003308,1
E01003309,2
E01003310,2
E01003311,2
E01003313,2
E01003318,1
E01003319,4
E01003320,0
E01003321,1
E01003322,4
E01003325,1
E01003326,3
E01003327,2
E01003328,4
E01003330,1
E01003331,0
E01003332,3
E01003333,0
E01003334,1
E01003336,4
E01003337,1
E01003339,1
E01003340,1
E01003342,1
E01003344,0
E01003346,0
E01003347,3
E01003348,4
E01003350,3
E01003351,0
E01003352,0
E01003354,0
E01003355,1
E01003356,4
E01003358,1
E01003359,1
E01003360,1
E01003361,0
E01003363,0
E01003364,0
E01003366,0
E01003370,1
E01003374,1
E01003375,4
E01003376,3
E01003377,3
E01003378,3
E01003379,3
E01003380,0
E01003382,0
E01003383,1
E01003384,0
E01003386,3
E01003387,3
E01003388,0
E01003389,1
E01003390,1
E01003392,1
E01003393,1
E01003394,3
E01003399,4
E01003400,1
E01003401,4
E01003402,1
E01003404,4
E01003410,3
E01003411,3
E01003412,0
E01003413,1
E01003414,3
E01003415,1
E01003416,4
E01003417,4
E01003421,0
E01003422,0
E01003423,2
E01003426,4
E01003427,1
E01003428,0
E01003430,0
E01003431,2
E01003432,2
E01003433,1
E01003435,1
E01003436,2
E01003437,4
E01003438,4
E01003439,4
E01003440,4
E01003441,4
E01003444,3
E01003445,4
E01003446,1
E01003447,4
E01003448,0
E01003449,4
E01003451,4
E01003452,4
E01003454,3
E01003456,1
E01003458,3
E01003459,3
E01003460,1
E01003461,4
E01003462,3
E01003463,3
E01003464,4
E01003467,0
E01003469,4
E01003470,4
E01003471,0
E01003478,4
E01003480,1
E01003481,4
E01003483,4
E01003485,1
E01003486,1
E01003488,1
E01003491,0
E01003497,4
E01003498,1
E01003499,1
E01003500,2
E01003501,1
E01003502,1
E01003503,1
E01003506,4
E01003507,0
E01003509,0
E01003512,4
E01003513,3
E01003515,1
E01003516,1
E01003517,0
E01003518,4
E01003520,1
E01003521,1
E01003523,1
E01003525,1
E01003528,0
E01003529,1
E01003530,0
E01003531,1
E01003532,0
E01003533,4
E01003535,2
E01003537,4
E01003538,1
E01003539,0
E01003540,4
E01003541,0
E01003542,4
E01003543,2
E01003544,2
E01003545,3
E01003549,3
E01003550,2
E01003551,1
E01003553,1
E01003555,1
E01003556,1
E01003558,1
E01003559,1
E01003561,3
E01003562,3
E01003564,3
E01003565,4
E01003566,1
E01003567,2
E01003569,1
E01003570,2
E01003571,2
E01003572,3
E01003573,2
E01003574,1
E01003575,0
E01003576,1
E01003578,1
E01003583,0
E01003586,1
E01003587,1
E01003589,4
E01003590,4
E01003591,1
E01003593,4
E01003594,0
E01003595,0
E01003596,4
E01003598,3
E01003600,4
E01003601,1
E01003602,1
E01003603,0
E01003604,0
E01003605,1
E01003607,0
E01003611,1
E01003615,1
E01003616,1
E01003618,4
E01003619,1
E01003622,1
E01003623,0
E01003630,1
E01003635,1
E01003636,1
E01003639,3
E01003640,0
E01003641,0
E01003643,2
E01003645,2
E01003646,4
E01003647,1
E01003648,4
E01003650,4
E01003651,4
E01003653,1
E01003655,0
E01003656,3
E01003657,3
E01003659,3
E01003661,3
E01003662,1
E01003663,3
E01003665,3
E01003668,3
E01003670,4
E01003672,4
E01003673,4
E01003674,4
E01003675,1
E01003677,3
E01003680,3
E01003681,1
E01003684,2
E01003686,1
E01003689,1
E01003690,1
E01003692,1
E01003693,3
E01003694,3
E01003695,2
E01003696,1
E01003700,4
E01003701,1
E01003702,4
E01003704,4
E01003705,4
E01003706,2
E01003708,2
E01003709,4
E01003710,4
E01003711,1
E01003713,4
E01003714,4
E01003715,4
E01003716,3
E01003719,1
E01003720,1
E01003721,1
E01003722,0
E01003723,0
E01003724,3
E01003726,3
E01003729,1
E01003733,1
E01003734,1
E01003735,4
E01003738,1
E01003739,2
E01003740,4
E01003741,1
E01003743,4
E01003744,3
E01003746,4
E01003750,4
E01003751,3
E01003752,3
E01003754,3
E01003755,2
E01003756,3
E01003760,3
E01003761,3
E01003762,4
E01003763,4
E01003764,1
E01003765,4
E01003767,1
E01003769,1
E01003770,3
E01003771,3
E01003773,1
E01003774,4
E01003775,3
E01003776,4
E01003778,4
E01003779,4
E01003781,4
E01003782,3
E01003783,1
E01003788,4
E01003789,1
E01003791,4
E01003792,0
E01003793,0
E01003796,4
E01003798,4
E01003799,4
E01003800,0
E01003801,0
E01003804,4
E01003807,4
E01003808,4
E01003809,4
E01003810,0
E01003811,4
E01003812,1
E01003814,4
E01003815,4
E01003816,4
E01003817,1
E01003818,0
E01003820,0
E01003821,4
E01003822,4
E01003823,1
E01003824,4
E01003827,4
E01003828,4
E01003829,4
E01003830,4
E01003831,4
E01003833,4
E01003834,4
E01003836,4
E01003837,4
E01003838,4
E01003839,4
E01003840,4
E01003841,1
E01003842,0
E01003843,4
E01003844,0
E01003845,0
E01003847,4
E01003848,4
E01003852,4
E01003854,4
E01003855,4
E01003856,4
E01003857,1
E01003859,4
E01003860,4
E01003861,4
E01003862,4
E01003866,0
E01003867,4
E01003868,0
E01003869,3
E01003870,4
E01003871,0
E01003872,0
E01003874,4
E01003875,4
E01003876,1
E01003877,0
E01003878,0
E01003880,4
E01003881,4
E01003882,1
E01003885,4
E01003886,4
E01003887,4
E01003888,1
E01003890,4
E01003891,4
E01003893,1
E01003894,4
E01003895,4
E01003896,4
E01003897,4
E01003898,2
E01003899,4
E01003900,1
E01003903,4
E01003904,2
E01003905,4
E01003906,4
E01003909,3
E01003911,1
E01003912,1
E01003916,1
E01003919,1
E01003920,1
E01003921,1
E01003922,1
E01003924,1
E01003926,4
E01003929,1
E01003930,1
E01003932,1
E01003933,1
E01003934,1
E01003936,4
E01003938,0
E01003939,1
E01003941,1
E01003942,1
E01003945,4
E01003946,1
E01003947,3
E01003948,4
E01003949,1
E01003950,1
E01003951,4
E01003952,1
E01003953,1
E01003954,3
E01003955,4
E01003957,4
E01003958,1
E01003960,1
E01003961,1
E01003966,1
E01003969,1
E01003975,0
E01003976,4
E01003977,4
E01003979,1
E01003980,0
E01003981,1
E01003983,4
E01003984,1
E01003986,1
E01003987,3
E01003989,1
E01003990,4
E01003993,1
E01003994,1
E01003999,3
E01004000,3
E01004001,0
E01004002,3
E01004003,3
E01004004,1
E01004005,1
E01004008,1
E01004010,1
E01004012,4
E01004013,1
E01004014,1
E01004015,1
E01004016,1
E01004017,4
E01004018,4
E01004019,0
E01004020,4
E01004021,4
E01004023,1
E01004024,3
E01004028,1
E01004031,1
E01004033,4
E01004034,1
E01004035,4
E01004036,4
E01004037,1
E01004038,4
E01004040,0
E01004042,1
E01004044,0
E01004046,4
E01004047,1
E01004048,4
E01004049,4
E01004050,4
E01004051,1
E01004052,4
E01004053,4
E01004054,4
E01004055,4
E01004056,4
E01004057,4
E01004059,1
E01004060,1
E01004062,1
E01004063,1
E01004064,1
E01004067,1
E01004069,4
E01004070,4
E01004071,4
E01004072,4
E01004073,4
E01004074,1
E01004075,3
E01004076,0
E01004077,0
E01004080,3
E01004083,2
E01004084,3
E01004086,2
E01004087,2
E01004088,2
E01004090,0
E01004091,3
E01004094,0
E01004097,2
E01004098,2
E01004099,2
E01004100,0
E01004101,2
E01004103,2
E01004105,0
E01004107,2
E01004109,3
E01004110,4
E01004111,4
E01004118,1
E01004119,4
E01004120,4
E01004121,1
E01004123,1
E01004125,3
E01004127,3
E01004128,2
E01004129,1
E01004130,0
E01004131,4
E01004134,4
E01004135,0
E01004137,1
E01004138,2
E01004139,3
E01004140,4
E01004144,4
E01004146,1
E01004148,4
E01004152,4
E01004153,0
E01004156,1
E01004157,4
E01004158,4
E01004159,0
E01004160,0
E01004163,0
E01004164,2
E01004165,2
E01004166,3
E01004167,2
E01004169,0
E01004170,2
E01004171,2
E01004175,3
E01004176,2
E01004177,0
E01004178,2
E01004180,3
E01004181,3
E01004182,2
E01004183,0
E01004185,3
E01004186,3
E01004190,4
E01004191,4
E01004196,4
E01004198,4
E01004200,1
E01004201,0
E01004203,1
E01004204,1
E01004205,0
E01004207,1
E01004208,1
E01004209,1
E01004211,1
E01004212,1
E01004216,4
E01004217,1
E01004218,4
E01004219,1
E01004221,4
E01004223,4
E01004226,3
E01004228,1
E01004229,4
E01004230,1
E01004231,1
E01004232,1
E01004233,1
E01004234,1
E01004235,4
E01004236,3
E01004239,4
E01004241,3
E01004244,0
E01004245,1
E01004247,1
E01004249,0
E01004255,1
E01004257,1
E01004259,1
E01004266,0
E01004267,1
E01004270,1
E01004272,0
E01004274,4
E01004276,4
E01004277,1
E01004280,1
E01004281,0
E01004287,1
E01004288,3
E01004289,4
E01004290,1
E01004291,0
E01004293,1
E01004295,0
E01004296,4
E01004301,0
E01004303,4
E01004305,4
E01004307,3
E01004309,1
E01004310,1
E01004313,1
E01004319,0
E01004321,1
E01004322,2
E01004326,1
E01004328,4
E01004329,0
E01004330,2
E01004331,2
E01004332,4
E01004335,1
E01004336,1
E01004337,4
E01004340,3
E01004341,1
E01004342,4
E01004343,0
E01004344,1
E01004345,0
E01004347,4
E01004348,1
E01004349,3
E01004350,3
E01004352,1
E01004353,0
E01004354,4
E01004356,4
E01004357,3
E01004358,4
E01004359,0
E01004361,4
E01004362,4
E01004363,4
E01004364,1
E01004365,1
E01004366,0
E01004369,4
E01004370,4
E01004371,0
E01004374,0
E01004376,0
E01004377,4
E01004378,4
E01004379,0
E01004381,0
E01004383,3
E01004384,0
E01004385,3
E01004386,3
E01004389,0
E01004390,0
E01004391,1
E01004392,0
E01004393,4
E01004394,4
E01004396,4
E01004397,1
E01004398,4
E01004399,2
E01004400,4
E01004401,1
E01004403,1
E01004404,0
E01004405,4
E01004406,1
E01004407,1
E01004408,1
E01004409,1
E01004410,0
E01004411,4
E01004413,2
E01004414,2
E01004415,2
E01004417,1
E01004418,1
E01004419,1
E01004420,1
E01004421,4
E01004422,4
E01004423,4
E01004424,1
E01004426,4
E01004427,1
E01004428,1
E01004429,1
E01004430,1
E01004432,1
E01004434,4
E01004435,4
E01004437,0
E01004438,1
E01004440,1
E01004444,1
E01004448,4
E01004451,4
E01004452,1
E01004453,2
E01004454,1
E01004455,4
E01004457,4
E01004458,1
E01004460,1
E01004462,1
E01004464,0
E01004466,3
E01004467,4
E01004468,4
E01004469,4
E01004470,4
E01004474,1
E01004476,1
E01004477,3
E01004479,3
E01004481,1
E01004482,0
E01004483,0
E01004486,3
E01004491,3
E01004492,4
E01004493,4
E01004494,4
E01004495,4
E01004496,4
E01004497,3
E01004498,4
E01004499,4
E01004500,1
E01004502,4
E01004503,0
E01004506,1
E01004507,4
E01004508,1
E01004510,1
E01004513,1
E01004514,1
E01004517,1
E01004519,1
E01004522,1
E01004523,0
E01004525,1
E01004526,4
E01004528,1
E01004529,4
E01004536,1
E01004537,4
E01004538,1
E01004540,1
E01004541,1
E01004543,0
E01004545,1
E01004547,0
E01004548,1
E01004549,3
E01004551,1
E01004552,1
E01004553,0
E01004554,4
E01004557,0
E01004558,0
E01004559,0
E01004560,4
E01004563,1
E01004564,1
E01004568,1
E01004569,1
E01004570,4
E01004571,1
E01004572,1
E01004573,1
E01004574,1
E01004575,4
E01004579,1
E01004582,1
E01004583,4
E01004585,4
E01004586,4
E01004588,4
E01004590,1
E01004591,1
E01004593,4
E01004594,0
E01004595,4
E01004597,4
E01004601,1
E01004602,4
E01004605,4
E01004606,4
E01004607,4
E01004608,1
E01004609,1
E01004612,4
E01004613,1
E01004614,1
E01004615,4
E01004616,1
E01004617,1
E01004619,0
E01004621,0
E01004622,3
E01004623,0
E01004625,3
E01004626,3
E01004628,0
E01004629,0
E01004630,0
E01004631,4
E01004632,0
E01004635,0
E01004637,0
E01004639,4
E01004640,4
E01004641,0
E01004642,4
E01004643,1
E01004644,0
E01004646,4
E01004647,4
E01004648,1
E01004649,4
E01004651,4
E01004652,1
E01004653,1
E01004654,4
E01004656,1
E01004657,1
E01004658,1
E01004660,1
E01004661,1
E01004662,1
E01004668,4
E01004675,1
E01004676,4
E01004678,4
E01004679,1
E01004680,1
E01004681,1
E01004682,1
E01004683,4
E01004684,1
E01004686,1
E01004691,1
E01004693,4
E01004694,4
E01004695,1
E01004698,4
E01004699,1
E01004702,1
E01004703,4
E01004705,4
E01004708,4
E01004710,4
E01004711,4
E01004712,4
E01004713,4
E01004714,1
E01004715,1
E01004716,1
E01004720,4
E01004721,1
E01004723,4
E01004725,4
E01004726,1
E01004727,1
E01004728,1
E01004730,3
E01004731,1
E01004733,1
E01004734,1
E01004735,1
E01004736,1
E01004737,0
E01004741,1
E01004742,4
E01004743,4
E01004744,1
E01004747,4
E01004749,4
E01004750,1
E01004751,0
E01004753,4
E01004755,1
E01004757,4
E01004760,4
E01004761,1
E01004763,1
E01004765,1
E01032512,1
E01032513,4
E01032563,4
E01032564,4
E01032565,3
E01032566,2
E01032567,2
E01032568,3
E01032569,3
E01032570,3
E01032572,4
E01032573,1
E01032574,3
E01032577,3
E01032579,1
E01032580,1
E01032581,4
E01032582,1
E01032583,1
E01032623,3
E01032639,1
E01032640,0
E01032719,1
E01032739,1
E01032740,1
E01032741,1
E01032742,4
E01032743,3
E01032744,1
E01032764,1
E01032765,0
E01032767,4
E01032769,1
E01032771,1
E01032777,4
E01032780,4
E01032781,1
E01032783,1
E01032786,1
E01032788,3
E01032789,3
E01033081,4
E01033082,1
E01033083,4
E01033084,1
E01033098,1
E01033099,4
E01033100,1
E01033132,3
E01033133,4
E01033146,3
E01033148,4
E01033150,4
E01033151,3
E01033320,4
E01033322,4
E01033324,4
E01033327,1
E01033341,0
E01033455,4
E01033456,1
E01033463,0
E01033486,4
E01033488,1
E01033489,3
E01033490,1
E01033491,1
E01033569,4
E01033570,0
E01033571,4
E01033579,4
E01033581,4
E01033582,4
E01033584,4
E01033587,4
E01033589,1
E01033591,1
E01033593,1
E01033594,1
E01033598,1
E01033601,1
E01033604,1
E01033699,1
E01033700,1
E01033702,3
E01033703,4
E01033704,1
E01033705,1
E01033706,1
E01033708,1
E01033709,4
E01033711,4
E01033712,2
E01033713,1
E01033727,1
E01033729,3
E01033732,1
E01033735,1
E01033737,1
E01033738,1
E01033740,3
E01033741,1
E01033742,3
E01033743,1
E01033744,3
E01033745,3
E01033746,4
E01033784,3
E01033785,3
E01033786,0
E01033788,1
E01033790,4
E01033791,2
E01033862,0
E01033865,1
E01033866,1
E01033867,4
E01033868,4
E01033869,4
E01033872,4
E01033873,1
E01033874,4
E01033875,4
E01033876,4
E01033879,1
E01033880,1
E01033883,1
E01033884,1
E01033885,1
E01033911,0
E01033916,4
E01033918,0
E01033922,4
E01033924,4
E01033925,1
E01033926,3
E01033927,1
E01033929,1
E01033930,3
E01033931,1
E01033934,2
E01033936,1
E01033937,1
E01033938,2
E01033939,0
E01033940,4
E01033941,1
E01033942,0
E01033944,1
E01034026,1
E01034027,1
E01034028,0
E01034029,4
E01034030,1
E01034032,2
E01034033,2
E01034034,1
E01034036,1
E01034037,1
E01034038,4
E01034039,4
E01034040,1
E01034042,1
E01034044,1
E01034045,3
E01034046,1
E01034140,1
E01034142,3
E01034143,1
E01034145,4
E01034146,3
E01034148,1
E01034149,1
E01034150,1
E01034152,1
E01034153,3
E01034155,1
E01034156,1
E01034173,1
E01034174,2
E01034175,3
E01034179,4
E01034180,1
E01034182,4
E01034185,1
E01034187,1
E01034188,1
E01034190,1
E01034192,1
E01034198,1
E01034199,1
E01034200,1
E01034202,1
E01034203,1
E01034204,4
E01034205,4
E01034206,1
E01034208,4
E01034209,1
E01034211,4
E01034212,4
E01034215,4
E01034218,4
E01034219,1
E01034220,1
E01034221,1
E01034222,4
E01034223,1
E01034224,1
E01034225,4
E01034227,0
E01034229,3
E01034230,0
E01034383,1
E01034384,4
E01034385,1
E01034386,1
E01034388,4
E01034391,0
E01034392,4
E01034394,1
E01034395,1
E01034470,4
E01034471,1
E01034473,1
E01034474,1
E01034475,1
E01034476,4
E01034477,1
E01034478,4
E01034479,3
E01034481,3
E01034482,1
E01034483,3
E01034484,1
E01034485,1
E01034578,1
E01034579,4
E01034580,1
E01034581,0
E01034589,0
E01034591,3
E01034593,3
E01034594,3
E01034595,4
E01034597,0
E01034598,4
E01034601,3
E01034602,1
E01034605,1
E01034607,1
E01034608,1
E01034609,1
E01034610,4
E01034612,4
E01034613,4
E01034615,4
E01034616,1
E01034617,1
E01035484,1
E01035485,1
E01035486,3
E01035487,3
E01035488,1
E01035489,4
E01035490,1
E01035493,1
E01035495,1
E01035496,1
E01035498,3
E01035638,1
E01035640,2
E01035641,2
E01035642,1
E01035643,4
E01035645,1
E01035649,1
E01035651,4
E01035652,1
E01035655,1
E01035657,0
E01035658,0
E01035659,1
E01035660,1
E01035663,0
E01035665,0
E01035667,2
E01035669,1
E01035670,1
E01035671,4
E01035672,2
E01035676,1
E01035678,4
E01035679,4
E01035681,0
E01035685,0
E01035687,1
E01035690,1
E01035694,1
E01035695,1
E01035696,4
E01035702,4
E01035703,0
E01035705,1
E01035706,0
E01035707,1
E01035708,1
E01035709,4
E01035710,1
E01035711,1
E01035712,4
E01035713,1
E01035715,4
E01035716,1
E01035717,4
E01035718,1
E01035720,4
E01035721,4
