,0,1,2,3,4,5,6,7,8,9,10,11,12,13,14,15,16,17,18,19,20,21,22,23,24,25,26,27,28,29,30,31,32,33,34,35
balance_01,0.7071067811865475,-0.7071067811865475,0.0,0.0,0.0,0.0,0.0,0.0,0.0,0.0,0.0,0.0,0.0,0.0,0.0,0.0,0.0,0.0,0.0,0.0,0.0,0.0,0.0,0.0,0.0,0.0,0.0,0.0,0.0,0.0,0.0,0.0,0.0,0.0,0.0,0.0
balance_02,0.4082482904638631,0.4082482904638631,-0.8164965809277261,0.0,0.0,0.0,0.0,0.0,0.0,0.0,0.0,0.0,0.0,0.0,0.0,0.0,0.0,0.0,0.0,0.0,0.0,0.0,0.0,0.0,0.0,0.0,0.0,0.0,0.0,0.0,0.0,0.0,0.0,0.0,0.0,0.0
balance_03,0.2886751345948129,0.2886751345948129,0.2886751345948129,-0.8660254037844387,0.0,0.0,0.0,0.0,0.0,0.0,0.0,0.0,0.0,0.0,0.0,0.0,0.0,0.0,0.0,0.0,0.0,0.0,0.0,0.0,0.0,0.0,0.0,0.0,0.0,0.0,0.0,0.0,0.0,0.0,0.0,0.0
balance_04,0.22360679774997896,0.22360679774997896,0.22360679774997896,0.22360679774997896,-0.8944271909999159,0.0,0.0,0.0,0.0,0.0,0.0,0.0,0.0,0.0,0.0,0.0,0.0,0.0,0.0,0.0,0.0,0.0,0.0,0.0,0.0,0.0,0.0,0.0,0.0,0.0,0.0,0.0,0.0,0.0,0.0,0.0
balance_05,0.18257418583505536,0.18257418583505536,0.18257418583505536,0.18257418583505536,0.18257418583505536,-0.9128709291752769,0.0,0.0,0.0,0.0,0.0,0.0,0.0,0.0,0.0,0.0,0.0,0.0,0.0,0.0,0.0,0.0,0.0,0.0,0.0,0.0,0.0,0.0,0.0,0.0,0.0,0.0,0.0,0.0,0.0,0.0
balance_06,0.1543033499620919,0.1543033499620919,0.1543033499620919,0.1543033499620919,0.1543033499620919,0.1543033499620919,-0.9258200997725514,0.0,0.0,0.0,0.0,0.0,0.0,0.0,0.0,0.0,0.0,0.0,0.0,0.0,0.0,0.0,0.0,0.0,0.0,0.0,0.0,0.0,0.0,0.0,0.0,0.0,0.0,0.0,0.0,0.0
balance_07,0.1336306209562122,0.1336306209562122,0.1336306209562122,0.1336306209562122,0.1336306209562122,0.1336306209562122,0.1336306209562122,-0.9354143466934853,0.0,0.0,0.0,0.0,0.0,0.0,0.0,0.0,0.0,0.0,0.0,0.0,0.0,0.0,0.0,0.0,0.0,0.0,0.0,0.0,0.0,0.0,0.0,0.0,0.0,0.0,0.0,0.0
balance_08,0.11785113019775793,0.11785113019775793,0.11785113019775793,0.11785113019775793,0.11785113019775793,0.11785113019775793,0.11785113019775793,0.11785113019775793,-0.9428090415820635,0.0,0.0,0.0,0.0,0.0,0.0,0.0,0.0,0.0,0.0,0.0,0.0,0.0,0.0,0.0,0.0,0.0,0.0,0.0,0.0,0.0,0.0,0.0,0.0,0.0,0.0,0.0
balance_09,0.10540925533894598,0.10540925533894598,0.10540925533894598,0.10540925533894598,0.10540925533894598,0.10540925533894598,0.10540925533894598,0.10540925533894598,0.10540925533894598,-0.9486832980505138,0.0,0.0,0.0,0.0,0.0,0.0,0.0,0.0,0.0,0.0,0.0,0.0,0.0,0.0,0.0,0.0,0.0,0.0,0.0,0.0,0.0,0.0,0.0,0.0,0.0,0.0
balance_10,0.09534625892455924,0.09534625892455924,0.09534625892455924,0.09534625892455924,0.09534625892455924,0.09534625892455924,0.09534625892455924,0.09534625892455924,0.09534625892455924,0.09534625892455924,-0.9534625892455924,0.0,0.0,0.0,0.0,0.0,0.0,0.0,0.0,0.0,0.0,0.0,0.0,0.0,0.0,0.0,0.0,0.0,0.0,0.0,0.0,0.0,0.0,0.0,0.0,0.0
balance_11,0.08703882797784893,0.08703882797784893,0.08703882797784893,0.08703882797784893,0.08703882797784893,0.08703882797784893,0.08703882797784893,0.08703882797784893,0.08703882797784893,0.08703882797784893,0.08703882797784893,-0.9574271077563381,0.0,0.0,0.0,0.0,0.0,0.0,0.0,0.0,0.0,0.0,0.0,0.0,0.0,0.0,0.0,0.0,0.0,0.0,0.0,0.0,0.0,0.0,0.0,0.0
balance_12,0.08006407690254357,0.08006407690254357,0.08006407690254357,0.08006407690254357,0.08006407690254357,0.08006407690254357,0.08006407690254357,0.08006407690254357,0.08006407690254357,0.08006407690254357,0.08006407690254357,0.08006407690254357,-0.9607689228305227,0.0,0.0,0.0,0.0,0.0,0.0,0.0,0.0,0.0,0.0,0.0,0.0,0.0,0.0,0.0,0.0,0.0,0.0,0.0,0.0,0.0,0.0,0.0
balance_13,0.07412493166611012,0.07412493166611012,0.07412493166611012,0.07412493166611012,0.07412493166611012,0.07412493166611012,0.07412493166611012,0.07412493166611012,0.07412493166611012,0.07412493166611012,0.07412493166611012,0.07412493166611012,0.07412493166611012,-0.9636241116594315,0.0,0.0,0.0,0.0,0.0,0.0,0.0,0.0,0.0,0.0,0.0,0.0,0.0,0.0,0.0,0.0,0.0,0.0,0.0,0.0,0.0,0.0
balance_14,0.06900655593423542,0.06900655593423542,0.06900655593423542,0.06900655593423542,0.06900655593423542,0.06900655593423542,0.06900655593423542,0.06900655593423542,0.06900655593423542,0.06900655593423542,0.06900655593423542,0.06900655593423542,0.06900655593423542,0.06900655593423542,-0.9660917830792959,0.0,0.0,0.0,0.0,0.0,0.0,0.0,0.0,0.0,0.0,0.0,0.0,0.0,0.0,0.0,0.0,0.0,0.0,0.0,0.0,0.0
balance_15,0.06454972243679027,0.06454972243679027,0.06454972243679027,0.06454972243679027,0.06454972243679027,0.06454972243679027,0.06454972243679027,0.06454972243679027,0.06454972243679027,0.06454972243679027,0.06454972243679027,0.06454972243679027,0.06454972243679027,0.06454972243679027,0.06454972243679027,-0.9682458365518541,0.0,0.0,0.0,0.0,0.0,0.0,0.0,0.0,0.0,0.0,0.0,0.0,0.0,0.0,0.0,0.0,0.0,0.0,0.0,0.0
balance_16,0.06063390625908324,0.06063390625908324,0.06063390625908324,0.06063390625908324,0.06063390625908324,0.06063390625908324,0.06063390625908324,0.06063390625908324,0.06063390625908324,0.06063390625908324,0.06063390625908324,0.06063390625908324,0.06063390625908324,0.06063390625908324,0.06063390625908324,0.06063390625908324,-0.9701425001453319,0.0,0.0,0.0,0.0,0.0,0.0,0.0,0.0,0.0,0.0,0.0,0.0,0.0,0.0,0.0,0.0,0.0,0.0,0.0
balance_17,0.05716619504750295,0.05716619504750295,0.05716619504750295,0.05716619504750295,0.05716619504750295,0.05716619504750295,0.05716619504750295,0.05716619504750295,0.05716619504750295,0.05716619504750295,0.05716619504750295,0.05716619504750295,0.05716619504750295,0.05716619504750295,0.05716619504750295,0.05716619504750295,0.05716619504750295,-0.9718253158075502,0.0,0.0,0.0,0.0,0.0,0.0,0.0,0.0,0.0,0.0,0.0,0.0,0.0,0.0,0.0,0.0,0.0,0.0
balance_18,0.05407380704358752,0.05407380704358752,0.05407380704358752,0.05407380704358752,0.05407380704358752,0.05407380704358752,0.05407380704358752,0.05407380704358752,0.05407380704358752,0.05407380704358752,0.05407380704358752,0.05407380704358752,0.05407380704358752,0.05407380704358752,0.05407380704358752,0.05407380704358752,0.05407380704358752,0.05407380704358752,-0.9733285267845753,0.0,0.0,0.0,0.0,0.0,0.0,0.0,0.0,0.0,0.0,0.0,0.0,0.0,0.0,0.0,0.0,0.0
balance_19,0.051298917604257706,0.051298917604257706,0.051298917604257706,0.051298917604257706,0.051298917604257706,0.051298917604257706,0.051298917604257706,0.051298917604257706,0.051298917604257706,0.051298917604257706,0.051298917604257706,0.051298917604257706,0.051298917604257706,0.051298917604257706,0.051298917604257706,0.051298917604257706,0.051298917604257706,0.051298917604257706,0.051298917604257706,-0.9746794344808964,0.0,0.0,0.0,0.0,0.0,0.0,0.0,0.0,0.0,0.0,0.0,0.0,0.0,0.0,0.0,0.0
balance_20,0.048795003647426664,0.048795003647426664,0.048795003647426664,0.048795003647426664,0.048795003647426664,0.048795003647426664,0.048795003647426664,0.048795003647426664,0.048795003647426664,0.048795003647426664,0.048795003647426664,0.048795003647426664,0.048795003647426664,0.048795003647426664,0.048795003647426664,0.048795003647426664,0.048795003647426664,0.048795003647426664,0.048795003647426664,0.048795003647426664,-0.9759000729485332,0.0,0.0,0.0,0.0,0.0,0.0,0.0,0.0,0.0,0.0,0.0,0.0,0.0,0.0,0.0
balance_21,0.046524210519923545,0.046524210519923545,0.046524210519923545,0.046524210519923545,0.046524210519923545,0.046524210519923545,0.046524210519923545,0.046524210519923545,0.046524210519923545,0.046524210519923545,0.046524210519923545,0.046524210519923545,0.046524210519923545,0.046524210519923545,0.046524210519923545,0.046524210519923545,0.046524210519923545,0.046524210519923545,0.046524210519923545,0.046524210519923545,0.046524210519923545,-0.9770084209183943,0.0,0.0,0.0,0.0,0.0,0.0,0.0,0.0,0.0,0.0,0.0,0.0,0.0,0.0
balance_22,0.044455422447438706,0.044455422447438706,0.044455422447438706,0.044455422447438706,0.044455422447438706,0.044455422447438706,0.044455422447438706,0.044455422447438706,0.044455422447438706,0.044455422447438706,0.044455422447438706,0.044455422447438706,0.044455422447438706,0.044455422447438706,0.044455422447438706,0.044455422447438706,0.044455422447438706,0.044455422447438706,0.044455422447438706,0.044455422447438706,0.044455422447438706,0.044455422447438706,-0.9780192938436515,0.0,0.0,0.0,0.0,0.0,0.0,0.0,0.0,0.0,0.0,0.0,0.0,0.0
balance_23,0.04256282653793743,0.04256282653793743,0.04256282653793743,0.04256282653793743,0.04256282653793743,0.04256282653793743,0.04256282653793743,0.04256282653793743,0.04256282653793743,0.04256282653793743,0.04256282653793743,0.04256282653793743,0.04256282653793743,0.04256282653793743,0.04256282653793743,0.04256282653793743,0.04256282653793743,0.04256282653793743,0.04256282653793743,0.04256282653793743,0.04256282653793743,0.04256282653793743,0.04256282653793743,-0.9789450103725609,0.0,0.0,0.0,0.0,0.0,0.0,0.0,0.0,0.0,0.0,0.0,0.0
balance_24,0.040824829046386304,0.040824829046386304,0.040824829046386304,0.040824829046386304,0.040824829046386304,0.040824829046386304,0.040824829046386304,0.040824829046386304,0.040824829046386304,0.040824829046386304,0.040824829046386304,0.040824829046386304,0.040824829046386304,0.040824829046386304,0.040824829046386304,0.040824829046386304,0.040824829046386304,0.040824829046386304,0.040824829046386304,0.040824829046386304,0.040824829046386304,0.040824829046386304,0.040824829046386304,0.040824829046386304,-0.9797958971132713,0.0,0.0,0.0,0.0,0.0,0.0,0.0,0.0,0.0,0.0,0.0
balance_25,0.03922322702763681,0.03922322702763681,0.03922322702763681,0.03922322702763681,0.03922322702763681,0.03922322702763681,0.03922322702763681,0.03922322702763681,0.03922322702763681,0.03922322702763681,0.03922322702763681,0.03922322702763681,0.03922322702763681,0.03922322702763681,0.03922322702763681,0.03922322702763681,0.03922322702763681,0.03922322702763681,0.03922322702763681,0.03922322702763681,0.03922322702763681,0.03922322702763681,0.03922322702763681,0.03922322702763681,0.03922322702763681,-0.9805806756909201,0.0,0.0,0.0,0.0,0.0,0.0,0.0,0.0,0.0,0.0
balance_26,0.03774256780481986,0.03774256780481986,0.03774256780481986,0.03774256780481986,0.03774256780481986,0.03774256780481986,0.03774256780481986,0.03774256780481986,0.03774256780481986,0.03774256780481986,0.03774256780481986,0.03774256780481986,0.03774256780481986,0.03774256780481986,0.03774256780481986,0.03774256780481986,0.03774256780481986,0.03774256780481986,0.03774256780481986,0.03774256780481986,0.03774256780481986,0.03774256780481986,0.03774256780481986,0.03774256780481986,0.03774256780481986,0.03774256780481986,-0.9813067629253164,0.0,0.0,0.0,0.0,0.0,0.0,0.0,0.0,0.0
balance_27,0.036369648372665396,0.036369648372665396,0.036369648372665396,0.036369648372665396,0.036369648372665396,0.036369648372665396,0.036369648372665396,0.036369648372665396,0.036369648372665396,0.036369648372665396,0.036369648372665396,0.036369648372665396,0.036369648372665396,0.036369648372665396,0.036369648372665396,0.036369648372665396,0.036369648372665396,0.036369648372665396,0.036369648372665396,0.036369648372665396,0.036369648372665396,0.036369648372665396,0.036369648372665396,0.036369648372665396,0.036369648372665396,0.036369648372665396,0.036369648372665396,-0.9819805060619657,0.0,0.0,0.0,0.0,0.0,0.0,0.0,0.0
balance_28,0.03509312031717982,0.03509312031717982,0.03509312031717982,0.03509312031717982,0.03509312031717982,0.03509312031717982,0.03509312031717982,0.03509312031717982,0.03509312031717982,0.03509312031717982,0.03509312031717982,0.03509312031717982,0.03509312031717982,0.03509312031717982,0.03509312031717982,0.03509312031717982,0.03509312031717982,0.03509312031717982,0.03509312031717982,0.03509312031717982,0.03509312031717982,0.03509312031717982,0.03509312031717982,0.03509312031717982,0.03509312031717982,0.03509312031717982,0.03509312031717982,0.03509312031717982,-0.9826073688810351,0.0,0.0,0.0,0.0,0.0,0.0,0.0
balance_29,0.033903175181040524,0.033903175181040524,0.033903175181040524,0.033903175181040524,0.033903175181040524,0.033903175181040524,0.033903175181040524,0.033903175181040524,0.033903175181040524,0.033903175181040524,0.033903175181040524,0.033903175181040524,0.033903175181040524,0.033903175181040524,0.033903175181040524,0.033903175181040524,0.033903175181040524,0.033903175181040524,0.033903175181040524,0.033903175181040524,0.033903175181040524,0.033903175181040524,0.033903175181040524,0.033903175181040524,0.033903175181040524,0.033903175181040524,0.033903175181040524,0.033903175181040524,0.033903175181040524,-0.9831920802501751,0.0,0.0,0.0,0.0,0.0,0.0
balance_30,0.032791291789197645,0.032791291789197645,0.032791291789197645,0.032791291789197645,0.032791291789197645,0.032791291789197645,0.032791291789197645,0.032791291789197645,0.032791291789197645,0.032791291789197645,0.032791291789197645,0.032791291789197645,0.032791291789197645,0.032791291789197645,0.032791291789197645,0.032791291789197645,0.032791291789197645,0.032791291789197645,0.032791291789197645,0.032791291789197645,0.032791291789197645,0.032791291789197645,0.032791291789197645,0.032791291789197645,0.032791291789197645,0.032791291789197645,0.032791291789197645,0.032791291789197645,0.032791291789197645,0.032791291789197645,-0.9837387536759294,0.0,0.0,0.0,0.0,0.0
balance_31,0.031750031750047626,0.031750031750047626,0.031750031750047626,0.031750031750047626,0.031750031750047626,0.031750031750047626,0.031750031750047626,0.031750031750047626,0.031750031750047626,0.031750031750047626,0.031750031750047626,0.031750031750047626,0.031750031750047626,0.031750031750047626,0.031750031750047626,0.031750031750047626,0.031750031750047626,0.031750031750047626,0.031750031750047626,0.031750031750047626,0.031750031750047626,0.031750031750047626,0.031750031750047626,0.031750031750047626,0.031750031750047626,0.031750031750047626,0.031750031750047626,0.031750031750047626,0.031750031750047626,0.031750031750047626,0.031750031750047626,-0.9842509842514764,0.0,0.0,0.0,0.0
balance_32,0.03077287274483318,0.03077287274483318,0.03077287274483318,0.03077287274483318,0.03077287274483318,0.03077287274483318,0.03077287274483318,0.03077287274483318,0.03077287274483318,0.03077287274483318,0.03077287274483318,0.03077287274483318,0.03077287274483318,0.03077287274483318,0.03077287274483318,0.03077287274483318,0.03077287274483318,0.03077287274483318,0.03077287274483318,0.03077287274483318,0.03077287274483318,0.03077287274483318,0.03077287274483318,0.03077287274483318,0.03077287274483318,0.03077287274483318,0.03077287274483318,0.03077287274483318,0.03077287274483318,0.03077287274483318,0.03077287274483318,0.03077287274483318,-0.9847319278346618,0.0,0.0,0.0
balance_33,0.029854071701326607,0.029854071701326607,0.029854071701326607,0.029854071701326607,0.029854071701326607,0.029854071701326607,0.029854071701326607,0.029854071701326607,0.029854071701326607,0.029854071701326607,0.029854071701326607,0.029854071701326607,0.029854071701326607,0.029854071701326607,0.029854071701326607,0.029854071701326607,0.029854071701326607,0.029854071701326607,0.029854071701326607,0.029854071701326607,0.029854071701326607,0.029854071701326607,0.029854071701326607,0.029854071701326607,0.029854071701326607,0.029854071701326607,0.029854071701326607,0.029854071701326607,0.029854071701326607,0.029854071701326607,0.029854071701326607,0.029854071701326607,0.029854071701326607,-0.985184366143778,0.0,0.0
balance_34,0.028988551782622423,0.028988551782622423,0.028988551782622423,0.028988551782622423,0.028988551782622423,0.028988551782622423,0.028988551782622423,0.028988551782622423,0.028988551782622423,0.028988551782622423,0.028988551782622423,0.028988551782622423,0.028988551782622423,0.028988551782622423,0.028988551782622423,0.028988551782622423,0.028988551782622423,0.028988551782622423,0.028988551782622423,0.028988551782622423,0.028988551782622423,0.028988551782622423,0.028988551782622423,0.028988551782622423,0.028988551782622423,0.028988551782622423,0.028988551782622423,0.028988551782622423,0.028988551782622423,0.028988551782622423,0.028988551782622423,0.028988551782622423,0.028988551782622423,0.028988551782622423,-0.9856107606091623,0.0
balance_35,0.02817180849095055,0.02817180849095055,0.02817180849095055,0.02817180849095055,0.02817180849095055,0.02817180849095055,0.02817180849095055,0.02817180849095055,0.02817180849095055,0.02817180849095055,0.02817180849095055,0.02817180849095055,0.02817180849095055,0.02817180849095055,0.02817180849095055,0.02817180849095055,0.02817180849095055,0.02817180849095055,0.02817180849095055,0.02817180849095055,0.02817180849095055,0.02817180849095055,0.02817180849095055,0.02817180849095055,0.02817180849095055,0.02817180849095055,0.02817180849095055,0.02817180849095055,0.02817180849095055,0.02817180849095055,0.02817180849095055,0.02817180849095055,0.02817180849095055,0.02817180849095055,0.02817180849095055,-0.9860132971832692
