unit,raw_k5,ilr_k5,raw_k6,ilr_k6,Station,Fare Zone,lon,lat,best_matched_ilr_for_raw_k5,follows_k5_best_match
500,0,0,2,2,Acton Town,3,-0.2800217640856027,51.50264555083834,4,False
501,3,3,3,1,Barbican,1,-0.0987999629121527,51.520208600153815,3,True
502,3,3,3,1,Aldgate,1,-0.0758489668880275,51.51449244157986,3,True
503,2,3,0,1,Aldgate East,1,-0.07115364166807,51.51542691621208,0,False
505,4,1,2,4,Alperton,4,-0.299949349972513,51.540730963558445,1,True
506,4,1,1,5,Amersham,9,-0.6077052134228341,51.674145407023566,1,True
507,1,3,4,1,Angel,1,-0.1047264384023203,51.53148758749647,2,False
508,0,0,2,2,Archway,2/3,-0.1350520245238837,51.56453819250787,4,False
509,0,4,2,2,Arnos Grove,4,-0.1330451742909319,51.61645247794506,4,True
510,0,4,2,0,Arsenal,2,-0.1072853032769284,51.55861585603557,4,True
511,3,2,0,3,Baker Street,1,-0.1570581597729946,51.5230020037108,3,False
512,0,0,2,2,Balham LU,3,-0.1526912294756308,51.44362737290878,4,False
513,3,2,3,3,Bank and Monument,1,-0.088908087271181,51.513425435909184,3,False
514,0,1,2,4,Barking,4,0.080182080144555,51.539885097485445,4,False
515,4,4,1,0,Barkingside,4,0.0886252042343672,51.58570377518845,1,False
516,0,0,2,2,Barons Court,2,-0.2146840501234848,51.49029837209941,4,False
517,2,3,0,1,Bayswater,1,-0.1879225224209527,51.51232394663448,0,False
518,4,1,1,4,Becontree,5,0.1273417848283317,51.54034470776378,1,True
519,0,0,2,2,Belsize Park,2,-0.1646209868164118,51.55032570077621,4,False
520,2,0,5,2,Bethnal Green LU,2,-0.0546903019258305,51.527237667207054,0,True
521,3,3,3,1,Blackfriars LU,1,-0.103629638137254,51.51162476747557,3,True
522,0,0,2,2,Blackhorse Road,3,-0.041793873795219,51.586840594392974,4,False
524,3,2,4,3,Bond Street,1,-0.1496811425789451,51.51437958002913,3,False
525,2,3,0,1,Borough,1,-0.0933129512735988,51.5011913652754,0,False
526,0,4,2,2,Boston Manor,4,-0.3255952087308763,51.495219674970095,4,True
527,0,4,2,2,Bounds Green,3/4,-0.124341977871115,51.60706378685743,4,True
528,2,3,0,4,Bow Road,2,-0.0252032121690731,51.526902665586434,0,False
529,0,4,2,0,Brent Cross,3,-0.2137847584215133,51.57666898367216,4,True
530,0,3,2,4,Bromley-by-Bow,2/3,-0.0114614594625467,51.52476012571751,4,False
531,4,4,1,0,Buckhurst Hill,5,0.0468240751565627,51.625982897027,1,False
532,4,4,1,0,Burnt Oak,4,-0.263993694832954,51.602834176714175,1,False
534,0,0,2,2,Caledonian Road,2,-0.1184734764123798,51.54852353192346,4,False
535,1,2,5,3,Camden Town,2,-0.1426229702612466,51.53923059833878,2,True
536,3,1,3,5,Cannon Street LU,1,-0.0904119205678546,51.511473069259,3,False
537,0,4,2,0,Canons Park,5,-0.2946941062058866,51.60770907048488,4,True
539,4,1,1,5,Chalfont & Latimer,8,-0.5607234520464773,51.66803142622906,1,True
540,1,2,5,3,Chalk Farm,2,-0.1526421476691667,51.54385835909765,2,True
541,3,2,3,3,Chancery Lane,1,-0.1115693026029435,51.51824890350831,3,False
542,1,2,4,3,Embankment,1,-0.1221695343079573,51.50745185655674,2,True
543,4,1,1,5,Chesham,9,-0.6109804023947352,51.70522161796168,1,True
544,4,1,1,5,Chigwell,4,0.0755949749891976,51.61765286220907,1,True
545,0,1,2,4,Chiswick Park,3,-0.2685715255005448,51.49466748590177,4,False
546,4,1,1,5,Chorleywood,7,-0.5185530310182181,51.65429398451199,1,True
547,2,0,5,3,Clapham Common,2,-0.1371925356673191,51.46221051259463,0,True
548,2,0,5,2,Clapham North,2,-0.1293589507032176,51.46572960060881,0,True
549,0,0,2,2,Clapham South,2/3,-0.1472124126324337,51.45323695245536,4,False
550,0,4,2,0,Cockfosters,5,-0.1491631467827761,51.65152862765704,4,True
551,0,4,2,2,Colindale,4,-0.2499380568695295,51.59544539419721,4,True
552,0,4,2,2,Colliers Wood,3,-0.1780579960869715,51.41815971696416,4,True
553,1,2,4,3,Covent Garden,1,-0.1243670278686055,51.513144508444505,2,True
554,4,1,1,5,Croxley,7,-0.4417680549234005,51.6470771785801,1,True
555,4,1,1,4,Dagenham East,5,0.1659760468145935,51.54416043622838,1,True
556,4,1,1,4,Dagenham Heathway,5,0.1475191734684776,51.54161732780605,1,True
557,4,1,1,5,Debden,6,0.0837668965623632,51.6453918793904,1,True
558,0,4,2,2,Dollis Hill,3,-0.2390407657243789,51.55196194099086,4,True
560,0,4,2,0,Ealing Broadway,3,-0.301005548648285,51.51500454109758,4,True
561,0,1,2,4,Ealing Common,3,-0.2881437733169945,51.50954325566993,4,False
562,2,0,0,3,Earl's Court,1/2,-0.1931754026297784,51.49198454803539,0,True
563,0,0,2,2,East Acton,2,-0.2471625219934364,51.51659745054098,4,False
564,4,1,1,4,Eastcote,5,-0.3973680168635398,51.576511969832765,1,True
565,0,4,2,0,East Finchley,3,-0.1650441219039346,51.58715402026014,4,True
566,4,1,0,4,East Ham,3/4,0.052826568311649,51.53940709913807,1,True
567,0,3,2,4,East Putney,2/3,-0.2110636822805433,51.459149587092405,4,False
568,0,4,2,0,Edgware,5,-0.2747777712374005,51.61360827412279,4,True
569,2,3,0,1,Edgware Road (DIS),1,-0.1677731663889066,51.51987245129845,0,False
570,2,3,0,1,Elephant & Castle LU,1/2,-0.1011862761028003,51.49583746787788,0,False
571,4,1,1,5,Elm Park,6,0.1986662037147443,51.54971988694184,1,True
572,4,1,1,5,Epping,6,0.1139996191841897,51.69356092525262,1,True
574,2,2,0,3,Euston LU,1,-0.1345986091511734,51.52808458451346,0,False
575,3,3,0,1,Euston Square,1,-0.1358768735158491,51.525633154752434,3,True
576,4,4,1,0,Fairlop,4,0.091053095971659,51.595558107334746,1,False
577,3,3,3,1,Farringdon,1,-0.1051919886781835,51.52047027577585,3,True
578,0,4,2,0,Finchley Central,4,-0.1925548488048729,51.60093175153773,4,True
579,0,0,0,2,Finchley Road,2,-0.1810915387963695,51.54723083836693,4,False
580,2,0,0,2,Finsbury Park LU,2,-0.106679347654079,51.56457021452156,0,True
581,0,3,2,4,Fulham Broadway,2,-0.1947664399933353,51.48076777565934,4,False
582,0,4,2,2,Gants Hill,4,0.0661941322556114,51.57653500920319,4,True
583,2,0,0,3,Gloucester Road,1,-0.183734689874311,51.49448863919927,0,True
584,0,4,2,2,Golders Green,3,-0.1940222522452373,51.57228620318889,4,True
585,0,1,0,4,Goldhawk Road,2,-0.2266448641540456,51.50199179519617,4,False
586,3,2,3,3,Goodge Street,1,-0.1343429023656584,51.520601842773736,3,False
587,4,1,1,5,Grange Hill,4,0.0923218422133414,51.61319815416051,1,True
588,3,3,3,1,Great Portland Street,1,-0.1442909711973862,51.52384645620309,3,True
589,0,1,2,4,Greenford,4,-0.3465040750206399,51.54259127112355,4,False
590,3,2,4,3,Green Park,1,-0.1425418901108901,51.50686769929983,3,False
591,3,1,3,4,Gunnersbury,3,-0.2751361823945699,51.49174191093943,3,False
592,4,4,1,0,Hainault,4,0.0935081961587912,51.6036401975141,1,False
593,3,2,0,3,Hammersmith (DIS),2,-0.2230418838988803,51.49199951963806,3,False
594,2,0,0,3,Hampstead,2/3,-0.1785230935437581,51.5565898798849,0,True
595,0,3,2,4,Hanger Lane,3,-0.2926845249496959,51.53018552933825,4,False
596,0,3,2,4,Harlesden,3,-0.2585901442236528,51.5366984829526,4,False
597,0,1,2,5,Harrow & Wealdstone,5,-0.3348864548890388,51.59204382510434,4,False
598,0,3,2,4,Harrow-on-the-Hill,5,-0.3367522322346986,51.57941460314498,4,False
599,3,3,0,4,Wood Lane,2,-0.223589832503072,51.51014064093162,3,True
601,0,4,2,2,Hendon Central,3/4,-0.2263467398232382,51.58317142482077,4,True
602,0,4,2,0,High Barnet,5,-0.1941662468819022,51.65052191222786,4,True
603,1,2,5,3,Highbury & Islington,2,-0.1037367147978817,51.5474243924603,2,True
604,0,4,2,0,Highgate,3,-0.1464678822653945,51.57784395375154,4,True
605,3,3,0,1,High Street Kensington,1,-0.1922060959253196,51.50044509893274,3,True
606,4,1,1,4,Hillingdon,6,-0.4493839489109262,51.55394931648672,1,True
607,3,2,4,3,Holborn,1,-0.1204164211277831,51.5175781351181,3,False
608,0,0,2,2,Holland Park,2,-0.2056604531683881,51.5071535735316,4,False
609,0,0,2,2,Holloway Road,2,-0.1132635134211874,51.55275576448648,4,False
610,4,1,1,5,Hornchurch,6,0.219106840074,51.55404895710733,1,True
611,0,4,2,2,Hounslow Central,4,-0.3662939172379908,51.47131979963469,4,True
612,0,4,2,2,Hounslow East,4,-0.3563344605692854,51.47326292270873,4,True
613,2,0,5,2,Hounslow West,5,-0.3857939831542604,51.47361867347103,0,True
614,3,2,4,3,Hyde Park Corner,1,-0.1541496692283758,51.5027515504957,3,False
615,4,1,1,5,Ickenham,6,-0.4420401367813711,51.56196897211082,1,True
616,2,0,2,2,Kennington,2,-0.1059654128623501,51.48834003191997,0,True
617,0,1,2,4,Kensal Green,2,-0.2244787816465951,51.53057177755812,4,False
618,3,3,3,5,Kensington (Olympia),2,-0.2101299631004321,51.49773548808454,3,True
619,1,1,5,5,Kentish Town,2,-0.1407479399821426,51.55029387744979,2,False
620,4,3,0,1,Kenton,4,-0.3167281554174249,51.58161162102015,1,False
621,4,1,1,5,Kew Gardens,3/4,-0.285040916474055,51.47699774458654,1,True
622,0,0,2,2,Kilburn,2,-0.2047148916011985,51.546953022454446,4,False
623,0,3,2,4,Kilburn Park,2,-0.1940203229099902,51.534947545387965,4,False
624,4,4,1,0,Kingsbury,4,-0.2786447440288867,51.584641087244194,1,False
625,2,2,0,3,King's Cross St. Pancras,1,-0.1247761302179285,51.52978514307589,0,False
626,3,2,4,3,Knightsbridge,1,-0.1614661160661897,51.50124118729131,3,False
627,0,3,2,4,Ladbroke Grove,2,-0.2109018577576743,51.51732053919889,4,False
628,2,3,0,1,Lambeth North,1,-0.1122327661467621,51.498842228801465,0,False
629,2,0,5,3,Lancaster Gate,1,-0.175445101856735,51.51168719578341,0,True
630,0,1,0,4,Latimer Road,2,-0.2178539357732128,51.513458663999614,4,False
631,1,2,4,3,Leicester Square,1,-0.128332134429999,51.51140465728606,2,True
632,0,4,2,2,Leyton,3,-0.005487155382425,51.55660356521063,4,True
633,0,4,2,2,Leytonstone,3/4,0.0081832198740443,51.568320494028455,4,True
634,3,2,3,3,Liverpool Street LU,1,-0.0832133092355498,51.51735237101746,3,False
635,2,2,0,3,London Bridge LU,1,-0.0896485172357084,51.50506500549169,0,False
636,0,4,2,0,Loughton,6,0.055338101699993,51.64131224348847,4,True
637,0,3,2,1,Maida Vale,2,-0.1858293287116454,51.529729085515065,4,False
638,0,0,2,2,Manor House,2/3,-0.0960648306959596,51.57075126410129,4,False
639,3,3,3,1,Mansion House,1,-0.094105792133622,51.51181640319618,3,True
640,2,2,0,3,Marble Arch,1,-0.1573589906802929,51.51359976087709,0,False
641,0,3,0,1,Marylebone LU,1,-0.1642402663188004,51.52215890700219,4,False
642,0,0,2,2,Mile End,2,-0.0337680632945871,51.52523491887216,4,False
643,4,1,1,5,Mill Hill East,4,-0.2100614199314407,51.608233232687525,1,True
645,3,3,3,1,Moorgate,1,-0.0893115351555198,51.51836305552553,3,True
646,4,1,1,5,Moor Park,6/7,-0.4322869639728746,51.62986629669337,1,True
647,0,4,2,0,Morden,4,-0.1947548535043926,51.40253820130652,4,True
648,2,2,5,3,Mornington Crescent,2,-0.1387497986411517,51.534704942339104,0,False
649,0,4,2,2,Neasden,3,-0.2511708953836603,51.55442640049901,4,True
650,0,4,2,0,Newbury Park,4,0.089920829906462,51.57570573751538,4,True
653,0,0,2,2,North Acton,2/3,-0.2597600781194744,51.5236117661968,4,False
654,0,1,2,5,North Ealing,3,-0.2888251159580139,51.51748228438488,4,False
655,0,0,2,2,Northfields,3,-0.312994928337679,51.49965470504596,4,False
656,4,1,1,4,North Harrow,5,-0.3626047009909967,51.58494710527484,1,True
657,0,1,2,4,Northolt,5,-0.3686504240723905,51.54825926059,4,False
659,0,1,2,5,North Wembley,4,-0.3038826458342014,51.562393713680144,4,False
660,4,1,0,4,Northwick Park,4,-0.3180663388463142,51.57847500401296,1,True
661,0,1,2,4,Northwood,6,-0.4239354593141582,51.611014101617926,4,False
662,4,1,1,4,Northwood Hills,6,-0.4087463545441836,51.60019223372048,1,True
663,2,0,0,3,Notting Hill Gate,1/2,-0.1960899733626558,51.509156012573975,0,True
664,0,4,2,0,Oakwood,5,-0.1312689387217082,51.64733362819432,4,True
665,3,3,3,1,Old Street,1,-0.0876372025918255,51.52508527631206,3,True
667,0,4,2,2,Osterley,4,-0.3522207467968353,51.4812434687809,4,True
668,0,0,2,2,Oval,2,-0.1124062491167189,51.48183745351276,4,False
669,3,2,4,3,Oxford Circus,1,-0.1416304596960839,51.515319726422334,3,False
670,2,3,0,1,Paddington TfL,1,-0.1759896922641174,51.51656148278404,0,False
671,2,3,0,4,Park Royal,3,-0.2839675301559994,51.52647996490144,0,False
672,0,3,2,4,Parsons Green,2,-0.2017635248636348,51.47498535708651,4,False
673,0,1,2,4,Perivale,4,-0.323425169229821,51.5367509216631,4,False
674,1,2,4,3,Piccadilly Circus,1,-0.1336873864316472,51.51006061519836,2,True
675,4,1,1,4,Pinner,5,-0.3811619189424988,51.59282556787736,1,True
676,0,3,2,4,Plaistow,3,0.0169887206450607,51.53123134107084,4,False
677,0,1,2,4,Preston Road,4,-0.295129262413792,51.5720140756016,4,False
678,0,3,2,4,Putney Bridge,2,-0.2087270375114135,51.46825546825846,4,False
679,4,4,1,0,Queensbury,4,-0.2862217775472735,51.59419745209295,1,False
680,0,3,2,4,Queen's Park,2,-0.2057416029735368,51.53397821009533,4,False
681,2,0,0,3,Queensway,1,-0.1871382982400704,51.51025217607452,0,True
682,0,3,0,4,Ravenscourt Park,2,-0.2357753569718746,51.49416773582848,4,False
683,4,1,1,4,Rayners Lane,5,-0.3714462140203309,51.57519536192319,1,True
684,0,4,2,2,Redbridge,4,0.0454102741389324,51.576249813818855,4,True
685,3,3,3,1,Regent's Park,1,-0.1463131245528823,51.52327838474291,3,True
686,4,1,1,5,Richmond,4,-0.3016691259076597,51.463118722979786,1,True
687,4,1,1,4,Rickmansworth,7,-0.4737058106627786,51.64028836634988,1,True
688,4,1,1,5,Roding Valley,4,0.0437096502446484,51.61707861416649,1,True
690,0,3,0,4,Royal Oak,2,-0.1877862733299185,51.51904813011949,4,False
691,4,1,1,4,Ruislip,6,-0.4217906669062553,51.57129177940531,1,True
692,4,1,1,5,Ruislip Gardens,5,-0.4107169346271762,51.56077549009729,1,True
693,4,1,1,4,Ruislip Manor,6,-0.411812431756392,51.5734761421505,1,True
694,2,2,0,3,Russell Square,1,-0.1242697810208252,51.52305918332612,0,False
695,3,3,3,1,St. James's Park,1,-0.1336270216533475,51.49956127784573,3,True
696,0,0,2,2,St. John's Wood,2,-0.1741475741935914,51.53520496988703,4,False
697,3,2,3,3,St. Paul's,1,-0.097517753107933,51.51495287569836,3,False
698,0,0,2,2,Seven Sisters,3,-0.0725100279127818,51.58339794718637,4,False
700,2,0,0,3,Shepherd's Bush LU,2,-0.2188348749838903,51.50435277171325,0,True
702,3,3,1,1,Sloane Square,1,-0.1563353394945677,51.49233693461083,3,True
703,0,4,2,0,Snaresbrook,4,0.0213934263382834,51.58067707711797,4,True
704,0,0,2,2,South Ealing,3,-0.3075052577072797,51.50089966685759,4,False
705,0,1,2,4,Southfields,3,-0.2066534771013345,51.44507985784133,4,False
706,0,4,2,0,Southgate,4,-0.1277625393853033,51.63225854371172,4,True
707,4,1,1,4,South Harrow,5,-0.3520927569079474,51.564549549948175,1,True
708,3,2,4,3,South Kensington,1,-0.1731650469113846,51.49408858708188,3,False
709,4,1,1,5,South Kenton,4,-0.3083734923397721,51.570212909100526,1,True
710,4,1,1,4,South Ruislip,5,-0.3988661306887068,51.55686021118094,1,True
711,0,4,2,2,South Wimbledon,3/4,-0.1933065202931911,51.41498929257676,4,True
712,0,4,2,0,South Woodford,4,0.0273625184698253,51.591892453017074,4,True
713,0,3,2,4,Stamford Brook,2,-0.2460012251835393,51.4949181050598,4,False
714,0,4,2,0,Stanmore,5,-0.3032624771028668,51.61971092780402,4,True
715,2,3,0,1,Stepney Green,2,-0.0465909032388702,51.52186169216427,0,False
716,2,0,5,2,Stockwell,2,-0.1230421883655021,51.47182845729258,0,True
717,0,3,2,4,Stonebridge Park,3,-0.2764667949099679,51.54419264973252,4,False
718,1,2,4,3,Charing Cross LU,1,-0.1273836832203838,51.50737795073341,2,True
719,2,0,0,2,Stratford,2/3,-0.0038044932283004,51.54145647497037,0,True
720,4,1,1,4,Sudbury Hill,4,-0.3366239412564384,51.55696518658866,1,True
721,0,1,2,4,Sudbury Town,4,-0.3157464873310852,51.550805806993615,4,False
723,0,0,0,2,Swiss Cottage,2,-0.1748398347754522,51.54370542648981,4,False
724,3,3,3,1,Temple,1,-0.1142517165435635,51.51098440371512,3,True
725,4,1,1,5,Theydon Bois,6,0.1033276639997498,51.671832474283256,1,True
726,0,4,2,2,Tooting Bec,3,-0.159233625335043,51.43589927439103,4,True
727,0,4,2,2,Tooting Broadway,3,-0.1683898368141734,51.42767600459317,4,True
728,1,2,4,3,Tottenham Court Road,1,-0.1305038755407188,51.51645724635473,2,True
729,2,0,5,3,Tottenham Hale LU,3,-0.0601646506537094,51.588048703622064,0,True
730,0,4,2,0,Totteridge & Whetstone,4,-0.1792054604098072,51.63058779485697,4,True
731,2,3,0,1,Tower Hill,1,-0.0765262714194326,51.50994511580925,0,False
733,2,2,5,3,Tufnell Park,2,-0.1384656557230477,51.55684430975304,0,False
734,0,0,2,2,Turnham Green,2/3,-0.2545503301237331,51.4949578319235,4,False
735,0,4,2,2,Turnpike Lane,3,-0.1029721135418456,51.59025232853629,4,True
736,4,1,1,5,Upminster,6,0.2511155158113154,51.55908765486934,1,True
737,4,1,1,5,Upminster Bridge,6,0.2358266798019925,51.5584960541412,1,True
738,4,1,1,4,Upney,4,0.1015536636074823,51.53835457119145,1,True
739,0,3,2,4,Upton Park,3,0.0352101576549693,51.53538004104193,4,False
740,0,1,2,4,Uxbridge,6,-0.4776347848292753,51.54646222722115,4,False
741,2,2,0,3,Victoria LU,1,-0.1430892898009483,51.49640097859263,0,False
742,0,4,2,2,Walthamstow Central,3,-0.0215170203946605,51.58311960662003,4,True
743,0,4,2,0,Wanstead,4,0.0286206777652704,51.57560161289604,4,True
745,3,2,3,3,Warren Street,1,-0.1383417771400554,51.52452712399776,3,False
746,0,3,2,1,Warwick Avenue,2,-0.183606755586787,51.52319886210523,4,False
747,2,2,0,3,Waterloo LU,1,-0.1144266340815464,51.50342525720376,0,False
748,4,1,1,4,Watford,7,-0.4174120635262017,51.65748010048808,1,True
751,4,3,0,1,Wembley Central,4,-0.2968265595489338,51.55228164027704,1,False
752,2,0,5,2,Wembley Park,4,-0.2800500615096861,51.56376083873252,0,True
753,0,4,2,0,West Acton,3,-0.2809538703054756,51.517980197246935,4,True
754,0,3,2,4,Westbourne Park,2,-0.2011529326328899,51.52092006250626,4,False
755,2,3,0,1,West Brompton,2,-0.1955717597038599,51.487279564113926,0,False
756,0,4,2,0,West Finchley,4,-0.1883426849145049,51.60948689407505,4,True
757,0,0,2,2,West Ham,2/3,0.0042827258459676,51.5282792316888,4,False
758,0,0,2,2,West Hampstead LU,2,-0.1901696027556685,51.546801915703966,4,False
759,0,1,2,4,West Harrow,5,-0.3532902802999658,51.57956661616709,4,False
760,0,3,0,4,West Kensington,2,-0.2054570002997324,51.490790555082114,4,False
761,3,2,4,3,Westminster,1,-0.1256586526219809,51.5009642958388,3,False
762,4,1,1,5,West Ruislip,6,-0.4376470760460559,51.56962926058854,1,True
763,2,2,0,3,Whitechapel,2,-0.0607687139474135,51.51953209733413,0,False
764,3,0,0,2,White City,2,-0.2244621452540354,51.5122152625013,3,False
765,0,4,2,2,Willesden Green,2/3,-0.2227167285540804,51.54937241454188,4,True
766,0,3,2,4,Willesden Junction,2/3,-0.2445731603163596,51.53240375197415,4,False
767,4,3,1,1,Wimbledon,3,-0.2065150560922177,51.42143496760067,1,False
768,0,1,2,4,Wimbledon Park,3,-0.1990863401084273,51.43405524828911,4,False
769,0,4,2,0,Woodford,4,0.03401185348011,51.60686112070409,4,True
770,2,0,5,2,Wood Green,3,-0.1098590191239897,51.5974714659873,0,True
771,0,4,2,0,Woodside Park,4,-0.1855114363532535,51.61808637995582,4,True
773,3,3,0,1,Hammersmith (H&C),2,-0.2249293587788519,51.49378399419851,3,True
774,2,3,0,1,Edgware Road (Bak),1,-0.1702481178612425,51.52046920147198,0,False
775,2,3,0,4,Shepherd's Bush Market,2,-0.2262959221921962,51.50609054189476,0,False
776,0,0,2,2,Pimlico,1,-0.1337087125034068,51.489081972458365,4,False
777,0,0,2,3,Vauxhall LU,1/2,-0.1242521229828271,51.48569743810505,4,False
778,2,0,5,3,Brixton LU,2,-0.1148949328839154,51.46266709356466,0,True
779,2,0,5,2,Hatton Cross,5/6,-0.4234642103862575,51.46662784627763,0,True
780,1,2,4,3,Heathrow Terminals 123 LU,6,-0.4524258114844233,51.47130365988795,2,True
781,1,3,4,5,Heathrow Terminal 4 LU,6,-0.4457139637605832,51.45854050640025,2,False
783,1,2,4,3,Heathrow Terminal 5 LU,6,-0.4880396396312293,51.4725252187983,2,True
784,3,2,0,3,Southwark,1,-0.1053973366341109,51.50428757953954,3,False
787,0,0,2,2,Bermondsey,2,-0.064359176466293,51.49770238120657,4,False
788,0,0,2,2,Canada Water,2,-0.0499871649569907,51.49792096344705,4,False
789,1,2,4,3,North Greenwich,2/3,0.0042875767123523,51.50053431205634,2,True
831,0,3,2,1,Nine Elms,1,-0.1294852953806878,51.48013931574214,4,False
832,4,3,0,1,Battersea Power Station,1,-0.1434008238398742,51.47947593806482,1,False
852,3,0,3,3,Canary Wharf LU,2,-0.0177536397113479,51.50343011540573,3,False
884,0,0,2,2,Canning Town,2/3,0.0079466982897018,51.51412171801386,4,False
