covariance,K,BIC,AIC,converged,fit_seconds,min_cluster_n,min_cluster_share,max_cluster_n,max_cluster_share,sizes_desc
spherical,2,-1306882.3083985772,-1307758.9370283731,True,3.981969800001025,1313,0.4568545581071677,1561,0.5431454418928323,"[1561, 1313]"
spherical,3,-1327874.9699341485,-1329192.8946088757,True,0.5386652000015602,831,0.28914405010438415,1086,0.3778705636743215,"[1086, 957, 831]"
spherical,4,-1346612.3415651387,-1348371.5622847972,True,0.8945873000011488,397,0.1381350034794711,905,0.3148921363952679,"[905, 900, 672, 397]"
spherical,5,-1356074.2610189146,-1358274.7777835045,True,1.2036686999999802,346,0.12038970076548365,872,0.3034098816979819,"[872, 723, 557, 376, 346]"
spherical,6,-1363671.3176195647,-1366313.1304290858,True,1.1825556000003417,316,0.10995128740431455,615,0.2139874739039666,"[615, 560, 559, 457, 367, 316]"
spherical,7,-1369399.0441680343,-1372482.1530224867,True,1.0967500999995536,297,0.10334029227557412,537,0.18684759916492694,"[537, 525, 423, 411, 355, 326, 297]"
spherical,8,-1373808.2303936856,-1377332.6352930693,True,1.351130799999737,154,0.05358385525400139,503,0.17501739735560196,"[503, 449, 410, 409, 338, 321, 290, 154]"
spherical,9,-1377694.231199395,-1381659.9321437099,True,1.6922759999997652,149,0.05184411969380654,431,0.14996520528879612,"[431, 403, 370, 355, 340, 327, 312, 187, 149]"
spherical,10,-1380838.549604711,-1385245.546593957,True,2.048810100000992,135,0.04697286012526096,401,0.13952679192762701,"[401, 367, 348, 333, 326, 315, 309, 172, 168, 135]"
spherical,11,-1383534.9899642363,-1388383.2829984138,True,1.8880678999994416,144,0.05010438413361169,360,0.12526096033402923,"[360, 343, 325, 318, 304, 279, 256, 203, 184, 158, 144]"
spherical,12,-1386532.9557767161,-1391822.544855825,True,1.8915010999990045,105,0.03653444676409186,343,0.11934585942936674,"[343, 342, 315, 296, 291, 266, 254, 217, 177, 137, 131, 105]"
diag,2,-1499673.4120669567,-1501396.8520262155,True,0.786404999998922,848,0.2950591510090466,2026,0.7049408489909533,"[2026, 848]"
diag,3,-1530282.1043459023,-1532870.2460148237,True,1.1594487000002118,384,0.1336116910229645,1294,0.45024356297842727,"[1294, 1196, 384]"
diag,4,-1549203.998849425,-1552656.842228009,True,1.18500160000076,320,0.11134307585247043,1037,0.360821155184412,"[1037, 765, 752, 320]"
diag,5,-1558150.7479914597,-1562468.2930797064,True,2.3650133999999525,286,0.09951287404314545,934,0.32498260264439804,"[934, 602, 590, 462, 286]"
diag,6,-1564740.9318357827,-1569923.178633692,True,1.5477396000005683,242,0.08420320111343076,852,0.2964509394572025,"[852, 591, 425, 408, 356, 242]"
diag,7,-1569659.0990037816,-1575706.0475113534,True,1.256753599998774,173,0.060194850382741825,688,0.23938761308281142,"[688, 627, 455, 330, 306, 295, 173]"
diag,8,-1574474.2863859385,-1581385.9366031731,True,1.3609223000003112,117,0.0407098121085595,752,0.2616562282533055,"[752, 552, 360, 316, 299, 276, 202, 117]"
diag,9,-1578379.6969801656,-1586156.0489070627,True,1.5279571999999462,109,0.037926235212247736,575,0.2000695894224078,"[575, 498, 399, 339, 321, 288, 191, 154, 109]"
diag,10,-1581230.8071247996,-1589871.8607613596,True,1.4544356000005791,108,0.037578288100208766,633,0.22025052192066805,"[633, 473, 299, 295, 259, 253, 219, 186, 149, 108]"
diag,11,-1583807.7376984537,-1593313.4930446763,True,1.9700596000002406,75,0.026096033402922755,530,0.18441196938065413,"[530, 477, 305, 292, 268, 267, 258, 138, 135, 129, 75]"
diag,12,-1585875.2827212312,-1596245.7397771163,True,1.7995722000014212,77,0.026791927627000695,534,0.18580375782881003,"[534, 443, 291, 280, 264, 241, 237, 152, 128, 123, 104, 77]"
tied,2,-1674501.586924622,-1691038.261689412,True,2.151852900000449,242,0.08420320111343076,2632,0.9157967988865693,"[2632, 242]"
tied,3,-1674005.9330032743,-1690977.9403529288,True,2.6705981000013708,254,0.0883785664578984,1380,0.4801670146137787,"[1380, 1240, 254]"
tied,4,-1676519.8831676778,-1693927.223102197,True,6.453951600000437,41,0.014265831593597773,2488,0.8656924147529576,"[2488, 198, 147, 41]"
tied,5,-1676424.8850026324,-1694267.557522016,True,7.056579899999633,41,0.014265831593597773,2347,0.8166318719554627,"[2347, 182, 164, 140, 41]"
tied,6,-1677491.8205355597,-1695769.825639808,True,8.316951800001334,41,0.014265831593597773,2332,0.8114126652748782,"[2332, 168, 134, 122, 77, 41]"
tied,7,-1677756.388094295,-1696469.7257834082,True,9.250094799999715,59,0.020528879610299235,2203,0.7665274878218511,"[2203, 182, 173, 127, 67, 63, 59]"
tied,8,-1678490.604923892,-1697639.2751978699,True,10.986107200000333,1,0.0003479471120389701,2068,0.7195546276965901,"[2068, 316, 177, 122, 80, 69, 41, 1]"
tied,9,-1679250.8219470468,-1698834.8248058893,True,12.336230400000204,1,0.0003479471120389701,2032,0.7070285316631872,"[2032, 287, 168, 145, 73, 65, 63, 40, 1]"
tied,10,-1678981.5692889958,-1699000.9047327028,True,13.239722399999664,10,0.003479471120389701,1996,0.6945024356297843,"[1996, 273, 136, 126, 118, 72, 62, 61, 20, 10]"
tied,11,-1679352.427135646,-1699807.0951642178,True,15.5319228999997,1,0.0003479471120389701,1926,0.6701461377870563,"[1926, 275, 164, 127, 118, 102, 64, 58, 26, 13, 1]"
tied,12,-1680375.5103588996,-1701265.510972336,True,16.5084951000008,1,0.0003479471120389701,2120,0.7376478775226165,"[2120, 260, 108, 89, 63, 61, 59, 47, 40, 25, 1, 1]"
full,2,-1677864.9374184979,-1710073.585238415,True,3.2028767000010703,1322,0.45998608211551845,1552,0.5400139178844816,"[1552, 1322]"
full,3,-1667665.7764727888,-1715981.7299326977,True,3.0504098999990674,302,0.10508002783576896,1939,0.674669450243563,"[1939, 633, 302]"
full,4,-1667459.1579040727,-1731882.4170039734,True,5.613887400000749,224,0.0779401530967293,1191,0.4144050104384134,"[1191, 1060, 399, 224]"
full,5,-1650211.151249407,-1730741.7159892998,True,6.128450599999269,159,0.055323590814196244,1119,0.3893528183716075,"[1119, 818, 587, 191, 159]"
full,6,-1634328.5643250097,-1730966.4347048942,True,8.12230290000116,134,0.04662491301322199,827,0.28775226165622825,"[827, 803, 722, 216, 172, 134]"
full,7,-1616577.0876602223,-1729322.2636800988,True,14.164052500000253,119,0.04140570633263744,891,0.31002087682672236,"[891, 771, 548, 212, 185, 148, 119]"
full,8,-1599171.7304070184,-1728024.2120668867,True,16.56551380000019,76,0.026443980514961725,933,0.3246346555323591,"[933, 707, 465, 188, 188, 161, 156, 76]"
full,9,-1581722.6698737303,-1726682.4571735903,True,21.16683279999961,84,0.029227557411273485,869,0.302366040361865,"[869, 780, 434, 165, 155, 144, 131, 112, 84]"
full,10,-1562967.6265437074,-1724034.7194835595,True,21.592359700000088,74,0.025748086290883786,797,0.2773138482950592,"[797, 757, 431, 180, 147, 142, 138, 129, 79, 74]"
full,11,-1544577.0379851733,-1721751.436565017,True,26.812760900000285,57,0.019832985386221295,810,0.2818371607515658,"[810, 698, 442, 179, 158, 134, 129, 101, 93, 73, 57]"
full,12,-1525807.735541825,-1719089.4397616605,True,23.211179799998717,57,0.019832985386221295,762,0.2651356993736952,"[762, 677, 521, 144, 140, 127, 109, 94, 93, 77, 73, 57]"
