unit,resolution,covariance,K,cluster
E01000001,1h,tied,5,2
E01000002,1h,tied,5,2
E01000005,1h,tied,5,2
E01000007,1h,tied,5,2
E01000009,1h,tied,5,2
E01000011,1h,tied,5,2
E01000012,1h,tied,5,2
E01000013,1h,tied,5,2
E01000015,1h,tied,5,0
E01000016,1h,tied,5,2
E01000017,1h,tied,5,2
E01000018,1h,tied,5,2
E01000019,1h,tied,5,2
E01000020,1h,tied,5,2
E01000021,1h,tied,5,2
E01000024,1h,tied,5,2
E01000027,1h,tied,5,2
E01000029,1h,tied,5,2
E01000030,1h,tied,5,2
E01000031,1h,tied,5,2
E01000032,1h,tied,5,2
E01000034,1h,tied,5,2
E01000035,1h,tied,5,2
E01000036,1h,tied,5,2
E01000038,1h,tied,5,2
E01000039,1h,tied,5,2
E01000040,1h,tied,5,2
E01000041,1h,tied,5,2
E01000042,1h,tied,5,2
E01000043,1h,tied,5,2
E01000045,1h,tied,5,2
E01000049,1h,tied,5,2
E01000050,1h,tied,5,2
E01000052,1h,tied,5,2
E01000053,1h,tied,5,2
E01000056,1h,tied,5,2
E01000057,1h,tied,5,2
E01000058,1h,tied,5,2
E01000060,1h,tied,5,2
E01000061,1h,tied,5,2
E01000062,1h,tied,5,2
E01000063,1h,tied,5,2
E01000064,1h,tied,5,2
E01000065,1h,tied,5,2
E01000067,1h,tied,5,2
E01000068,1h,tied,5,2
E01000069,1h,tied,5,2
E01000070,1h,tied,5,2
E01000071,1h,tied,5,2
E01000072,1h,tied,5,2
E01000073,1h,tied,5,2
E01000074,1h,tied,5,2
E01000075,1h,tied,5,2
E01000076,1h,tied,5,2
E01000077,1h,tied,5,2
E01000078,1h,tied,5,2
E01000079,1h,tied,5,2
E01000080,1h,tied,5,2
E01000081,1h,tied,5,2
E01000082,1h,tied,5,2
E01000083,1h,tied,5,2
E01000084,1h,tied,5,2
E01000085,1h,tied,5,2
E01000086,1h,tied,5,2
E01000087,1h,tied,5,2
E01000088,1h,tied,5,2
E01000090,1h,tied,5,2
E01000091,1h,tied,5,2
E01000093,1h,tied,5,2
E01000094,1h,tied,5,2
E01000095,1h,tied,5,2
E01000096,1h,tied,5,2
E01000097,1h,tied,5,2
E01000098,1h,tied,5,2
E01000099,1h,tied,5,2
E01000101,1h,tied,5,2
E01000102,1h,tied,5,2
E01000103,1h,tied,5,2
E01000104,1h,tied,5,2
E01000105,1h,tied,5,2
E01000106,1h,tied,5,2
E01000108,1h,tied,5,2
E01000110,1h,tied,5,2
E01000111,1h,tied,5,2
E01000112,1h,tied,5,2
E01000113,1h,tied,5,2
E01000114,1h,tied,5,2
E01000115,1h,tied,5,2
E01000116,1h,tied,5,2
E01000117,1h,tied,5,2
E01000118,1h,tied,5,2
E01000120,1h,tied,5,2
E01000121,1h,tied,5,2
E01000123,1h,tied,5,2
E01000124,1h,tied,5,2
E01000126,1h,tied,5,2
E01000127,1h,tied,5,2
E01000128,1h,tied,5,2
E01000129,1h,tied,5,2
E01000130,1h,tied,5,2
E01000131,1h,tied,5,2
E01000133,1h,tied,5,2
E01000134,1h,tied,5,2
E01000135,1h,tied,5,2
E01000136,1h,tied,5,2
E01000137,1h,tied,5,2
E01000138,1h,tied,5,2
E01000139,1h,tied,5,2
E01000140,1h,tied,5,2
E01000141,1h,tied,5,2
E01000143,1h,tied,5,2
E01000144,1h,tied,5,2
E01000145,1h,tied,5,2
E01000146,1h,tied,5,2
E01000147,1h,tied,5,2
E01000150,1h,tied,5,4
E01000151,1h,tied,5,2
E01000152,1h,tied,5,2
E01000153,1h,tied,5,1
E01000154,1h,tied,5,2
E01000156,1h,tied,5,2
E01000158,1h,tied,5,2
E01000159,1h,tied,5,2
E01000160,1h,tied,5,2
E01000161,1h,tied,5,2
E01000162,1h,tied,5,2
E01000164,1h,tied,5,2
E01000166,1h,tied,5,1
E01000167,1h,tied,5,2
E01000168,1h,tied,5,1
E01000169,1h,tied,5,2
E01000170,1h,tied,5,2
E01000171,1h,tied,5,2
E01000172,1h,tied,5,2
E01000173,1h,tied,5,2
E01000174,1h,tied,5,2
E01000175,1h,tied,5,2
E01000176,1h,tied,5,2
E01000178,1h,tied,5,2
E01000180,1h,tied,5,2
E01000181,1h,tied,5,2
E01000182,1h,tied,5,2
E01000183,1h,tied,5,2
E01000184,1h,tied,5,2
E01000185,1h,tied,5,2
E01000186,1h,tied,5,2
E01000187,1h,tied,5,2
E01000188,1h,tied,5,2
E01000189,1h,tied,5,2
E01000190,1h,tied,5,2
E01000191,1h,tied,5,2
E01000192,1h,tied,5,2
E01000193,1h,tied,5,2
E01000194,1h,tied,5,2
E01000195,1h,tied,5,0
E01000196,1h,tied,5,2
E01000197,1h,tied,5,2
E01000198,1h,tied,5,2
E01000199,1h,tied,5,2
E01000200,1h,tied,5,2
E01000201,1h,tied,5,2
E01000202,1h,tied,5,2
E01000203,1h,tied,5,2
E01000204,1h,tied,5,2
E01000205,1h,tied,5,2
E01000206,1h,tied,5,2
E01000207,1h,tied,5,2
E01000208,1h,tied,5,2
E01000209,1h,tied,5,2
E01000210,1h,tied,5,2
E01000211,1h,tied,5,2
E01000212,1h,tied,5,2
E01000213,1h,tied,5,2
E01000214,1h,tied,5,2
E01000215,1h,tied,5,2
E01000218,1h,tied,5,2
E01000219,1h,tied,5,2
E01000221,1h,tied,5,2
E01000222,1h,tied,5,2
E01000223,1h,tied,5,2
E01000224,1h,tied,5,2
E01000225,1h,tied,5,2
E01000226,1h,tied,5,2
E01000227,1h,tied,5,2
E01000228,1h,tied,5,2
E01000229,1h,tied,5,2
E01000230,1h,tied,5,2
E01000231,1h,tied,5,2
E01000232,1h,tied,5,2
E01000233,1h,tied,5,2
E01000234,1h,tied,5,2
E01000235,1h,tied,5,2
E01000236,1h,tied,5,2
E01000237,1h,tied,5,2
E01000238,1h,tied,5,2
E01000239,1h,tied,5,2
E01000240,1h,tied,5,2
E01000242,1h,tied,5,2
E01000243,1h,tied,5,2
E01000244,1h,tied,5,2
E01000245,1h,tied,5,2
E01000246,1h,tied,5,2
E01000247,1h,tied,5,2
E01000248,1h,tied,5,2
E01000249,1h,tied,5,2
E01000250,1h,tied,5,2
E01000251,1h,tied,5,2
E01000252,1h,tied,5,2
E01000253,1h,tied,5,2
E01000255,1h,tied,5,2
E01000256,1h,tied,5,2
E01000257,1h,tied,5,2
E01000258,1h,tied,5,2
E01000259,1h,tied,5,2
E01000260,1h,tied,5,2
E01000261,1h,tied,5,2
E01000263,1h,tied,5,2
E01000264,1h,tied,5,2
E01000265,1h,tied,5,2
E01000266,1h,tied,5,2
E01000267,1h,tied,5,2
E01000268,1h,tied,5,2
E01000269,1h,tied,5,2
E01000270,1h,tied,5,2
E01000271,1h,tied,5,2
E01000272,1h,tied,5,1
E01000273,1h,tied,5,2
E01000274,1h,tied,5,2
E01000275,1h,tied,5,2
E01000276,1h,tied,5,2
E01000277,1h,tied,5,1
E01000278,1h,tied,5,2
E01000279,1h,tied,5,2
E01000280,1h,tied,5,2
E01000281,1h,tied,5,2
E01000282,1h,tied,5,2
E01000283,1h,tied,5,2
E01000284,1h,tied,5,2
E01000285,1h,tied,5,2
E01000286,1h,tied,5,2
E01000287,1h,tied,5,2
E01000288,1h,tied,5,2
E01000289,1h,tied,5,2
E01000290,1h,tied,5,2
E01000292,1h,tied,5,2
E01000293,1h,tied,5,2
E01000294,1h,tied,5,0
E01000296,1h,tied,5,2
E01000297,1h,tied,5,2
E01000298,1h,tied,5,2
E01000299,1h,tied,5,2
E01000301,1h,tied,5,2
E01000302,1h,tied,5,2
E01000304,1h,tied,5,1
E01000305,1h,tied,5,2
E01000307,1h,tied,5,2
E01000308,1h,tied,5,2
E01000309,1h,tied,5,2
E01000310,1h,tied,5,2
E01000311,1h,tied,5,2
E01000312,1h,tied,5,2
E01000313,1h,tied,5,2
E01000314,1h,tied,5,2
E01000315,1h,tied,5,2
E01000316,1h,tied,5,2
E01000318,1h,tied,5,2
E01000321,1h,tied,5,2
E01000323,1h,tied,5,2
E01000324,1h,tied,5,2
E01000325,1h,tied,5,2
E01000326,1h,tied,5,2
E01000327,1h,tied,5,2
E01000328,1h,tied,5,2
E01000329,1h,tied,5,2
E01000330,1h,tied,5,2
E01000331,1h,tied,5,2
E01000332,1h,tied,5,2
E01000333,1h,tied,5,2
E01000334,1h,tied,5,2
E01000335,1h,tied,5,2
E01000336,1h,tied,5,2
E01000337,1h,tied,5,2
E01000338,1h,tied,5,2
E01000340,1h,tied,5,2
E01000342,1h,tied,5,2
E01000343,1h,tied,5,2
E01000344,1h,tied,5,2
E01000345,1h,tied,5,2
E01000347,1h,tied,5,2
E01000349,1h,tied,5,2
E01000350,1h,tied,5,2
E01000352,1h,tied,5,2
E01000353,1h,tied,5,2
E01000354,1h,tied,5,2
E01000356,1h,tied,5,2
E01000357,1h,tied,5,2
E01000358,1h,tied,5,2
E01000359,1h,tied,5,2
E01000360,1h,tied,5,2
E01000361,1h,tied,5,2
E01000362,1h,tied,5,2
E01000363,1h,tied,5,2
E01000364,1h,tied,5,2
E01000365,1h,tied,5,2
E01000367,1h,tied,5,2
E01000369,1h,tied,5,2
E01000370,1h,tied,5,2
E01000372,1h,tied,5,2
E01000374,1h,tied,5,2
E01000375,1h,tied,5,2
E01000376,1h,tied,5,2
E01000377,1h,tied,5,2
E01000379,1h,tied,5,2
E01000380,1h,tied,5,4
E01000381,1h,tied,5,2
E01000382,1h,tied,5,1
E01000383,1h,tied,5,2
E01000384,1h,tied,5,2
E01000385,1h,tied,5,2
E01000386,1h,tied,5,2
E01000387,1h,tied,5,1
E01000389,1h,tied,5,2
E01000390,1h,tied,5,2
E01000391,1h,tied,5,1
E01000392,1h,tied,5,2
E01000394,1h,tied,5,2
E01000396,1h,tied,5,2
E01000398,1h,tied,5,2
E01000399,1h,tied,5,2
E01000400,1h,tied,5,2
E01000401,1h,tied,5,2
E01000402,1h,tied,5,2
E01000403,1h,tied,5,2
E01000404,1h,tied,5,2
E01000405,1h,tied,5,2
E01000406,1h,tied,5,2
E01000407,1h,tied,5,2
E01000408,1h,tied,5,2
E01000409,1h,tied,5,2
E01000410,1h,tied,5,2
E01000411,1h,tied,5,2
E01000412,1h,tied,5,2
E01000413,1h,tied,5,2
E01000414,1h,tied,5,2
E01000415,1h,tied,5,2
E01000416,1h,tied,5,2
E01000417,1h,tied,5,2
E01000418,1h,tied,5,2
E01000419,1h,tied,5,2
E01000420,1h,tied,5,2
E01000421,1h,tied,5,2
E01000422,1h,tied,5,2
E01000423,1h,tied,5,2
E01000424,1h,tied,5,3
E01000425,1h,tied,5,2
E01000426,1h,tied,5,2
E01000427,1h,tied,5,2
E01000428,1h,tied,5,2
E01000429,1h,tied,5,4
E01000430,1h,tied,5,4
E01000431,1h,tied,5,2
E01000433,1h,tied,5,2
E01000434,1h,tied,5,2
E01000435,1h,tied,5,2
E01000436,1h,tied,5,2
E01000437,1h,tied,5,2
E01000439,1h,tied,5,2
E01000440,1h,tied,5,2
E01000442,1h,tied,5,2
E01000443,1h,tied,5,2
E01000444,1h,tied,5,2
E01000445,1h,tied,5,2
E01000447,1h,tied,5,2
E01000448,1h,tied,5,2
E01000449,1h,tied,5,2
E01000450,1h,tied,5,2
E01000451,1h,tied,5,2
E01000452,1h,tied,5,4
E01000454,1h,tied,5,4
E01000455,1h,tied,5,2
E01000456,1h,tied,5,2
E01000457,1h,tied,5,2
E01000459,1h,tied,5,2
E01000460,1h,tied,5,2
E01000461,1h,tied,5,2
E01000462,1h,tied,5,2
E01000463,1h,tied,5,2
E01000464,1h,tied,5,2
E01000465,1h,tied,5,2
E01000466,1h,tied,5,2
E01000467,1h,tied,5,2
E01000469,1h,tied,5,2
E01000470,1h,tied,5,2
E01000472,1h,tied,5,2
E01000473,1h,tied,5,2
E01000474,1h,tied,5,2
E01000475,1h,tied,5,2
E01000476,1h,tied,5,2
E01000477,1h,tied,5,2
E01000478,1h,tied,5,2
E01000479,1h,tied,5,2
E01000480,1h,tied,5,2
E01000481,1h,tied,5,2
E01000483,1h,tied,5,2
E01000485,1h,tied,5,2
E01000486,1h,tied,5,2
E01000487,1h,tied,5,2
E01000488,1h,tied,5,2
E01000489,1h,tied,5,2
E01000490,1h,tied,5,2
E01000491,1h,tied,5,2
E01000493,1h,tied,5,2
E01000494,1h,tied,5,2
E01000495,1h,tied,5,2
E01000497,1h,tied,5,2
E01000498,1h,tied,5,2
E01000499,1h,tied,5,2
E01000501,1h,tied,5,2
E01000502,1h,tied,5,2
E01000503,1h,tied,5,2
E01000506,1h,tied,5,2
E01000507,1h,tied,5,4
E01000508,1h,tied,5,2
E01000510,1h,tied,5,2
E01000511,1h,tied,5,2
E01000512,1h,tied,5,2
E01000513,1h,tied,5,2
E01000515,1h,tied,5,2
E01000516,1h,tied,5,2
E01000518,1h,tied,5,2
E01000519,1h,tied,5,2
E01000520,1h,tied,5,2
E01000521,1h,tied,5,2
E01000523,1h,tied,5,2
E01000524,1h,tied,5,2
E01000525,1h,tied,5,2
E01000526,1h,tied,5,2
E01000528,1h,tied,5,2
E01000530,1h,tied,5,2
E01000531,1h,tied,5,2
E01000532,1h,tied,5,2
E01000533,1h,tied,5,2
E01000535,1h,tied,5,2
E01000536,1h,tied,5,1
E01000541,1h,tied,5,2
E01000543,1h,tied,5,2
E01000544,1h,tied,5,2
E01000545,1h,tied,5,2
E01000546,1h,tied,5,2
E01000547,1h,tied,5,2
E01000548,1h,tied,5,2
E01000549,1h,tied,5,2
E01000550,1h,tied,5,2
E01000551,1h,tied,5,2
E01000552,1h,tied,5,2
E01000553,1h,tied,5,2
E01000554,1h,tied,5,2
E01000555,1h,tied,5,2
E01000556,1h,tied,5,2
E01000557,1h,tied,5,2
E01000558,1h,tied,5,2
E01000559,1h,tied,5,2
E01000561,1h,tied,5,2
E01000562,1h,tied,5,2
E01000563,1h,tied,5,2
E01000564,1h,tied,5,2
E01000565,1h,tied,5,2
E01000567,1h,tied,5,2
E01000568,1h,tied,5,2
E01000571,1h,tied,5,2
E01000572,1h,tied,5,2
E01000573,1h,tied,5,1
E01000574,1h,tied,5,2
E01000575,1h,tied,5,2
E01000576,1h,tied,5,2
E01000577,1h,tied,5,2
E01000578,1h,tied,5,2
E01000580,1h,tied,5,2
E01000581,1h,tied,5,2
E01000583,1h,tied,5,2
E01000584,1h,tied,5,2
E01000586,1h,tied,5,2
E01000587,1h,tied,5,2
E01000589,1h,tied,5,2
E01000590,1h,tied,5,2
E01000591,1h,tied,5,2
E01000592,1h,tied,5,2
E01000594,1h,tied,5,2
E01000595,1h,tied,5,2
E01000596,1h,tied,5,2
E01000599,1h,tied,5,2
E01000601,1h,tied,5,2
E01000602,1h,tied,5,2
E01000603,1h,tied,5,2
E01000604,1h,tied,5,2
E01000605,1h,tied,5,2
E01000606,1h,tied,5,2
E01000608,1h,tied,5,2
E01000609,1h,tied,5,2
E01000611,1h,tied,5,0
E01000612,1h,tied,5,2
E01000615,1h,tied,5,2
E01000616,1h,tied,5,2
E01000620,1h,tied,5,2
E01000621,1h,tied,5,2
E01000622,1h,tied,5,2
E01000623,1h,tied,5,2
E01000625,1h,tied,5,2
E01000626,1h,tied,5,2
E01000627,1h,tied,5,2
E01000628,1h,tied,5,2
E01000631,1h,tied,5,2
E01000633,1h,tied,5,2
E01000634,1h,tied,5,2
E01000636,1h,tied,5,2
E01000638,1h,tied,5,2
E01000640,1h,tied,5,2
E01000642,1h,tied,5,2
E01000643,1h,tied,5,2
E01000644,1h,tied,5,2
E01000645,1h,tied,5,2
E01000646,1h,tied,5,2
E01000648,1h,tied,5,2
E01000649,1h,tied,5,2
E01000650,1h,tied,5,2
E01000651,1h,tied,5,2
E01000652,1h,tied,5,2
E01000653,1h,tied,5,2
E01000654,1h,tied,5,1
E01000655,1h,tied,5,1
E01000656,1h,tied,5,2
E01000657,1h,tied,5,2
E01000658,1h,tied,5,2
E01000659,1h,tied,5,2
E01000661,1h,tied,5,2
E01000662,1h,tied,5,2
E01000663,1h,tied,5,2
E01000664,1h,tied,5,2
E01000665,1h,tied,5,2
E01000666,1h,tied,5,2
E01000667,1h,tied,5,2
E01000668,1h,tied,5,2
E01000670,1h,tied,5,2
E01000671,1h,tied,5,2
E01000672,1h,tied,5,2
E01000673,1h,tied,5,2
E01000674,1h,tied,5,2
E01000676,1h,tied,5,2
E01000677,1h,tied,5,2
E01000678,1h,tied,5,2
E01000679,1h,tied,5,2
E01000680,1h,tied,5,3
E01000681,1h,tied,5,1
E01000682,1h,tied,5,1
E01000683,1h,tied,5,2
E01000684,1h,tied,5,2
E01000685,1h,tied,5,2
E01000686,1h,tied,5,2
E01000687,1h,tied,5,2
E01000688,1h,tied,5,2
E01000689,1h,tied,5,2
E01000690,1h,tied,5,2
E01000691,1h,tied,5,2
E01000692,1h,tied,5,2
E01000693,1h,tied,5,2
E01000694,1h,tied,5,2
E01000696,1h,tied,5,2
E01000697,1h,tied,5,2
E01000698,1h,tied,5,2
E01000699,1h,tied,5,2
E01000700,1h,tied,5,2
E01000702,1h,tied,5,2
E01000703,1h,tied,5,2
E01000704,1h,tied,5,2
E01000705,1h,tied,5,2
E01000706,1h,tied,5,2
E01000707,1h,tied,5,2
E01000708,1h,tied,5,2
E01000709,1h,tied,5,2
E01000710,1h,tied,5,2
E01000711,1h,tied,5,2
E01000712,1h,tied,5,2
E01000713,1h,tied,5,2
E01000714,1h,tied,5,2
E01000715,1h,tied,5,2
E01000716,1h,tied,5,2
E01000717,1h,tied,5,2
E01000718,1h,tied,5,2
E01000719,1h,tied,5,2
E01000720,1h,tied,5,2
E01000721,1h,tied,5,2
E01000722,1h,tied,5,2
E01000723,1h,tied,5,3
E01000724,1h,tied,5,2
E01000725,1h,tied,5,2
E01000726,1h,tied,5,2
E01000727,1h,tied,5,2
E01000728,1h,tied,5,2
E01000729,1h,tied,5,2
E01000730,1h,tied,5,2
E01000731,1h,tied,5,2
E01000732,1h,tied,5,2
E01000733,1h,tied,5,2
E01000734,1h,tied,5,2
E01000735,1h,tied,5,2
E01000736,1h,tied,5,2
E01000737,1h,tied,5,2
E01000738,1h,tied,5,2
E01000739,1h,tied,5,2
E01000741,1h,tied,5,2
E01000742,1h,tied,5,2
E01000743,1h,tied,5,2
E01000744,1h,tied,5,2
E01000745,1h,tied,5,2
E01000747,1h,tied,5,2
E01000748,1h,tied,5,2
E01000749,1h,tied,5,2
E01000750,1h,tied,5,1
E01000751,1h,tied,5,2
E01000752,1h,tied,5,2
E01000753,1h,tied,5,2
E01000754,1h,tied,5,2
E01000755,1h,tied,5,2
E01000756,1h,tied,5,2
E01000757,1h,tied,5,2
E01000758,1h,tied,5,1
E01000759,1h,tied,5,2
E01000760,1h,tied,5,2
E01000761,1h,tied,5,2
E01000762,1h,tied,5,2
E01000763,1h,tied,5,2
E01000764,1h,tied,5,2
E01000765,1h,tied,5,2
E01000766,1h,tied,5,2
E01000767,1h,tied,5,2
E01000768,1h,tied,5,2
E01000769,1h,tied,5,2
E01000770,1h,tied,5,2
E01000771,1h,tied,5,2
E01000772,1h,tied,5,2
E01000773,1h,tied,5,2
E01000774,1h,tied,5,2
E01000775,1h,tied,5,2
E01000777,1h,tied,5,2
E01000778,1h,tied,5,2
E01000780,1h,tied,5,2
E01000781,1h,tied,5,2
E01000782,1h,tied,5,2
E01000784,1h,tied,5,2
E01000785,1h,tied,5,2
E01000786,1h,tied,5,3
E01000787,1h,tied,5,2
E01000788,1h,tied,5,2
E01000789,1h,tied,5,2
E01000790,1h,tied,5,2
E01000791,1h,tied,5,2
E01000792,1h,tied,5,2
E01000794,1h,tied,5,2
E01000795,1h,tied,5,2
E01000797,1h,tied,5,2
E01000798,1h,tied,5,2
E01000799,1h,tied,5,2
E01000800,1h,tied,5,2
E01000801,1h,tied,5,2
E01000802,1h,tied,5,2
E01000803,1h,tied,5,2
E01000804,1h,tied,5,2
E01000805,1h,tied,5,2
E01000806,1h,tied,5,2
E01000807,1h,tied,5,2
E01000808,1h,tied,5,1
E01000809,1h,tied,5,2
E01000810,1h,tied,5,2
E01000813,1h,tied,5,2
E01000815,1h,tied,5,2
E01000816,1h,tied,5,2
E01000818,1h,tied,5,2
E01000819,1h,tied,5,2
E01000820,1h,tied,5,2
E01000822,1h,tied,5,2
E01000823,1h,tied,5,2
E01000824,1h,tied,5,2
E01000825,1h,tied,5,2
E01000826,1h,tied,5,2
E01000827,1h,tied,5,2
E01000828,1h,tied,5,2
E01000829,1h,tied,5,3
E01000830,1h,tied,5,2
E01000831,1h,tied,5,2
E01000832,1h,tied,5,2
E01000834,1h,tied,5,2
E01000835,1h,tied,5,2
E01000837,1h,tied,5,2
E01000838,1h,tied,5,2
E01000840,1h,tied,5,2
E01000841,1h,tied,5,3
E01000843,1h,tied,5,2
E01000844,1h,tied,5,3
E01000845,1h,tied,5,2
E01000846,1h,tied,5,2
E01000847,1h,tied,5,2
E01000848,1h,tied,5,2
E01000849,1h,tied,5,2
E01000850,1h,tied,5,2
E01000851,1h,tied,5,2
E01000855,1h,tied,5,2
E01000856,1h,tied,5,2
E01000858,1h,tied,5,2
E01000860,1h,tied,5,2
E01000861,1h,tied,5,2
E01000862,1h,tied,5,2
E01000863,1h,tied,5,2
E01000867,1h,tied,5,2
E01000868,1h,tied,5,4
E01000869,1h,tied,5,2
E01000871,1h,tied,5,2
E01000872,1h,tied,5,2
E01000873,1h,tied,5,2
E01000874,1h,tied,5,2
E01000875,1h,tied,5,2
E01000876,1h,tied,5,2
E01000877,1h,tied,5,2
E01000878,1h,tied,5,2
E01000879,1h,tied,5,2
E01000880,1h,tied,5,2
E01000881,1h,tied,5,2
E01000882,1h,tied,5,2
E01000883,1h,tied,5,2
E01000884,1h,tied,5,2
E01000886,1h,tied,5,2
E01000887,1h,tied,5,2
E01000888,1h,tied,5,2
E01000890,1h,tied,5,2
E01000891,1h,tied,5,2
E01000895,1h,tied,5,2
E01000896,1h,tied,5,2
E01000897,1h,tied,5,2
E01000898,1h,tied,5,2
E01000899,1h,tied,5,2
E01000900,1h,tied,5,2
E01000901,1h,tied,5,2
E01000902,1h,tied,5,3
E01000903,1h,tied,5,2
E01000904,1h,tied,5,2
E01000905,1h,tied,5,2
E01000906,1h,tied,5,2
E01000907,1h,tied,5,2
E01000908,1h,tied,5,2
E01000909,1h,tied,5,2
E01000911,1h,tied,5,2
E01000912,1h,tied,5,2
E01000913,1h,tied,5,2
E01000914,1h,tied,5,2
E01000916,1h,tied,5,2
E01000917,1h,tied,5,2
E01000918,1h,tied,5,2
E01000919,1h,tied,5,2
E01000920,1h,tied,5,2
E01000921,1h,tied,5,2
E01000922,1h,tied,5,2
E01000924,1h,tied,5,2
E01000925,1h,tied,5,2
E01000926,1h,tied,5,2
E01000927,1h,tied,5,2
E01000928,1h,tied,5,2
E01000929,1h,tied,5,2
E01000930,1h,tied,5,2
E01000931,1h,tied,5,2
E01000932,1h,tied,5,2
E01000933,1h,tied,5,2
E01000934,1h,tied,5,2
E01000935,1h,tied,5,2
E01000938,1h,tied,5,2
E01000942,1h,tied,5,2
E01000946,1h,tied,5,2
E01000947,1h,tied,5,2
E01000948,1h,tied,5,2
E01000952,1h,tied,5,4
E01000954,1h,tied,5,2
E01000955,1h,tied,5,2
E01000956,1h,tied,5,2
E01000957,1h,tied,5,2
E01000958,1h,tied,5,2
E01000959,1h,tied,5,2
E01000960,1h,tied,5,2
E01000963,1h,tied,5,2
E01000964,1h,tied,5,2
E01000965,1h,tied,5,2
E01000969,1h,tied,5,2
E01000970,1h,tied,5,2
E01000972,1h,tied,5,2
E01000973,1h,tied,5,2
E01000974,1h,tied,5,2
E01000975,1h,tied,5,2
E01000976,1h,tied,5,2
E01000977,1h,tied,5,2
E01000978,1h,tied,5,2
E01000979,1h,tied,5,2
E01000980,1h,tied,5,2
E01000981,1h,tied,5,2
E01000982,1h,tied,5,2
E01000983,1h,tied,5,2
E01000984,1h,tied,5,2
E01000985,1h,tied,5,2
E01000986,1h,tied,5,2
E01000989,1h,tied,5,2
E01000990,1h,tied,5,2
E01000991,1h,tied,5,2
E01000992,1h,tied,5,2
E01000993,1h,tied,5,2
E01000994,1h,tied,5,2
E01000995,1h,tied,5,2
E01000997,1h,tied,5,2
E01000998,1h,tied,5,2
E01001000,1h,tied,5,2
E01001003,1h,tied,5,2
E01001004,1h,tied,5,2
E01001005,1h,tied,5,2
E01001006,1h,tied,5,2
E01001007,1h,tied,5,2
E01001008,1h,tied,5,2
E01001010,1h,tied,5,2
E01001011,1h,tied,5,2
E01001013,1h,tied,5,2
E01001015,1h,tied,5,2
E01001016,1h,tied,5,2
E01001018,1h,tied,5,2
E01001019,1h,tied,5,2
E01001020,1h,tied,5,2
E01001021,1h,tied,5,2
E01001022,1h,tied,5,2
E01001023,1h,tied,5,2
E01001024,1h,tied,5,2
E01001025,1h,tied,5,2
E01001026,1h,tied,5,2
E01001027,1h,tied,5,2
E01001028,1h,tied,5,2
E01001029,1h,tied,5,2
E01001030,1h,tied,5,1
E01001031,1h,tied,5,2
E01001032,1h,tied,5,2
E01001033,1h,tied,5,2
E01001034,1h,tied,5,2
E01001035,1h,tied,5,2
E01001036,1h,tied,5,2
E01001037,1h,tied,5,2
E01001038,1h,tied,5,2
E01001039,1h,tied,5,2
E01001040,1h,tied,5,2
E01001041,1h,tied,5,2
E01001042,1h,tied,5,2
E01001044,1h,tied,5,2
E01001047,1h,tied,5,2
E01001049,1h,tied,5,2
E01001050,1h,tied,5,2
E01001051,1h,tied,5,2
E01001052,1h,tied,5,2
E01001053,1h,tied,5,2
E01001054,1h,tied,5,2
E01001055,1h,tied,5,2
E01001057,1h,tied,5,4
E01001058,1h,tied,5,2
E01001059,1h,tied,5,2
E01001060,1h,tied,5,2
E01001061,1h,tied,5,2
E01001062,1h,tied,5,2
E01001063,1h,tied,5,2
E01001064,1h,tied,5,2
E01001065,1h,tied,5,2
E01001066,1h,tied,5,2
E01001067,1h,tied,5,2
E01001068,1h,tied,5,2
E01001069,1h,tied,5,2
E01001070,1h,tied,5,2
E01001071,1h,tied,5,2
E01001073,1h,tied,5,2
E01001074,1h,tied,5,2
E01001075,1h,tied,5,2
E01001076,1h,tied,5,2
E01001077,1h,tied,5,2
E01001078,1h,tied,5,2
E01001079,1h,tied,5,2
E01001080,1h,tied,5,2
E01001081,1h,tied,5,4
E01001082,1h,tied,5,2
E01001083,1h,tied,5,2
E01001084,1h,tied,5,2
E01001085,1h,tied,5,2
E01001087,1h,tied,5,2
E01001089,1h,tied,5,2
E01001090,1h,tied,5,2
E01001091,1h,tied,5,2
E01001092,1h,tied,5,2
E01001093,1h,tied,5,2
E01001094,1h,tied,5,2
E01001095,1h,tied,5,2
E01001096,1h,tied,5,1
E01001097,1h,tied,5,2
E01001099,1h,tied,5,2
E01001101,1h,tied,5,2
E01001102,1h,tied,5,2
E01001103,1h,tied,5,2
E01001104,1h,tied,5,2
E01001105,1h,tied,5,2
E01001106,1h,tied,5,2
E01001107,1h,tied,5,2
E01001108,1h,tied,5,2
E01001109,1h,tied,5,2
E01001110,1h,tied,5,2
E01001111,1h,tied,5,2
E01001112,1h,tied,5,2
E01001113,1h,tied,5,2
E01001114,1h,tied,5,2
E01001115,1h,tied,5,2
E01001116,1h,tied,5,2
E01001118,1h,tied,5,2
E01001119,1h,tied,5,2
E01001120,1h,tied,5,4
E01001121,1h,tied,5,2
E01001122,1h,tied,5,2
E01001123,1h,tied,5,2
E01001124,1h,tied,5,2
E01001125,1h,tied,5,2
E01001126,1h,tied,5,2
E01001127,1h,tied,5,2
E01001129,1h,tied,5,2
E01001130,1h,tied,5,2
E01001132,1h,tied,5,2
E01001133,1h,tied,5,2
E01001134,1h,tied,5,2
E01001135,1h,tied,5,2
E01001136,1h,tied,5,2
E01001137,1h,tied,5,2
E01001138,1h,tied,5,2
E01001139,1h,tied,5,4
E01001140,1h,tied,5,2
E01001142,1h,tied,5,2
E01001143,1h,tied,5,2
E01001144,1h,tied,5,2
E01001145,1h,tied,5,2
E01001147,1h,tied,5,2
E01001148,1h,tied,5,2
E01001149,1h,tied,5,2
E01001150,1h,tied,5,2
E01001151,1h,tied,5,2
E01001152,1h,tied,5,2
E01001154,1h,tied,5,2
E01001155,1h,tied,5,2
E01001156,1h,tied,5,2
E01001157,1h,tied,5,2
E01001158,1h,tied,5,2
E01001159,1h,tied,5,2
E01001162,1h,tied,5,2
E01001163,1h,tied,5,2
E01001164,1h,tied,5,2
E01001165,1h,tied,5,2
E01001166,1h,tied,5,2
E01001167,1h,tied,5,2
E01001168,1h,tied,5,2
E01001169,1h,tied,5,3
E01001170,1h,tied,5,2
E01001171,1h,tied,5,2
E01001172,1h,tied,5,2
E01001173,1h,tied,5,2
E01001175,1h,tied,5,2
E01001176,1h,tied,5,2
E01001177,1h,tied,5,2
E01001178,1h,tied,5,2
E01001180,1h,tied,5,2
E01001181,1h,tied,5,2
E01001182,1h,tied,5,2
E01001183,1h,tied,5,2
E01001185,1h,tied,5,2
E01001186,1h,tied,5,2
E01001187,1h,tied,5,2
E01001191,1h,tied,5,2
E01001192,1h,tied,5,2
E01001193,1h,tied,5,2
E01001195,1h,tied,5,2
E01001196,1h,tied,5,2
E01001197,1h,tied,5,2
E01001199,1h,tied,5,2
E01001202,1h,tied,5,2
E01001203,1h,tied,5,2
E01001204,1h,tied,5,2
E01001205,1h,tied,5,2
E01001206,1h,tied,5,2
E01001207,1h,tied,5,2
E01001208,1h,tied,5,2
E01001209,1h,tied,5,2
E01001210,1h,tied,5,2
E01001211,1h,tied,5,2
E01001212,1h,tied,5,2
E01001213,1h,tied,5,4
E01001214,1h,tied,5,4
E01001215,1h,tied,5,4
E01001216,1h,tied,5,4
E01001218,1h,tied,5,2
E01001219,1h,tied,5,2
E01001220,1h,tied,5,2
E01001224,1h,tied,5,2
E01001225,1h,tied,5,2
E01001226,1h,tied,5,2
E01001228,1h,tied,5,2
E01001229,1h,tied,5,2
E01001230,1h,tied,5,2
E01001231,1h,tied,5,2
E01001232,1h,tied,5,2
E01001233,1h,tied,5,2
E01001234,1h,tied,5,2
E01001235,1h,tied,5,4
E01001236,1h,tied,5,2
E01001237,1h,tied,5,2
E01001239,1h,tied,5,2
E01001240,1h,tied,5,2
E01001241,1h,tied,5,2
E01001243,1h,tied,5,2
E01001244,1h,tied,5,2
E01001245,1h,tied,5,2
E01001246,1h,tied,5,4
E01001247,1h,tied,5,2
E01001248,1h,tied,5,2
E01001249,1h,tied,5,2
E01001250,1h,tied,5,2
E01001251,1h,tied,5,2
E01001252,1h,tied,5,2
E01001253,1h,tied,5,2
E01001254,1h,tied,5,2
E01001257,1h,tied,5,2
E01001258,1h,tied,5,2
E01001259,1h,tied,5,2
E01001260,1h,tied,5,2
E01001261,1h,tied,5,2
E01001262,1h,tied,5,2
E01001263,1h,tied,5,2
E01001264,1h,tied,5,2
E01001266,1h,tied,5,2
E01001267,1h,tied,5,2
E01001268,1h,tied,5,2
E01001269,1h,tied,5,2
E01001271,1h,tied,5,2
E01001272,1h,tied,5,2
E01001275,1h,tied,5,2
E01001276,1h,tied,5,2
E01001277,1h,tied,5,2
E01001278,1h,tied,5,2
E01001280,1h,tied,5,2
E01001281,1h,tied,5,4
E01001282,1h,tied,5,2
E01001283,1h,tied,5,2
E01001285,1h,tied,5,2
E01001286,1h,tied,5,2
E01001288,1h,tied,5,2
E01001289,1h,tied,5,2
E01001290,1h,tied,5,2
E01001291,1h,tied,5,2
E01001293,1h,tied,5,4
E01001294,1h,tied,5,2
E01001295,1h,tied,5,4
E01001296,1h,tied,5,4
E01001297,1h,tied,5,2
E01001298,1h,tied,5,2
E01001299,1h,tied,5,2
E01001300,1h,tied,5,2
E01001301,1h,tied,5,2
E01001302,1h,tied,5,2
E01001303,1h,tied,5,2
E01001305,1h,tied,5,2
E01001307,1h,tied,5,2
E01001308,1h,tied,5,2
E01001309,1h,tied,5,2
E01001310,1h,tied,5,2
E01001311,1h,tied,5,2
E01001312,1h,tied,5,2
E01001313,1h,tied,5,2
E01001315,1h,tied,5,4
E01001316,1h,tied,5,4
E01001317,1h,tied,5,2
E01001318,1h,tied,5,2
E01001320,1h,tied,5,2
E01001321,1h,tied,5,2
E01001322,1h,tied,5,2
E01001323,1h,tied,5,2
E01001324,1h,tied,5,2
E01001325,1h,tied,5,4
E01001326,1h,tied,5,4
E01001327,1h,tied,5,2
E01001328,1h,tied,5,2
E01001329,1h,tied,5,2
E01001330,1h,tied,5,2
E01001331,1h,tied,5,4
E01001333,1h,tied,5,4
E01001334,1h,tied,5,2
E01001336,1h,tied,5,2
E01001337,1h,tied,5,2
E01001338,1h,tied,5,2
E01001339,1h,tied,5,2
E01001341,1h,tied,5,2
E01001342,1h,tied,5,2
E01001343,1h,tied,5,2
E01001344,1h,tied,5,2
E01001346,1h,tied,5,2
E01001347,1h,tied,5,2
E01001348,1h,tied,5,2
E01001349,1h,tied,5,2
E01001350,1h,tied,5,2
E01001351,1h,tied,5,2
E01001352,1h,tied,5,2
E01001353,1h,tied,5,2
E01001354,1h,tied,5,2
E01001355,1h,tied,5,2
E01001357,1h,tied,5,2
E01001358,1h,tied,5,2
E01001359,1h,tied,5,2
E01001361,1h,tied,5,2
E01001362,1h,tied,5,2
E01001363,1h,tied,5,2
E01001367,1h,tied,5,4
E01001369,1h,tied,5,2
E01001370,1h,tied,5,2
E01001371,1h,tied,5,2
E01001375,1h,tied,5,2
E01001376,1h,tied,5,2
E01001377,1h,tied,5,2
E01001380,1h,tied,5,0
E01001384,1h,tied,5,2
E01001385,1h,tied,5,2
E01001386,1h,tied,5,2
E01001387,1h,tied,5,2
E01001388,1h,tied,5,2
E01001389,1h,tied,5,2
E01001390,1h,tied,5,2
E01001391,1h,tied,5,2
E01001393,1h,tied,5,2
E01001394,1h,tied,5,2
E01001395,1h,tied,5,2
E01001396,1h,tied,5,2
E01001397,1h,tied,5,2
E01001398,1h,tied,5,2
E01001399,1h,tied,5,2
E01001400,1h,tied,5,2
E01001401,1h,tied,5,2
E01001402,1h,tied,5,2
E01001403,1h,tied,5,2
E01001404,1h,tied,5,2
E01001405,1h,tied,5,2
E01001406,1h,tied,5,2
E01001407,1h,tied,5,2
E01001408,1h,tied,5,2
E01001409,1h,tied,5,2
E01001411,1h,tied,5,2
E01001412,1h,tied,5,2
E01001413,1h,tied,5,2
E01001414,1h,tied,5,2
E01001415,1h,tied,5,2
E01001416,1h,tied,5,1
E01001417,1h,tied,5,2
E01001418,1h,tied,5,2
E01001419,1h,tied,5,2
E01001421,1h,tied,5,3
E01001423,1h,tied,5,2
E01001425,1h,tied,5,2
E01001426,1h,tied,5,1
E01001427,1h,tied,5,4
E01001429,1h,tied,5,2
E01001430,1h,tied,5,2
E01001431,1h,tied,5,2
E01001432,1h,tied,5,2
E01001433,1h,tied,5,2
E01001436,1h,tied,5,2
E01001437,1h,tied,5,2
E01001438,1h,tied,5,2
E01001439,1h,tied,5,2
E01001440,1h,tied,5,2
E01001441,1h,tied,5,2
E01001442,1h,tied,5,2
E01001444,1h,tied,5,2
E01001445,1h,tied,5,2
E01001446,1h,tied,5,2
E01001447,1h,tied,5,2
E01001449,1h,tied,5,2
E01001450,1h,tied,5,2
E01001451,1h,tied,5,2
E01001453,1h,tied,5,2
E01001454,1h,tied,5,2
E01001455,1h,tied,5,2
E01001456,1h,tied,5,2
E01001457,1h,tied,5,2
E01001458,1h,tied,5,2
E01001459,1h,tied,5,2
E01001460,1h,tied,5,2
E01001461,1h,tied,5,2
E01001462,1h,tied,5,2
E01001465,1h,tied,5,2
E01001466,1h,tied,5,1
E01001468,1h,tied,5,2
E01001469,1h,tied,5,2
E01001470,1h,tied,5,2
E01001471,1h,tied,5,2
E01001473,1h,tied,5,1
E01001474,1h,tied,5,2
E01001475,1h,tied,5,1
E01001476,1h,tied,5,2
E01001478,1h,tied,5,2
E01001479,1h,tied,5,2
E01001480,1h,tied,5,2
E01001481,1h,tied,5,2
E01001483,1h,tied,5,2
E01001484,1h,tied,5,1
E01001485,1h,tied,5,2
E01001486,1h,tied,5,2
E01001487,1h,tied,5,2
E01001488,1h,tied,5,4
E01001489,1h,tied,5,2
E01001491,1h,tied,5,2
E01001492,1h,tied,5,2
E01001493,1h,tied,5,4
E01001494,1h,tied,5,3
E01001498,1h,tied,5,2
E01001499,1h,tied,5,2
E01001500,1h,tied,5,2
E01001501,1h,tied,5,2
E01001502,1h,tied,5,2
E01001503,1h,tied,5,1
E01001504,1h,tied,5,2
E01001505,1h,tied,5,2
E01001507,1h,tied,5,2
E01001508,1h,tied,5,2
E01001509,1h,tied,5,2
E01001511,1h,tied,5,2
E01001512,1h,tied,5,2
E01001513,1h,tied,5,2
E01001514,1h,tied,5,2
E01001515,1h,tied,5,2
E01001516,1h,tied,5,2
E01001517,1h,tied,5,2
E01001518,1h,tied,5,2
E01001520,1h,tied,5,2
E01001521,1h,tied,5,2
E01001522,1h,tied,5,2
E01001523,1h,tied,5,2
E01001524,1h,tied,5,2
E01001525,1h,tied,5,2
E01001526,1h,tied,5,2
E01001527,1h,tied,5,2
E01001528,1h,tied,5,2
E01001529,1h,tied,5,2
E01001530,1h,tied,5,2
E01001532,1h,tied,5,2
E01001534,1h,tied,5,2
E01001535,1h,tied,5,2
E01001536,1h,tied,5,2
E01001537,1h,tied,5,2
E01001538,1h,tied,5,2
E01001539,1h,tied,5,2
E01001540,1h,tied,5,2
E01001542,1h,tied,5,2
E01001543,1h,tied,5,3
E01001544,1h,tied,5,2
E01001545,1h,tied,5,1
E01001546,1h,tied,5,2
E01001547,1h,tied,5,2
E01001548,1h,tied,5,2
E01001549,1h,tied,5,2
E01001550,1h,tied,5,2
E01001551,1h,tied,5,2
E01001552,1h,tied,5,2
E01001553,1h,tied,5,2
E01001554,1h,tied,5,2
E01001555,1h,tied,5,2
E01001558,1h,tied,5,2
E01001559,1h,tied,5,2
E01001560,1h,tied,5,2
E01001563,1h,tied,5,2
E01001564,1h,tied,5,2
E01001566,1h,tied,5,2
E01001567,1h,tied,5,3
E01001568,1h,tied,5,2
E01001569,1h,tied,5,2
E01001570,1h,tied,5,3
E01001571,1h,tied,5,2
E01001572,1h,tied,5,2
E01001573,1h,tied,5,2
E01001574,1h,tied,5,2
E01001575,1h,tied,5,2
E01001576,1h,tied,5,2
E01001577,1h,tied,5,2
E01001579,1h,tied,5,4
E01001580,1h,tied,5,2
E01001581,1h,tied,5,2
E01001582,1h,tied,5,2
E01001583,1h,tied,5,2
E01001584,1h,tied,5,2
E01001586,1h,tied,5,2
E01001587,1h,tied,5,2
E01001588,1h,tied,5,2
E01001590,1h,tied,5,2
E01001591,1h,tied,5,2
E01001592,1h,tied,5,2
E01001593,1h,tied,5,2
E01001594,1h,tied,5,2
E01001596,1h,tied,5,2
E01001597,1h,tied,5,2
E01001599,1h,tied,5,2
E01001600,1h,tied,5,2
E01001601,1h,tied,5,2
E01001602,1h,tied,5,2
E01001603,1h,tied,5,2
E01001604,1h,tied,5,2
E01001605,1h,tied,5,2
E01001606,1h,tied,5,2
E01001607,1h,tied,5,2
E01001608,1h,tied,5,2
E01001609,1h,tied,5,2
E01001610,1h,tied,5,2
E01001611,1h,tied,5,2
E01001613,1h,tied,5,2
E01001614,1h,tied,5,2
E01001615,1h,tied,5,2
E01001617,1h,tied,5,2
E01001618,1h,tied,5,2
E01001619,1h,tied,5,2
E01001620,1h,tied,5,2
E01001621,1h,tied,5,2
E01001623,1h,tied,5,2
E01001624,1h,tied,5,2
E01001625,1h,tied,5,2
E01001629,1h,tied,5,2
E01001631,1h,tied,5,2
E01001632,1h,tied,5,4
E01001633,1h,tied,5,2
E01001634,1h,tied,5,2
E01001635,1h,tied,5,2
E01001637,1h,tied,5,2
E01001638,1h,tied,5,2
E01001641,1h,tied,5,2
E01001642,1h,tied,5,2
E01001644,1h,tied,5,2
E01001645,1h,tied,5,2
E01001646,1h,tied,5,2
E01001647,1h,tied,5,2
E01001648,1h,tied,5,2
E01001651,1h,tied,5,2
E01001652,1h,tied,5,2
E01001653,1h,tied,5,2
E01001654,1h,tied,5,2
E01001655,1h,tied,5,2
E01001656,1h,tied,5,2
E01001658,1h,tied,5,2
E01001659,1h,tied,5,2
E01001660,1h,tied,5,2
E01001661,1h,tied,5,2
E01001665,1h,tied,5,2
E01001666,1h,tied,5,2
E01001669,1h,tied,5,2
E01001671,1h,tied,5,2
E01001673,1h,tied,5,2
E01001674,1h,tied,5,2
E01001676,1h,tied,5,2
E01001677,1h,tied,5,2
E01001678,1h,tied,5,2
E01001680,1h,tied,5,2
E01001682,1h,tied,5,2
E01001683,1h,tied,5,2
E01001684,1h,tied,5,2
E01001685,1h,tied,5,2
E01001686,1h,tied,5,2
E01001687,1h,tied,5,2
E01001688,1h,tied,5,2
E01001690,1h,tied,5,2
E01001693,1h,tied,5,2
E01001694,1h,tied,5,2
E01001695,1h,tied,5,4
E01001696,1h,tied,5,2
E01001697,1h,tied,5,2
E01001698,1h,tied,5,2
E01001699,1h,tied,5,2
E01001700,1h,tied,5,2
E01001701,1h,tied,5,2
E01001703,1h,tied,5,2
E01001704,1h,tied,5,2
E01001705,1h,tied,5,2
E01001708,1h,tied,5,2
E01001710,1h,tied,5,2
E01001712,1h,tied,5,2
E01001714,1h,tied,5,2
E01001716,1h,tied,5,2
E01001717,1h,tied,5,2
E01001718,1h,tied,5,2
E01001719,1h,tied,5,2
E01001720,1h,tied,5,2
E01001722,1h,tied,5,2
E01001724,1h,tied,5,2
E01001726,1h,tied,5,2
E01001727,1h,tied,5,2
E01001728,1h,tied,5,2
E01001729,1h,tied,5,2
E01001730,1h,tied,5,2
E01001731,1h,tied,5,2
E01001733,1h,tied,5,2
E01001734,1h,tied,5,2
E01001735,1h,tied,5,2
E01001737,1h,tied,5,2
E01001738,1h,tied,5,2
E01001739,1h,tied,5,2
E01001740,1h,tied,5,2
E01001741,1h,tied,5,2
E01001742,1h,tied,5,2
E01001744,1h,tied,5,2
E01001745,1h,tied,5,2
E01001746,1h,tied,5,2
E01001747,1h,tied,5,2
E01001749,1h,tied,5,2
E01001750,1h,tied,5,2
E01001751,1h,tied,5,2
E01001755,1h,tied,5,2
E01001756,1h,tied,5,2
E01001757,1h,tied,5,2
E01001758,1h,tied,5,2
E01001759,1h,tied,5,2
E01001760,1h,tied,5,2
E01001761,1h,tied,5,2
E01001762,1h,tied,5,2
E01001763,1h,tied,5,2
E01001765,1h,tied,5,2
E01001767,1h,tied,5,2
E01001769,1h,tied,5,2
E01001770,1h,tied,5,2
E01001772,1h,tied,5,2
E01001773,1h,tied,5,2
E01001774,1h,tied,5,2
E01001775,1h,tied,5,2
E01001776,1h,tied,5,2
E01001777,1h,tied,5,2
E01001781,1h,tied,5,2
E01001783,1h,tied,5,2
E01001784,1h,tied,5,2
E01001786,1h,tied,5,2
E01001787,1h,tied,5,2
E01001788,1h,tied,5,2
E01001791,1h,tied,5,2
E01001792,1h,tied,5,2
E01001793,1h,tied,5,2
E01001794,1h,tied,5,2
E01001795,1h,tied,5,2
E01001796,1h,tied,5,2
E01001798,1h,tied,5,2
E01001800,1h,tied,5,2
E01001801,1h,tied,5,2
E01001802,1h,tied,5,2
E01001803,1h,tied,5,2
E01001805,1h,tied,5,2
E01001806,1h,tied,5,2
E01001807,1h,tied,5,2
E01001808,1h,tied,5,2
E01001809,1h,tied,5,2
E01001811,1h,tied,5,2
E01001813,1h,tied,5,2
E01001814,1h,tied,5,2
E01001815,1h,tied,5,2
E01001816,1h,tied,5,2
E01001819,1h,tied,5,4
E01001820,1h,tied,5,2
E01001821,1h,tied,5,2
E01001822,1h,tied,5,2
E01001824,1h,tied,5,2
E01001826,1h,tied,5,2
E01001827,1h,tied,5,2
E01001828,1h,tied,5,2
E01001829,1h,tied,5,2
E01001830,1h,tied,5,2
E01001831,1h,tied,5,2
E01001832,1h,tied,5,2
E01001834,1h,tied,5,2
E01001835,1h,tied,5,2
E01001836,1h,tied,5,2
E01001837,1h,tied,5,2
E01001839,1h,tied,5,2
E01001840,1h,tied,5,2
E01001841,1h,tied,5,2
E01001844,1h,tied,5,2
E01001845,1h,tied,5,2
E01001846,1h,tied,5,4
E01001847,1h,tied,5,2
E01001848,1h,tied,5,2
E01001849,1h,tied,5,2
E01001850,1h,tied,5,2
E01001854,1h,tied,5,2
E01001856,1h,tied,5,2
E01001857,1h,tied,5,2
E01001858,1h,tied,5,2
E01001860,1h,tied,5,2
E01001861,1h,tied,5,2
E01001866,1h,tied,5,2
E01001867,1h,tied,5,2
E01001868,1h,tied,5,2
E01001869,1h,tied,5,2
E01001871,1h,tied,5,2
E01001875,1h,tied,5,4
E01001876,1h,tied,5,2
E01001877,1h,tied,5,2
E01001879,1h,tied,5,2
E01001881,1h,tied,5,2
E01001882,1h,tied,5,2
E01001883,1h,tied,5,2
E01001884,1h,tied,5,2
E01001885,1h,tied,5,2
E01001886,1h,tied,5,2
E01001887,1h,tied,5,2
E01001891,1h,tied,5,2
E01001893,1h,tied,5,2
E01001894,1h,tied,5,2
E01001895,1h,tied,5,2
E01001896,1h,tied,5,2
E01001898,1h,tied,5,2
E01001899,1h,tied,5,2
E01001900,1h,tied,5,2
E01001902,1h,tied,5,2
E01001903,1h,tied,5,2
E01001905,1h,tied,5,2
E01001906,1h,tied,5,2
E01001907,1h,tied,5,2
E01001909,1h,tied,5,2
E01001911,1h,tied,5,2
E01001912,1h,tied,5,2
E01001913,1h,tied,5,2
E01001914,1h,tied,5,2
E01001915,1h,tied,5,2
E01001916,1h,tied,5,0
E01001918,1h,tied,5,2
E01001920,1h,tied,5,2
E01001921,1h,tied,5,2
E01001922,1h,tied,5,2
E01001923,1h,tied,5,2
E01001924,1h,tied,5,2
E01001925,1h,tied,5,2
E01001928,1h,tied,5,2
E01001929,1h,tied,5,2
E01001930,1h,tied,5,2
E01001932,1h,tied,5,2
E01001933,1h,tied,5,2
E01001937,1h,tied,5,2
E01001938,1h,tied,5,2
E01001940,1h,tied,5,2
E01001941,1h,tied,5,2
E01001942,1h,tied,5,2
E01001943,1h,tied,5,2
E01001945,1h,tied,5,2
E01001946,1h,tied,5,4
E01001948,1h,tied,5,2
E01001950,1h,tied,5,2
E01001951,1h,tied,5,2
E01001952,1h,tied,5,2
E01001953,1h,tied,5,2
E01001954,1h,tied,5,2
E01001955,1h,tied,5,2
E01001956,1h,tied,5,2
E01001957,1h,tied,5,2
E01001958,1h,tied,5,2
E01001959,1h,tied,5,2
E01001960,1h,tied,5,0
E01001961,1h,tied,5,2
E01001962,1h,tied,5,2
E01001963,1h,tied,5,2
E01001964,1h,tied,5,2
E01001966,1h,tied,5,2
E01001968,1h,tied,5,2
E01001969,1h,tied,5,2
E01001970,1h,tied,5,2
E01001971,1h,tied,5,2
E01001972,1h,tied,5,2
E01001973,1h,tied,5,2
E01001974,1h,tied,5,2
E01001976,1h,tied,5,2
E01001978,1h,tied,5,2
E01001979,1h,tied,5,2
E01001980,1h,tied,5,2
E01001981,1h,tied,5,2
E01001982,1h,tied,5,2
E01001983,1h,tied,5,2
E01001984,1h,tied,5,2
E01001986,1h,tied,5,2
E01001987,1h,tied,5,2
E01001988,1h,tied,5,2
E01001989,1h,tied,5,2
E01001990,1h,tied,5,2
E01001991,1h,tied,5,2
E01001992,1h,tied,5,2
E01001994,1h,tied,5,2
E01001995,1h,tied,5,2
E01001996,1h,tied,5,2
E01001997,1h,tied,5,2
E01001999,1h,tied,5,2
E01002002,1h,tied,5,2
E01002003,1h,tied,5,2
E01002005,1h,tied,5,2
E01002006,1h,tied,5,2
E01002007,1h,tied,5,2
E01002008,1h,tied,5,2
E01002009,1h,tied,5,2
E01002010,1h,tied,5,2
E01002011,1h,tied,5,2
E01002013,1h,tied,5,2
E01002014,1h,tied,5,2
E01002015,1h,tied,5,2
E01002017,1h,tied,5,2
E01002019,1h,tied,5,2
E01002020,1h,tied,5,2
E01002021,1h,tied,5,2
E01002022,1h,tied,5,2
E01002024,1h,tied,5,2
E01002025,1h,tied,5,2
E01002026,1h,tied,5,2
E01002028,1h,tied,5,2
E01002029,1h,tied,5,2
E01002030,1h,tied,5,2
E01002031,1h,tied,5,2
E01002032,1h,tied,5,2
E01002033,1h,tied,5,2
E01002034,1h,tied,5,2
E01002036,1h,tied,5,2
E01002037,1h,tied,5,2
E01002038,1h,tied,5,2
E01002040,1h,tied,5,2
E01002041,1h,tied,5,3
E01002042,1h,tied,5,2
E01002043,1h,tied,5,2
E01002046,1h,tied,5,2
E01002047,1h,tied,5,2
E01002048,1h,tied,5,2
E01002049,1h,tied,5,2
E01002051,1h,tied,5,2
E01002052,1h,tied,5,2
E01002053,1h,tied,5,2
E01002054,1h,tied,5,2
E01002055,1h,tied,5,2
E01002056,1h,tied,5,2
E01002058,1h,tied,5,2
E01002059,1h,tied,5,2
E01002060,1h,tied,5,2
E01002061,1h,tied,5,2
E01002062,1h,tied,5,2
E01002064,1h,tied,5,2
E01002066,1h,tied,5,2
E01002067,1h,tied,5,2
E01002068,1h,tied,5,2
E01002069,1h,tied,5,2
E01002070,1h,tied,5,2
E01002071,1h,tied,5,2
E01002072,1h,tied,5,2
E01002074,1h,tied,5,2
E01002075,1h,tied,5,2
E01002076,1h,tied,5,2
E01002077,1h,tied,5,2
E01002078,1h,tied,5,2
E01002079,1h,tied,5,2
E01002081,1h,tied,5,2
E01002082,1h,tied,5,2
E01002083,1h,tied,5,2
E01002084,1h,tied,5,2
E01002085,1h,tied,5,2
E01002086,1h,tied,5,2
E01002087,1h,tied,5,2
E01002088,1h,tied,5,2
E01002089,1h,tied,5,2
E01002090,1h,tied,5,2
E01002091,1h,tied,5,2
E01002092,1h,tied,5,2
E01002093,1h,tied,5,4
E01002094,1h,tied,5,2
E01002095,1h,tied,5,2
E01002096,1h,tied,5,2
E01002097,1h,tied,5,2
E01002098,1h,tied,5,2
E01002099,1h,tied,5,2
E01002100,1h,tied,5,2
E01002102,1h,tied,5,2
E01002103,1h,tied,5,2
E01002104,1h,tied,5,2
E01002105,1h,tied,5,2
E01002106,1h,tied,5,2
E01002108,1h,tied,5,2
E01002109,1h,tied,5,2
E01002110,1h,tied,5,2
E01002111,1h,tied,5,2
E01002112,1h,tied,5,2
E01002113,1h,tied,5,2
E01002114,1h,tied,5,2
E01002115,1h,tied,5,2
E01002116,1h,tied,5,2
E01002118,1h,tied,5,2
E01002119,1h,tied,5,2
E01002121,1h,tied,5,2
E01002123,1h,tied,5,2
E01002125,1h,tied,5,2
E01002129,1h,tied,5,2
E01002130,1h,tied,5,2
E01002132,1h,tied,5,2
E01002133,1h,tied,5,2
E01002134,1h,tied,5,2
E01002135,1h,tied,5,2
E01002136,1h,tied,5,2
E01002137,1h,tied,5,2
E01002139,1h,tied,5,2
E01002140,1h,tied,5,2
E01002141,1h,tied,5,2
E01002142,1h,tied,5,2
E01002143,1h,tied,5,2
E01002144,1h,tied,5,2
E01002145,1h,tied,5,2
E01002148,1h,tied,5,2
E01002150,1h,tied,5,2
E01002151,1h,tied,5,2
E01002152,1h,tied,5,2
E01002153,1h,tied,5,2
E01002155,1h,tied,5,2
E01002156,1h,tied,5,2
E01002157,1h,tied,5,2
E01002159,1h,tied,5,2
E01002160,1h,tied,5,2
E01002161,1h,tied,5,2
E01002162,1h,tied,5,2
E01002163,1h,tied,5,2
E01002165,1h,tied,5,2
E01002166,1h,tied,5,2
E01002169,1h,tied,5,2
E01002172,1h,tied,5,2
E01002173,1h,tied,5,2
E01002174,1h,tied,5,2
E01002175,1h,tied,5,2
E01002176,1h,tied,5,2
E01002177,1h,tied,5,2
E01002179,1h,tied,5,2
E01002181,1h,tied,5,2
E01002183,1h,tied,5,2
E01002184,1h,tied,5,2
E01002185,1h,tied,5,2
E01002186,1h,tied,5,2
E01002187,1h,tied,5,2
E01002189,1h,tied,5,2
E01002190,1h,tied,5,1
E01002191,1h,tied,5,2
E01002192,1h,tied,5,2
E01002193,1h,tied,5,2
E01002194,1h,tied,5,3
E01002195,1h,tied,5,2
E01002196,1h,tied,5,2
E01002198,1h,tied,5,2
E01002199,1h,tied,5,2
E01002200,1h,tied,5,2
E01002201,1h,tied,5,2
E01002202,1h,tied,5,2
E01002203,1h,tied,5,2
E01002204,1h,tied,5,2
E01002207,1h,tied,5,2
E01002208,1h,tied,5,2
E01002209,1h,tied,5,2
E01002211,1h,tied,5,2
E01002212,1h,tied,5,2
E01002214,1h,tied,5,2
E01002215,1h,tied,5,2
E01002216,1h,tied,5,2
E01002217,1h,tied,5,2
E01002218,1h,tied,5,2
E01002219,1h,tied,5,2
E01002221,1h,tied,5,2
E01002223,1h,tied,5,2
E01002225,1h,tied,5,2
E01002226,1h,tied,5,2
E01002227,1h,tied,5,2
E01002228,1h,tied,5,2
E01002229,1h,tied,5,4
E01002230,1h,tied,5,2
E01002231,1h,tied,5,2
E01002232,1h,tied,5,2
E01002233,1h,tied,5,2
E01002235,1h,tied,5,2
E01002240,1h,tied,5,2
E01002242,1h,tied,5,2
E01002243,1h,tied,5,2
E01002244,1h,tied,5,2
E01002245,1h,tied,5,2
E01002246,1h,tied,5,2
E01002247,1h,tied,5,2
E01002248,1h,tied,5,2
E01002250,1h,tied,5,2
E01002251,1h,tied,5,2
E01002253,1h,tied,5,2
E01002254,1h,tied,5,2
E01002257,1h,tied,5,2
E01002258,1h,tied,5,2
E01002259,1h,tied,5,2
E01002260,1h,tied,5,2
E01002261,1h,tied,5,2
E01002262,1h,tied,5,2
E01002263,1h,tied,5,2
E01002265,1h,tied,5,2
E01002266,1h,tied,5,2
E01002268,1h,tied,5,2
E01002269,1h,tied,5,2
E01002270,1h,tied,5,2
E01002271,1h,tied,5,2
E01002272,1h,tied,5,2
E01002273,1h,tied,5,2
E01002274,1h,tied,5,2
E01002276,1h,tied,5,2
E01002277,1h,tied,5,2
E01002278,1h,tied,5,4
E01002279,1h,tied,5,2
E01002281,1h,tied,5,2
E01002282,1h,tied,5,2
E01002283,1h,tied,5,2
E01002284,1h,tied,5,2
E01002285,1h,tied,5,2
E01002287,1h,tied,5,2
E01002288,1h,tied,5,2
E01002291,1h,tied,5,2
E01002292,1h,tied,5,2
E01002294,1h,tied,5,2
E01002295,1h,tied,5,2
E01002296,1h,tied,5,2
E01002297,1h,tied,5,2
E01002298,1h,tied,5,2
E01002299,1h,tied,5,2
E01002300,1h,tied,5,2
E01002301,1h,tied,5,2
E01002302,1h,tied,5,2
E01002303,1h,tied,5,2
E01002304,1h,tied,5,2
E01002305,1h,tied,5,2
E01002306,1h,tied,5,2
E01002307,1h,tied,5,2
E01002308,1h,tied,5,2
E01002309,1h,tied,5,1
E01002310,1h,tied,5,2
E01002311,1h,tied,5,2
E01002312,1h,tied,5,2
E01002313,1h,tied,5,2
E01002314,1h,tied,5,2
E01002315,1h,tied,5,2
E01002316,1h,tied,5,2
E01002317,1h,tied,5,2
E01002319,1h,tied,5,2
E01002320,1h,tied,5,2
E01002321,1h,tied,5,2
E01002322,1h,tied,5,2
E01002323,1h,tied,5,2
E01002325,1h,tied,5,2
E01002326,1h,tied,5,2
E01002327,1h,tied,5,2
E01002328,1h,tied,5,2
E01002329,1h,tied,5,2
E01002331,1h,tied,5,2
E01002332,1h,tied,5,2
E01002333,1h,tied,5,2
E01002334,1h,tied,5,2
E01002335,1h,tied,5,2
E01002336,1h,tied,5,2
E01002337,1h,tied,5,2
E01002338,1h,tied,5,2
E01002339,1h,tied,5,1
E01002340,1h,tied,5,2
E01002341,1h,tied,5,2
E01002342,1h,tied,5,2
E01002344,1h,tied,5,2
E01002345,1h,tied,5,2
E01002346,1h,tied,5,2
E01002347,1h,tied,5,2
E01002348,1h,tied,5,2
E01002349,1h,tied,5,4
E01002350,1h,tied,5,2
E01002352,1h,tied,5,2
E01002353,1h,tied,5,2
E01002354,1h,tied,5,2
E01002356,1h,tied,5,2
E01002358,1h,tied,5,2
E01002360,1h,tied,5,2
E01002361,1h,tied,5,2
E01002362,1h,tied,5,2
E01002363,1h,tied,5,2
E01002364,1h,tied,5,2
E01002365,1h,tied,5,2
E01002366,1h,tied,5,4
E01002367,1h,tied,5,2
E01002368,1h,tied,5,2
E01002369,1h,tied,5,2
E01002370,1h,tied,5,2
E01002371,1h,tied,5,2
E01002372,1h,tied,5,2
E01002373,1h,tied,5,2
E01002374,1h,tied,5,2
E01002375,1h,tied,5,2
E01002376,1h,tied,5,4
E01002377,1h,tied,5,2
E01002379,1h,tied,5,2
E01002380,1h,tied,5,2
E01002382,1h,tied,5,2
E01002383,1h,tied,5,2
E01002384,1h,tied,5,2
E01002385,1h,tied,5,2
E01002386,1h,tied,5,2
E01002388,1h,tied,5,2
E01002389,1h,tied,5,2
E01002390,1h,tied,5,1
E01002391,1h,tied,5,2
E01002392,1h,tied,5,2
E01002393,1h,tied,5,4
E01002396,1h,tied,5,2
E01002397,1h,tied,5,2
E01002400,1h,tied,5,2
E01002401,1h,tied,5,2
E01002402,1h,tied,5,2
E01002403,1h,tied,5,2
E01002404,1h,tied,5,2
E01002405,1h,tied,5,2
E01002408,1h,tied,5,2
E01002409,1h,tied,5,2
E01002410,1h,tied,5,2
E01002411,1h,tied,5,2
E01002412,1h,tied,5,2
E01002413,1h,tied,5,4
E01002414,1h,tied,5,2
E01002417,1h,tied,5,2
E01002419,1h,tied,5,2
E01002420,1h,tied,5,2
E01002421,1h,tied,5,2
E01002422,1h,tied,5,2
E01002423,1h,tied,5,2
E01002424,1h,tied,5,2
E01002425,1h,tied,5,2
E01002426,1h,tied,5,2
E01002427,1h,tied,5,4
E01002428,1h,tied,5,2
E01002429,1h,tied,5,2
E01002430,1h,tied,5,1
E01002431,1h,tied,5,3
E01002432,1h,tied,5,2
E01002433,1h,tied,5,2
E01002434,1h,tied,5,1
E01002435,1h,tied,5,2
E01002436,1h,tied,5,2
E01002437,1h,tied,5,2
E01002438,1h,tied,5,1
E01002439,1h,tied,5,2
E01002440,1h,tied,5,2
E01002441,1h,tied,5,2
E01002442,1h,tied,5,2
E01002443,1h,tied,5,4
E01002444,1h,tied,5,2
E01002445,1h,tied,5,2
E01002446,1h,tied,5,2
E01002447,1h,tied,5,2
E01002448,1h,tied,5,2
E01002449,1h,tied,5,2
E01002451,1h,tied,5,2
E01002452,1h,tied,5,2
E01002453,1h,tied,5,2
E01002455,1h,tied,5,2
E01002456,1h,tied,5,4
E01002457,1h,tied,5,2
E01002458,1h,tied,5,2
E01002460,1h,tied,5,2
E01002461,1h,tied,5,2
E01002462,1h,tied,5,2
E01002463,1h,tied,5,2
E01002464,1h,tied,5,1
E01002465,1h,tied,5,2
E01002467,1h,tied,5,2
E01002468,1h,tied,5,2
E01002470,1h,tied,5,2
E01002471,1h,tied,5,2
E01002472,1h,tied,5,2
E01002473,1h,tied,5,2
E01002474,1h,tied,5,2
E01002475,1h,tied,5,2
E01002478,1h,tied,5,2
E01002479,1h,tied,5,2
E01002481,1h,tied,5,2
E01002482,1h,tied,5,2
E01002483,1h,tied,5,2
E01002484,1h,tied,5,3
E01002485,1h,tied,5,2
E01002486,1h,tied,5,2
E01002487,1h,tied,5,2
E01002488,1h,tied,5,2
E01002489,1h,tied,5,2
E01002490,1h,tied,5,2
E01002492,1h,tied,5,2
E01002495,1h,tied,5,2
E01002496,1h,tied,5,2
E01002497,1h,tied,5,2
E01002499,1h,tied,5,2
E01002501,1h,tied,5,4
E01002503,1h,tied,5,2
E01002505,1h,tied,5,2
E01002506,1h,tied,5,2
E01002508,1h,tied,5,2
E01002509,1h,tied,5,2
E01002511,1h,tied,5,2
E01002512,1h,tied,5,2
E01002513,1h,tied,5,2
E01002514,1h,tied,5,2
E01002516,1h,tied,5,2
E01002518,1h,tied,5,2
E01002519,1h,tied,5,2
E01002521,1h,tied,5,2
E01002523,1h,tied,5,2
E01002525,1h,tied,5,4
E01002526,1h,tied,5,2
E01002527,1h,tied,5,4
E01002529,1h,tied,5,2
E01002530,1h,tied,5,4
E01002533,1h,tied,5,2
E01002534,1h,tied,5,2
E01002535,1h,tied,5,2
E01002536,1h,tied,5,2
E01002537,1h,tied,5,2
E01002538,1h,tied,5,2
E01002539,1h,tied,5,2
E01002540,1h,tied,5,2
E01002541,1h,tied,5,2
E01002542,1h,tied,5,2
E01002543,1h,tied,5,4
E01002544,1h,tied,5,2
E01002546,1h,tied,5,4
E01002547,1h,tied,5,2
E01002548,1h,tied,5,4
E01002549,1h,tied,5,2
E01002551,1h,tied,5,4
E01002552,1h,tied,5,2
E01002553,1h,tied,5,2
E01002555,1h,tied,5,2
E01002556,1h,tied,5,2
E01002557,1h,tied,5,2
E01002558,1h,tied,5,2
E01002559,1h,tied,5,4
E01002560,1h,tied,5,4
E01002562,1h,tied,5,2
E01002563,1h,tied,5,2
E01002564,1h,tied,5,2
E01002565,1h,tied,5,2
E01002569,1h,tied,5,2
E01002570,1h,tied,5,2
E01002571,1h,tied,5,2
E01002572,1h,tied,5,2
E01002573,1h,tied,5,2
E01002574,1h,tied,5,2
E01002575,1h,tied,5,2
E01002576,1h,tied,5,2
E01002577,1h,tied,5,3
E01002578,1h,tied,5,2
E01002579,1h,tied,5,2
E01002581,1h,tied,5,2
E01002583,1h,tied,5,4
E01002584,1h,tied,5,4
E01002585,1h,tied,5,2
E01002587,1h,tied,5,4
E01002588,1h,tied,5,4
E01002589,1h,tied,5,4
E01002590,1h,tied,5,2
E01002591,1h,tied,5,4
E01002592,1h,tied,5,2
E01002593,1h,tied,5,2
E01002594,1h,tied,5,2
E01002595,1h,tied,5,2
E01002596,1h,tied,5,4
E01002598,1h,tied,5,2
E01002601,1h,tied,5,2
E01002602,1h,tied,5,2
E01002603,1h,tied,5,4
E01002604,1h,tied,5,4
E01002605,1h,tied,5,2
E01002606,1h,tied,5,2
E01002607,1h,tied,5,2
E01002608,1h,tied,5,2
E01002609,1h,tied,5,2
E01002610,1h,tied,5,2
E01002611,1h,tied,5,2
E01002612,1h,tied,5,2
E01002613,1h,tied,5,2
E01002614,1h,tied,5,2
E01002615,1h,tied,5,4
E01002616,1h,tied,5,2
E01002617,1h,tied,5,2
E01002618,1h,tied,5,4
E01002619,1h,tied,5,4
E01002620,1h,tied,5,4
E01002621,1h,tied,5,2
E01002622,1h,tied,5,2
E01002623,1h,tied,5,4
E01002624,1h,tied,5,2
E01002626,1h,tied,5,2
E01002628,1h,tied,5,2
E01002629,1h,tied,5,2
E01002630,1h,tied,5,2
E01002631,1h,tied,5,2
E01002632,1h,tied,5,2
E01002633,1h,tied,5,4
E01002634,1h,tied,5,4
E01002635,1h,tied,5,2
E01002636,1h,tied,5,4
E01002637,1h,tied,5,2
E01002638,1h,tied,5,2
E01002639,1h,tied,5,1
E01002640,1h,tied,5,2
E01002643,1h,tied,5,2
E01002646,1h,tied,5,2
E01002647,1h,tied,5,4
E01002649,1h,tied,5,2
E01002650,1h,tied,5,2
E01002651,1h,tied,5,4
E01002652,1h,tied,5,2
E01002653,1h,tied,5,2
E01002654,1h,tied,5,2
E01002655,1h,tied,5,2
E01002657,1h,tied,5,2
E01002659,1h,tied,5,2
E01002661,1h,tied,5,2
E01002662,1h,tied,5,2
E01002663,1h,tied,5,4
E01002665,1h,tied,5,2
E01002666,1h,tied,5,4
E01002667,1h,tied,5,2
E01002668,1h,tied,5,2
E01002669,1h,tied,5,2
E01002670,1h,tied,5,2
E01002671,1h,tied,5,2
E01002672,1h,tied,5,2
E01002674,1h,tied,5,2
E01002675,1h,tied,5,2
E01002676,1h,tied,5,2
E01002677,1h,tied,5,2
E01002678,1h,tied,5,2
E01002679,1h,tied,5,2
E01002680,1h,tied,5,2
E01002681,1h,tied,5,2
E01002682,1h,tied,5,2
E01002686,1h,tied,5,2
E01002687,1h,tied,5,1
E01002690,1h,tied,5,2
E01002691,1h,tied,5,2
E01002692,1h,tied,5,2
E01002693,1h,tied,5,2
E01002694,1h,tied,5,2
E01002695,1h,tied,5,2
E01002696,1h,tied,5,2
E01002697,1h,tied,5,2
E01002698,1h,tied,5,2
E01002700,1h,tied,5,2
E01002701,1h,tied,5,2
E01002702,1h,tied,5,2
E01002703,1h,tied,5,1
E01002704,1h,tied,5,2
E01002706,1h,tied,5,2
E01002707,1h,tied,5,2
E01002708,1h,tied,5,2
E01002709,1h,tied,5,2
E01002710,1h,tied,5,2
E01002711,1h,tied,5,2
E01002712,1h,tied,5,2
E01002713,1h,tied,5,2
E01002714,1h,tied,5,2
E01002716,1h,tied,5,2
E01002717,1h,tied,5,2
E01002718,1h,tied,5,2
E01002719,1h,tied,5,2
E01002720,1h,tied,5,2
E01002721,1h,tied,5,2
E01002723,1h,tied,5,2
E01002724,1h,tied,5,2
E01002726,1h,tied,5,2
E01002727,1h,tied,5,2
E01002728,1h,tied,5,2
E01002730,1h,tied,5,2
E01002732,1h,tied,5,2
E01002734,1h,tied,5,2
E01002735,1h,tied,5,0
E01002737,1h,tied,5,2
E01002738,1h,tied,5,2
E01002741,1h,tied,5,2
E01002742,1h,tied,5,2
E01002743,1h,tied,5,2
E01002744,1h,tied,5,2
E01002745,1h,tied,5,2
E01002747,1h,tied,5,2
E01002748,1h,tied,5,2
E01002749,1h,tied,5,2
E01002751,1h,tied,5,2
E01002752,1h,tied,5,2
E01002754,1h,tied,5,2
E01002756,1h,tied,5,2
E01002758,1h,tied,5,2
E01002759,1h,tied,5,2
E01002762,1h,tied,5,2
E01002763,1h,tied,5,2
E01002764,1h,tied,5,2
E01002765,1h,tied,5,2
E01002766,1h,tied,5,2
E01002767,1h,tied,5,2
E01002768,1h,tied,5,2
E01002770,1h,tied,5,2
E01002771,1h,tied,5,2
E01002772,1h,tied,5,2
E01002773,1h,tied,5,2
E01002774,1h,tied,5,2
E01002775,1h,tied,5,2
E01002776,1h,tied,5,2
E01002778,1h,tied,5,2
E01002779,1h,tied,5,2
E01002780,1h,tied,5,2
E01002781,1h,tied,5,2
E01002782,1h,tied,5,2
E01002783,1h,tied,5,2
E01002784,1h,tied,5,2
E01002785,1h,tied,5,2
E01002786,1h,tied,5,2
E01002787,1h,tied,5,2
E01002788,1h,tied,5,2
E01002789,1h,tied,5,2
E01002790,1h,tied,5,2
E01002791,1h,tied,5,2
E01002792,1h,tied,5,2
E01002793,1h,tied,5,2
E01002794,1h,tied,5,2
E01002795,1h,tied,5,2
E01002796,1h,tied,5,2
E01002797,1h,tied,5,2
E01002798,1h,tied,5,2
E01002799,1h,tied,5,2
E01002801,1h,tied,5,2
E01002804,1h,tied,5,2
E01002805,1h,tied,5,2
E01002807,1h,tied,5,2
E01002808,1h,tied,5,2
E01002810,1h,tied,5,2
E01002811,1h,tied,5,2
E01002814,1h,tied,5,2
E01002815,1h,tied,5,2
E01002817,1h,tied,5,2
E01002818,1h,tied,5,2
E01002819,1h,tied,5,2
E01002821,1h,tied,5,2
E01002823,1h,tied,5,1
E01002825,1h,tied,5,2
E01002826,1h,tied,5,2
E01002827,1h,tied,5,2
E01002828,1h,tied,5,2
E01002829,1h,tied,5,2
E01002830,1h,tied,5,2
E01002831,1h,tied,5,2
E01002832,1h,tied,5,2
E01002833,1h,tied,5,2
E01002835,1h,tied,5,2
E01002836,1h,tied,5,2
E01002837,1h,tied,5,2
E01002839,1h,tied,5,2
E01002840,1h,tied,5,2
E01002843,1h,tied,5,2
E01002844,1h,tied,5,2
E01002845,1h,tied,5,2
E01002846,1h,tied,5,2
E01002847,1h,tied,5,2
E01002849,1h,tied,5,2
E01002850,1h,tied,5,2
E01002851,1h,tied,5,2
E01002852,1h,tied,5,2
E01002854,1h,tied,5,2
E01002856,1h,tied,5,2
E01002858,1h,tied,5,2
E01002859,1h,tied,5,2
E01002860,1h,tied,5,2
E01002861,1h,tied,5,2
E01002862,1h,tied,5,2
E01002863,1h,tied,5,2
E01002864,1h,tied,5,2
E01002865,1h,tied,5,2
E01002866,1h,tied,5,2
E01002867,1h,tied,5,2
E01002868,1h,tied,5,2
E01002869,1h,tied,5,2
E01002870,1h,tied,5,2
E01002871,1h,tied,5,2
E01002873,1h,tied,5,2
E01002874,1h,tied,5,2
E01002875,1h,tied,5,2
E01002877,1h,tied,5,2
E01002878,1h,tied,5,2
E01002880,1h,tied,5,2
E01002882,1h,tied,5,2
E01002883,1h,tied,5,2
E01002884,1h,tied,5,2
E01002885,1h,tied,5,2
E01002886,1h,tied,5,2
E01002887,1h,tied,5,2
E01002888,1h,tied,5,2
E01002889,1h,tied,5,2
E01002891,1h,tied,5,2
E01002892,1h,tied,5,2
E01002893,1h,tied,5,2
E01002894,1h,tied,5,2
E01002896,1h,tied,5,2
E01002897,1h,tied,5,2
E01002898,1h,tied,5,2
E01002899,1h,tied,5,2
E01002900,1h,tied,5,2
E01002901,1h,tied,5,2
E01002902,1h,tied,5,2
E01002903,1h,tied,5,2
E01002905,1h,tied,5,2
E01002906,1h,tied,5,2
E01002908,1h,tied,5,2
E01002909,1h,tied,5,2
E01002910,1h,tied,5,2
E01002911,1h,tied,5,2
E01002912,1h,tied,5,2
E01002913,1h,tied,5,2
E01002914,1h,tied,5,2
E01002915,1h,tied,5,2
E01002916,1h,tied,5,2
E01002918,1h,tied,5,2
E01002919,1h,tied,5,2
E01002920,1h,tied,5,2
E01002921,1h,tied,5,2
E01002922,1h,tied,5,2
E01002923,1h,tied,5,2
E01002925,1h,tied,5,2
E01002926,1h,tied,5,2
E01002928,1h,tied,5,2
E01002929,1h,tied,5,2
E01002930,1h,tied,5,2
E01002931,1h,tied,5,2
E01002932,1h,tied,5,2
E01002933,1h,tied,5,1
E01002935,1h,tied,5,2
E01002938,1h,tied,5,2
E01002939,1h,tied,5,2
E01002940,1h,tied,5,2
E01002941,1h,tied,5,2
E01002942,1h,tied,5,2
E01002943,1h,tied,5,1
E01002944,1h,tied,5,2
E01002945,1h,tied,5,2
E01002946,1h,tied,5,2
E01002947,1h,tied,5,2
E01002948,1h,tied,5,2
E01002949,1h,tied,5,2
E01002950,1h,tied,5,2
E01002951,1h,tied,5,2
E01002952,1h,tied,5,2
E01002953,1h,tied,5,2
E01002954,1h,tied,5,2
E01002955,1h,tied,5,2
E01002956,1h,tied,5,2
E01002957,1h,tied,5,2
E01002959,1h,tied,5,2
E01002960,1h,tied,5,2
E01002961,1h,tied,5,2
E01002963,1h,tied,5,2
E01002964,1h,tied,5,2
E01002965,1h,tied,5,2
E01002966,1h,tied,5,2
E01002967,1h,tied,5,2
E01002968,1h,tied,5,2
E01002969,1h,tied,5,2
E01002970,1h,tied,5,2
E01002971,1h,tied,5,2
E01002972,1h,tied,5,2
E01002973,1h,tied,5,2
E01002974,1h,tied,5,2
E01002975,1h,tied,5,2
E01002977,1h,tied,5,2
E01002978,1h,tied,5,2
E01002981,1h,tied,5,2
E01002982,1h,tied,5,2
E01002983,1h,tied,5,2
E01002984,1h,tied,5,2
E01002985,1h,tied,5,2
E01002986,1h,tied,5,1
E01002987,1h,tied,5,2
E01002988,1h,tied,5,2
E01002990,1h,tied,5,2
E01002991,1h,tied,5,2
E01002993,1h,tied,5,2
E01002994,1h,tied,5,2
E01002995,1h,tied,5,2
E01002996,1h,tied,5,2
E01002997,1h,tied,5,2
E01002998,1h,tied,5,2
E01002999,1h,tied,5,2
E01003000,1h,tied,5,2
E01003001,1h,tied,5,2
E01003002,1h,tied,5,2
E01003005,1h,tied,5,2
E01003006,1h,tied,5,2
E01003007,1h,tied,5,2
E01003008,1h,tied,5,2
E01003009,1h,tied,5,2
E01003010,1h,tied,5,2
E01003011,1h,tied,5,2
E01003013,1h,tied,5,2
E01003014,1h,tied,5,2
E01003015,1h,tied,5,2
E01003016,1h,tied,5,2
E01003018,1h,tied,5,2
E01003019,1h,tied,5,2
E01003020,1h,tied,5,2
E01003023,1h,tied,5,2
E01003024,1h,tied,5,2
E01003025,1h,tied,5,2
E01003026,1h,tied,5,2
E01003029,1h,tied,5,2
E01003030,1h,tied,5,2
E01003031,1h,tied,5,2
E01003032,1h,tied,5,2
E01003034,1h,tied,5,2
E01003035,1h,tied,5,2
E01003037,1h,tied,5,2
E01003039,1h,tied,5,2
E01003040,1h,tied,5,2
E01003041,1h,tied,5,2
E01003042,1h,tied,5,2
E01003043,1h,tied,5,2
E01003044,1h,tied,5,2
E01003045,1h,tied,5,2
E01003046,1h,tied,5,2
E01003047,1h,tied,5,2
E01003048,1h,tied,5,2
E01003050,1h,tied,5,2
E01003051,1h,tied,5,2
E01003052,1h,tied,5,2
E01003053,1h,tied,5,2
E01003055,1h,tied,5,2
E01003057,1h,tied,5,2
E01003058,1h,tied,5,2
E01003059,1h,tied,5,2
E01003060,1h,tied,5,2
E01003061,1h,tied,5,2
E01003062,1h,tied,5,2
E01003064,1h,tied,5,2
E01003066,1h,tied,5,2
E01003067,1h,tied,5,2
E01003068,1h,tied,5,2
E01003069,1h,tied,5,2
E01003071,1h,tied,5,2
E01003072,1h,tied,5,2
E01003074,1h,tied,5,2
E01003076,1h,tied,5,2
E01003077,1h,tied,5,2
E01003078,1h,tied,5,2
E01003079,1h,tied,5,2
E01003080,1h,tied,5,2
E01003081,1h,tied,5,2
E01003082,1h,tied,5,2
E01003083,1h,tied,5,2
E01003085,1h,tied,5,2
E01003086,1h,tied,5,2
E01003087,1h,tied,5,2
E01003089,1h,tied,5,2
E01003090,1h,tied,5,2
E01003091,1h,tied,5,2
E01003093,1h,tied,5,2
E01003096,1h,tied,5,2
E01003097,1h,tied,5,2
E01003099,1h,tied,5,2
E01003100,1h,tied,5,2
E01003101,1h,tied,5,2
E01003102,1h,tied,5,2
E01003104,1h,tied,5,2
E01003105,1h,tied,5,2
E01003106,1h,tied,5,2
E01003107,1h,tied,5,2
E01003108,1h,tied,5,2
E01003110,1h,tied,5,2
E01003112,1h,tied,5,2
E01003114,1h,tied,5,2
E01003115,1h,tied,5,2
E01003117,1h,tied,5,2
E01003118,1h,tied,5,2
E01003119,1h,tied,5,2
E01003120,1h,tied,5,2
E01003121,1h,tied,5,2
E01003122,1h,tied,5,2
E01003124,1h,tied,5,2
E01003125,1h,tied,5,2
E01003126,1h,tied,5,2
E01003127,1h,tied,5,2
E01003128,1h,tied,5,2
E01003130,1h,tied,5,2
E01003131,1h,tied,5,2
E01003132,1h,tied,5,2
E01003133,1h,tied,5,2
E01003134,1h,tied,5,2
E01003137,1h,tied,5,2
E01003138,1h,tied,5,2
E01003139,1h,tied,5,2
E01003141,1h,tied,5,2
E01003144,1h,tied,5,2
E01003145,1h,tied,5,2
E01003146,1h,tied,5,2
E01003147,1h,tied,5,2
E01003148,1h,tied,5,2
E01003149,1h,tied,5,2
E01003150,1h,tied,5,2
E01003151,1h,tied,5,2
E01003152,1h,tied,5,4
E01003153,1h,tied,5,2
E01003154,1h,tied,5,2
E01003156,1h,tied,5,2
E01003158,1h,tied,5,2
E01003159,1h,tied,5,2
E01003160,1h,tied,5,2
E01003161,1h,tied,5,2
E01003162,1h,tied,5,2
E01003163,1h,tied,5,2
E01003164,1h,tied,5,2
E01003165,1h,tied,5,2
E01003166,1h,tied,5,2
E01003167,1h,tied,5,2
E01003169,1h,tied,5,2
E01003170,1h,tied,5,2
E01003172,1h,tied,5,2
E01003174,1h,tied,5,2
E01003175,1h,tied,5,2
E01003176,1h,tied,5,2
E01003177,1h,tied,5,2
E01003178,1h,tied,5,2
E01003179,1h,tied,5,4
E01003180,1h,tied,5,2
E01003181,1h,tied,5,2
E01003182,1h,tied,5,2
E01003183,1h,tied,5,2
E01003184,1h,tied,5,2
E01003185,1h,tied,5,2
E01003186,1h,tied,5,2
E01003187,1h,tied,5,2
E01003189,1h,tied,5,0
E01003190,1h,tied,5,2
E01003191,1h,tied,5,2
E01003192,1h,tied,5,2
E01003193,1h,tied,5,2
E01003194,1h,tied,5,2
E01003195,1h,tied,5,2
E01003196,1h,tied,5,0
E01003198,1h,tied,5,2
E01003199,1h,tied,5,2
E01003200,1h,tied,5,2
E01003201,1h,tied,5,2
E01003202,1h,tied,5,2
E01003203,1h,tied,5,2
E01003205,1h,tied,5,4
E01003207,1h,tied,5,2
E01003209,1h,tied,5,2
E01003210,1h,tied,5,2
E01003211,1h,tied,5,2
E01003212,1h,tied,5,2
E01003213,1h,tied,5,2
E01003214,1h,tied,5,2
E01003215,1h,tied,5,2
E01003217,1h,tied,5,2
E01003218,1h,tied,5,2
E01003219,1h,tied,5,2
E01003220,1h,tied,5,2
E01003221,1h,tied,5,2
E01003222,1h,tied,5,2
E01003223,1h,tied,5,2
E01003224,1h,tied,5,2
E01003225,1h,tied,5,2
E01003226,1h,tied,5,2
E01003227,1h,tied,5,2
E01003228,1h,tied,5,2
E01003229,1h,tied,5,2
E01003230,1h,tied,5,2
E01003231,1h,tied,5,2
E01003232,1h,tied,5,2
E01003233,1h,tied,5,2
E01003235,1h,tied,5,2
E01003236,1h,tied,5,2
E01003237,1h,tied,5,2
E01003238,1h,tied,5,2
E01003239,1h,tied,5,2
E01003240,1h,tied,5,2
E01003241,1h,tied,5,2
E01003243,1h,tied,5,2
E01003244,1h,tied,5,2
E01003245,1h,tied,5,2
E01003246,1h,tied,5,2
E01003247,1h,tied,5,2
E01003248,1h,tied,5,2
E01003249,1h,tied,5,2
E01003251,1h,tied,5,2
E01003253,1h,tied,5,2
E01003254,1h,tied,5,2
E01003255,1h,tied,5,2
E01003256,1h,tied,5,2
E01003257,1h,tied,5,2
E01003258,1h,tied,5,2
E01003259,1h,tied,5,2
E01003260,1h,tied,5,2
E01003261,1h,tied,5,2
E01003263,1h,tied,5,2
E01003264,1h,tied,5,2
E01003265,1h,tied,5,2
E01003266,1h,tied,5,2
E01003267,1h,tied,5,4
E01003268,1h,tied,5,2
E01003269,1h,tied,5,2
E01003270,1h,tied,5,2
E01003271,1h,tied,5,0
E01003272,1h,tied,5,2
E01003273,1h,tied,5,2
E01003274,1h,tied,5,2
E01003275,1h,tied,5,2
E01003276,1h,tied,5,2
E01003277,1h,tied,5,2
E01003278,1h,tied,5,2
E01003279,1h,tied,5,2
E01003280,1h,tied,5,2
E01003281,1h,tied,5,2
E01003282,1h,tied,5,2
E01003283,1h,tied,5,2
E01003284,1h,tied,5,2
E01003285,1h,tied,5,2
E01003286,1h,tied,5,2
E01003287,1h,tied,5,2
E01003288,1h,tied,5,2
E01003290,1h,tied,5,2
E01003291,1h,tied,5,2
E01003292,1h,tied,5,2
E01003293,1h,tied,5,2
E01003295,1h,tied,5,4
E01003298,1h,tied,5,2
E01003299,1h,tied,5,2
E01003300,1h,tied,5,2
E01003301,1h,tied,5,2
E01003303,1h,tied,5,2
E01003304,1h,tied,5,2
E01003305,1h,tied,5,2
E01003307,1h,tied,5,2
E01003308,1h,tied,5,2
E01003309,1h,tied,5,2
E01003310,1h,tied,5,2
E01003311,1h,tied,5,2
E01003312,1h,tied,5,2
E01003313,1h,tied,5,4
E01003314,1h,tied,5,4
E01003315,1h,tied,5,2
E01003316,1h,tied,5,2
E01003318,1h,tied,5,2
E01003319,1h,tied,5,2
E01003320,1h,tied,5,2
E01003321,1h,tied,5,2
E01003322,1h,tied,5,2
E01003324,1h,tied,5,2
E01003325,1h,tied,5,2
E01003326,1h,tied,5,2
E01003327,1h,tied,5,2
E01003328,1h,tied,5,2
E01003330,1h,tied,5,2
E01003331,1h,tied,5,2
E01003332,1h,tied,5,2
E01003333,1h,tied,5,2
E01003334,1h,tied,5,2
E01003335,1h,tied,5,2
E01003336,1h,tied,5,2
E01003337,1h,tied,5,2
E01003338,1h,tied,5,2
E01003339,1h,tied,5,2
E01003340,1h,tied,5,2
E01003341,1h,tied,5,2
E01003342,1h,tied,5,2
E01003344,1h,tied,5,2
E01003346,1h,tied,5,2
E01003347,1h,tied,5,2
E01003348,1h,tied,5,2
E01003350,1h,tied,5,2
E01003351,1h,tied,5,2
E01003352,1h,tied,5,2
E01003353,1h,tied,5,2
E01003354,1h,tied,5,4
E01003355,1h,tied,5,2
E01003356,1h,tied,5,2
E01003357,1h,tied,5,2
E01003358,1h,tied,5,2
E01003359,1h,tied,5,2
E01003360,1h,tied,5,2
E01003361,1h,tied,5,2
E01003362,1h,tied,5,2
E01003363,1h,tied,5,2
E01003364,1h,tied,5,2
E01003365,1h,tied,5,2
E01003366,1h,tied,5,2
E01003368,1h,tied,5,2
E01003370,1h,tied,5,2
E01003372,1h,tied,5,2
E01003373,1h,tied,5,4
E01003374,1h,tied,5,2
E01003375,1h,tied,5,2
E01003376,1h,tied,5,2
E01003377,1h,tied,5,2
E01003378,1h,tied,5,4
E01003379,1h,tied,5,2
E01003380,1h,tied,5,2
E01003382,1h,tied,5,2
E01003383,1h,tied,5,2
E01003384,1h,tied,5,2
E01003386,1h,tied,5,2
E01003387,1h,tied,5,2
E01003388,1h,tied,5,2
E01003389,1h,tied,5,2
E01003390,1h,tied,5,2
E01003392,1h,tied,5,2
E01003393,1h,tied,5,2
E01003394,1h,tied,5,2
E01003398,1h,tied,5,2
E01003399,1h,tied,5,2
E01003400,1h,tied,5,2
E01003401,1h,tied,5,2
E01003402,1h,tied,5,2
E01003403,1h,tied,5,2
E01003404,1h,tied,5,2
E01003405,1h,tied,5,2
E01003406,1h,tied,5,2
E01003407,1h,tied,5,2
E01003409,1h,tied,5,2
E01003410,1h,tied,5,4
E01003411,1h,tied,5,2
E01003412,1h,tied,5,2
E01003413,1h,tied,5,2
E01003414,1h,tied,5,2
E01003415,1h,tied,5,2
E01003416,1h,tied,5,2
E01003417,1h,tied,5,2
E01003419,1h,tied,5,2
E01003420,1h,tied,5,2
E01003421,1h,tied,5,2
E01003422,1h,tied,5,2
E01003423,1h,tied,5,2
E01003426,1h,tied,5,2
E01003427,1h,tied,5,2
E01003428,1h,tied,5,2
E01003430,1h,tied,5,2
E01003431,1h,tied,5,2
E01003432,1h,tied,5,2
E01003433,1h,tied,5,2
E01003434,1h,tied,5,2
E01003435,1h,tied,5,2
E01003436,1h,tied,5,2
E01003437,1h,tied,5,2
E01003438,1h,tied,5,2
E01003439,1h,tied,5,2
E01003440,1h,tied,5,2
E01003441,1h,tied,5,2
E01003442,1h,tied,5,2
E01003444,1h,tied,5,2
E01003445,1h,tied,5,2
E01003446,1h,tied,5,2
E01003447,1h,tied,5,2
E01003448,1h,tied,5,2
E01003449,1h,tied,5,2
E01003450,1h,tied,5,2
E01003451,1h,tied,5,2
E01003452,1h,tied,5,2
E01003454,1h,tied,5,2
E01003455,1h,tied,5,2
E01003456,1h,tied,5,2
E01003459,1h,tied,5,2
E01003460,1h,tied,5,2
E01003461,1h,tied,5,2
E01003462,1h,tied,5,2
E01003463,1h,tied,5,2
E01003464,1h,tied,5,2
E01003465,1h,tied,5,2
E01003467,1h,tied,5,2
E01003468,1h,tied,5,1
E01003469,1h,tied,5,2
E01003470,1h,tied,5,2
E01003471,1h,tied,5,2
E01003478,1h,tied,5,2
E01003479,1h,tied,5,2
E01003480,1h,tied,5,2
E01003481,1h,tied,5,2
E01003483,1h,tied,5,2
E01003485,1h,tied,5,2
E01003486,1h,tied,5,2
E01003487,1h,tied,5,2
E01003491,1h,tied,5,2
E01003492,1h,tied,5,4
E01003494,1h,tied,5,2
E01003497,1h,tied,5,2
E01003498,1h,tied,5,2
E01003499,1h,tied,5,2
E01003500,1h,tied,5,4
E01003501,1h,tied,5,2
E01003502,1h,tied,5,2
E01003503,1h,tied,5,2
E01003506,1h,tied,5,2
E01003507,1h,tied,5,2
E01003508,1h,tied,5,2
E01003509,1h,tied,5,2
E01003512,1h,tied,5,2
E01003513,1h,tied,5,2
E01003515,1h,tied,5,2
E01003516,1h,tied,5,2
E01003517,1h,tied,5,2
E01003518,1h,tied,5,2
E01003520,1h,tied,5,2
E01003521,1h,tied,5,2
E01003523,1h,tied,5,2
E01003524,1h,tied,5,2
E01003525,1h,tied,5,2
E01003528,1h,tied,5,2
E01003529,1h,tied,5,2
E01003530,1h,tied,5,2
E01003531,1h,tied,5,2
E01003532,1h,tied,5,2
E01003533,1h,tied,5,4
E01003534,1h,tied,5,2
E01003535,1h,tied,5,2
E01003536,1h,tied,5,2
E01003537,1h,tied,5,2
E01003538,1h,tied,5,2
E01003539,1h,tied,5,2
E01003540,1h,tied,5,2
E01003541,1h,tied,5,2
E01003542,1h,tied,5,2
E01003543,1h,tied,5,2
E01003544,1h,tied,5,2
E01003545,1h,tied,5,2
E01003549,1h,tied,5,2
E01003550,1h,tied,5,4
E01003551,1h,tied,5,2
E01003553,1h,tied,5,2
E01003555,1h,tied,5,2
E01003556,1h,tied,5,2
E01003558,1h,tied,5,2
E01003559,1h,tied,5,2
E01003561,1h,tied,5,2
E01003562,1h,tied,5,2
E01003564,1h,tied,5,2
E01003565,1h,tied,5,2
E01003566,1h,tied,5,2
E01003567,1h,tied,5,2
E01003569,1h,tied,5,2
E01003570,1h,tied,5,2
E01003571,1h,tied,5,2
E01003572,1h,tied,5,2
E01003573,1h,tied,5,2
E01003574,1h,tied,5,2
E01003575,1h,tied,5,2
E01003576,1h,tied,5,2
E01003578,1h,tied,5,2
E01003581,1h,tied,5,2
E01003583,1h,tied,5,2
E01003586,1h,tied,5,2
E01003587,1h,tied,5,2
E01003590,1h,tied,5,2
E01003591,1h,tied,5,2
E01003593,1h,tied,5,2
E01003594,1h,tied,5,2
E01003596,1h,tied,5,2
E01003598,1h,tied,5,2
E01003600,1h,tied,5,2
E01003601,1h,tied,5,2
E01003602,1h,tied,5,2
E01003603,1h,tied,5,2
E01003604,1h,tied,5,2
E01003605,1h,tied,5,2
E01003607,1h,tied,5,2
E01003611,1h,tied,5,4
E01003615,1h,tied,5,2
E01003616,1h,tied,5,2
E01003618,1h,tied,5,2
E01003619,1h,tied,5,2
E01003622,1h,tied,5,2
E01003623,1h,tied,5,2
E01003630,1h,tied,5,2
E01003631,1h,tied,5,2
E01003633,1h,tied,5,2
E01003635,1h,tied,5,2
E01003636,1h,tied,5,2
E01003638,1h,tied,5,2
E01003639,1h,tied,5,4
E01003640,1h,tied,5,2
E01003641,1h,tied,5,2
E01003643,1h,tied,5,2
E01003644,1h,tied,5,2
E01003645,1h,tied,5,2
E01003646,1h,tied,5,2
E01003647,1h,tied,5,2
E01003648,1h,tied,5,2
E01003649,1h,tied,5,2
E01003650,1h,tied,5,2
E01003651,1h,tied,5,2
E01003653,1h,tied,5,2
E01003654,1h,tied,5,2
E01003655,1h,tied,5,2
E01003656,1h,tied,5,2
E01003657,1h,tied,5,2
E01003658,1h,tied,5,2
E01003659,1h,tied,5,2
E01003660,1h,tied,5,2
E01003661,1h,tied,5,2
E01003662,1h,tied,5,2
E01003663,1h,tied,5,2
E01003665,1h,tied,5,2
E01003666,1h,tied,5,2
E01003668,1h,tied,5,2
E01003670,1h,tied,5,2
E01003672,1h,tied,5,2
E01003673,1h,tied,5,2
E01003674,1h,tied,5,2
E01003675,1h,tied,5,2
E01003676,1h,tied,5,2
E01003677,1h,tied,5,2
E01003679,1h,tied,5,2
E01003680,1h,tied,5,1
E01003681,1h,tied,5,2
E01003684,1h,tied,5,2
E01003686,1h,tied,5,2
E01003689,1h,tied,5,2
E01003690,1h,tied,5,2
E01003692,1h,tied,5,2
E01003693,1h,tied,5,2
E01003694,1h,tied,5,2
E01003695,1h,tied,5,2
E01003696,1h,tied,5,2
E01003697,1h,tied,5,2
E01003699,1h,tied,5,2
E01003700,1h,tied,5,2
E01003701,1h,tied,5,2
E01003702,1h,tied,5,2
E01003703,1h,tied,5,4
E01003704,1h,tied,5,2
E01003705,1h,tied,5,2
E01003706,1h,tied,5,4
E01003707,1h,tied,5,2
E01003708,1h,tied,5,2
E01003709,1h,tied,5,2
E01003710,1h,tied,5,4
E01003711,1h,tied,5,2
E01003712,1h,tied,5,3
E01003713,1h,tied,5,2
E01003714,1h,tied,5,4
E01003715,1h,tied,5,2
E01003716,1h,tied,5,2
E01003719,1h,tied,5,2
E01003720,1h,tied,5,2
E01003721,1h,tied,5,2
E01003722,1h,tied,5,2
E01003723,1h,tied,5,2
E01003724,1h,tied,5,2
E01003726,1h,tied,5,2
E01003727,1h,tied,5,2
E01003729,1h,tied,5,2
E01003733,1h,tied,5,2
E01003734,1h,tied,5,2
E01003735,1h,tied,5,2
E01003737,1h,tied,5,2
E01003738,1h,tied,5,2
E01003739,1h,tied,5,2
E01003740,1h,tied,5,2
E01003741,1h,tied,5,2
E01003743,1h,tied,5,2
E01003744,1h,tied,5,2
E01003746,1h,tied,5,2
E01003750,1h,tied,5,2
E01003751,1h,tied,5,2
E01003752,1h,tied,5,2
E01003754,1h,tied,5,2
E01003755,1h,tied,5,2
E01003756,1h,tied,5,2
E01003759,1h,tied,5,2
E01003760,1h,tied,5,2
E01003761,1h,tied,5,2
E01003762,1h,tied,5,2
E01003763,1h,tied,5,2
E01003764,1h,tied,5,2
E01003765,1h,tied,5,2
E01003767,1h,tied,5,2
E01003769,1h,tied,5,2
E01003770,1h,tied,5,2
E01003771,1h,tied,5,2
E01003773,1h,tied,5,2
E01003774,1h,tied,5,2
E01003775,1h,tied,5,2
E01003776,1h,tied,5,2
E01003777,1h,tied,5,2
E01003778,1h,tied,5,2
E01003779,1h,tied,5,2
E01003781,1h,tied,5,2
E01003782,1h,tied,5,2
E01003783,1h,tied,5,2
E01003787,1h,tied,5,2
E01003788,1h,tied,5,2
E01003789,1h,tied,5,2
E01003791,1h,tied,5,2
E01003792,1h,tied,5,2
E01003793,1h,tied,5,2
E01003796,1h,tied,5,2
E01003797,1h,tied,5,2
E01003798,1h,tied,5,2
E01003799,1h,tied,5,2
E01003800,1h,tied,5,2
E01003801,1h,tied,5,2
E01003804,1h,tied,5,2
E01003807,1h,tied,5,2
E01003808,1h,tied,5,2
E01003809,1h,tied,5,2
E01003810,1h,tied,5,2
E01003811,1h,tied,5,2
E01003812,1h,tied,5,2
E01003814,1h,tied,5,2
E01003815,1h,tied,5,2
E01003816,1h,tied,5,2
E01003817,1h,tied,5,2
E01003818,1h,tied,5,2
E01003820,1h,tied,5,2
E01003821,1h,tied,5,2
E01003822,1h,tied,5,2
E01003823,1h,tied,5,2
E01003824,1h,tied,5,2
E01003825,1h,tied,5,2
E01003826,1h,tied,5,2
E01003827,1h,tied,5,2
E01003828,1h,tied,5,2
E01003829,1h,tied,5,2
E01003830,1h,tied,5,2
E01003831,1h,tied,5,2
E01003832,1h,tied,5,2
E01003833,1h,tied,5,2
E01003834,1h,tied,5,2
E01003836,1h,tied,5,2
E01003838,1h,tied,5,2
E01003839,1h,tied,5,2
E01003840,1h,tied,5,2
E01003841,1h,tied,5,2
E01003842,1h,tied,5,1
E01003843,1h,tied,5,4
E01003844,1h,tied,5,2
E01003845,1h,tied,5,2
E01003846,1h,tied,5,2
E01003847,1h,tied,5,2
E01003848,1h,tied,5,2
E01003849,1h,tied,5,2
E01003851,1h,tied,5,2
E01003852,1h,tied,5,2
E01003853,1h,tied,5,2
E01003854,1h,tied,5,2
E01003855,1h,tied,5,2
E01003856,1h,tied,5,2
E01003857,1h,tied,5,2
E01003859,1h,tied,5,2
E01003860,1h,tied,5,2
E01003861,1h,tied,5,2
E01003862,1h,tied,5,2
E01003864,1h,tied,5,2
E01003865,1h,tied,5,2
E01003866,1h,tied,5,2
E01003867,1h,tied,5,2
E01003868,1h,tied,5,2
E01003869,1h,tied,5,2
E01003870,1h,tied,5,2
E01003871,1h,tied,5,2
E01003872,1h,tied,5,2
E01003873,1h,tied,5,2
E01003874,1h,tied,5,2
E01003875,1h,tied,5,2
E01003876,1h,tied,5,2
E01003877,1h,tied,5,2
E01003878,1h,tied,5,2
E01003880,1h,tied,5,2
E01003881,1h,tied,5,2
E01003882,1h,tied,5,2
E01003884,1h,tied,5,2
E01003885,1h,tied,5,2
E01003886,1h,tied,5,2
E01003887,1h,tied,5,2
E01003888,1h,tied,5,2
E01003889,1h,tied,5,1
E01003890,1h,tied,5,2
E01003891,1h,tied,5,2
E01003893,1h,tied,5,2
E01003894,1h,tied,5,2
E01003895,1h,tied,5,2
E01003896,1h,tied,5,2
E01003897,1h,tied,5,2
E01003898,1h,tied,5,2
E01003899,1h,tied,5,2
E01003900,1h,tied,5,2
E01003903,1h,tied,5,2
E01003904,1h,tied,5,4
E01003905,1h,tied,5,2
E01003906,1h,tied,5,2
E01003907,1h,tied,5,1
E01003908,1h,tied,5,1
E01003909,1h,tied,5,2
E01003911,1h,tied,5,2
E01003912,1h,tied,5,2
E01003913,1h,tied,5,2
E01003914,1h,tied,5,2
E01003916,1h,tied,5,2
E01003919,1h,tied,5,2
E01003920,1h,tied,5,2
E01003921,1h,tied,5,2
E01003922,1h,tied,5,2
E01003924,1h,tied,5,2
E01003926,1h,tied,5,2
E01003929,1h,tied,5,2
E01003930,1h,tied,5,2
E01003932,1h,tied,5,2
E01003933,1h,tied,5,2
E01003934,1h,tied,5,2
E01003936,1h,tied,5,2
E01003937,1h,tied,5,2
E01003938,1h,tied,5,2
E01003939,1h,tied,5,2
E01003941,1h,tied,5,2
E01003942,1h,tied,5,2
E01003945,1h,tied,5,2
E01003946,1h,tied,5,2
E01003947,1h,tied,5,2
E01003948,1h,tied,5,2
E01003949,1h,tied,5,2
E01003950,1h,tied,5,2
E01003951,1h,tied,5,2
E01003952,1h,tied,5,2
E01003953,1h,tied,5,2
E01003954,1h,tied,5,2
E01003955,1h,tied,5,2
E01003956,1h,tied,5,2
E01003957,1h,tied,5,2
E01003958,1h,tied,5,2
E01003960,1h,tied,5,2
E01003961,1h,tied,5,2
E01003966,1h,tied,5,2
E01003969,1h,tied,5,2
E01003971,1h,tied,5,2
E01003972,1h,tied,5,2
E01003975,1h,tied,5,2
E01003976,1h,tied,5,2
E01003977,1h,tied,5,2
E01003979,1h,tied,5,2
E01003980,1h,tied,5,2
E01003981,1h,tied,5,2
E01003983,1h,tied,5,2
E01003984,1h,tied,5,2
E01003986,1h,tied,5,0
E01003987,1h,tied,5,0
E01003988,1h,tied,5,4
E01003989,1h,tied,5,2
E01003990,1h,tied,5,2
E01003991,1h,tied,5,2
E01003993,1h,tied,5,2
E01003994,1h,tied,5,2
E01003995,1h,tied,5,2
E01003997,1h,tied,5,2
E01003998,1h,tied,5,2
E01003999,1h,tied,5,2
E01004000,1h,tied,5,2
E01004001,1h,tied,5,2
E01004002,1h,tied,5,2
E01004003,1h,tied,5,2
E01004004,1h,tied,5,2
E01004005,1h,tied,5,2
E01004008,1h,tied,5,2
E01004010,1h,tied,5,2
E01004011,1h,tied,5,2
E01004012,1h,tied,5,2
E01004013,1h,tied,5,2
E01004014,1h,tied,5,2
E01004015,1h,tied,5,2
E01004016,1h,tied,5,2
E01004017,1h,tied,5,2
E01004018,1h,tied,5,2
E01004019,1h,tied,5,2
E01004020,1h,tied,5,2
E01004021,1h,tied,5,2
E01004023,1h,tied,5,2
E01004024,1h,tied,5,2
E01004028,1h,tied,5,2
E01004029,1h,tied,5,2
E01004031,1h,tied,5,2
E01004033,1h,tied,5,2
E01004034,1h,tied,5,2
E01004035,1h,tied,5,2
E01004036,1h,tied,5,2
E01004037,1h,tied,5,2
E01004038,1h,tied,5,2
E01004039,1h,tied,5,2
E01004040,1h,tied,5,2
E01004041,1h,tied,5,2
E01004042,1h,tied,5,2
E01004044,1h,tied,5,2
E01004045,1h,tied,5,2
E01004046,1h,tied,5,2
E01004047,1h,tied,5,2
E01004048,1h,tied,5,2
E01004049,1h,tied,5,2
E01004050,1h,tied,5,2
E01004051,1h,tied,5,2
E01004052,1h,tied,5,2
E01004053,1h,tied,5,2
E01004054,1h,tied,5,2
E01004055,1h,tied,5,2
E01004056,1h,tied,5,2
E01004057,1h,tied,5,2
E01004058,1h,tied,5,2
E01004059,1h,tied,5,2
E01004060,1h,tied,5,2
E01004061,1h,tied,5,2
E01004062,1h,tied,5,2
E01004063,1h,tied,5,2
E01004064,1h,tied,5,2
E01004065,1h,tied,5,2
E01004066,1h,tied,5,2
E01004067,1h,tied,5,2
E01004068,1h,tied,5,2
E01004069,1h,tied,5,2
E01004070,1h,tied,5,2
E01004071,1h,tied,5,2
E01004072,1h,tied,5,2
E01004073,1h,tied,5,2
E01004074,1h,tied,5,2
E01004075,1h,tied,5,2
E01004076,1h,tied,5,2
E01004077,1h,tied,5,2
E01004078,1h,tied,5,2
E01004080,1h,tied,5,2
E01004081,1h,tied,5,3
E01004083,1h,tied,5,2
E01004084,1h,tied,5,2
E01004085,1h,tied,5,2
E01004086,1h,tied,5,2
E01004087,1h,tied,5,2
E01004088,1h,tied,5,2
E01004090,1h,tied,5,2
E01004091,1h,tied,5,2
E01004093,1h,tied,5,2
E01004094,1h,tied,5,2
E01004095,1h,tied,5,2
E01004096,1h,tied,5,2
E01004097,1h,tied,5,2
E01004098,1h,tied,5,2
E01004099,1h,tied,5,2
E01004100,1h,tied,5,2
E01004101,1h,tied,5,2
E01004102,1h,tied,5,2
E01004103,1h,tied,5,2
E01004105,1h,tied,5,2
E01004106,1h,tied,5,1
E01004107,1h,tied,5,2
E01004109,1h,tied,5,2
E01004110,1h,tied,5,2
E01004111,1h,tied,5,2
E01004112,1h,tied,5,2
E01004115,1h,tied,5,1
E01004116,1h,tied,5,3
E01004118,1h,tied,5,2
E01004119,1h,tied,5,2
E01004120,1h,tied,5,2
E01004121,1h,tied,5,2
E01004123,1h,tied,5,2
E01004124,1h,tied,5,1
E01004125,1h,tied,5,2
E01004126,1h,tied,5,2
E01004127,1h,tied,5,2
E01004128,1h,tied,5,2
E01004129,1h,tied,5,2
E01004130,1h,tied,5,2
E01004131,1h,tied,5,2
E01004132,1h,tied,5,1
E01004133,1h,tied,5,2
E01004134,1h,tied,5,2
E01004135,1h,tied,5,2
E01004137,1h,tied,5,2
E01004138,1h,tied,5,2
E01004139,1h,tied,5,2
E01004140,1h,tied,5,2
E01004141,1h,tied,5,2
E01004143,1h,tied,5,2
E01004144,1h,tied,5,2
E01004145,1h,tied,5,2
E01004146,1h,tied,5,2
E01004147,1h,tied,5,2
E01004148,1h,tied,5,2
E01004150,1h,tied,5,1
E01004152,1h,tied,5,2
E01004156,1h,tied,5,2
E01004157,1h,tied,5,2
E01004158,1h,tied,5,2
E01004159,1h,tied,5,2
E01004160,1h,tied,5,2
E01004162,1h,tied,5,2
E01004163,1h,tied,5,2
E01004164,1h,tied,5,2
E01004165,1h,tied,5,2
E01004166,1h,tied,5,2
E01004167,1h,tied,5,2
E01004169,1h,tied,5,2
E01004170,1h,tied,5,2
E01004171,1h,tied,5,2
E01004172,1h,tied,5,2
E01004175,1h,tied,5,2
E01004176,1h,tied,5,2
E01004177,1h,tied,5,2
E01004178,1h,tied,5,2
E01004180,1h,tied,5,2
E01004181,1h,tied,5,2
E01004182,1h,tied,5,2
E01004183,1h,tied,5,2
E01004185,1h,tied,5,2
E01004186,1h,tied,5,2
E01004189,1h,tied,5,2
E01004190,1h,tied,5,2
E01004191,1h,tied,5,2
E01004192,1h,tied,5,1
E01004193,1h,tied,5,1
E01004196,1h,tied,5,2
E01004198,1h,tied,5,2
E01004200,1h,tied,5,2
E01004201,1h,tied,5,2
E01004202,1h,tied,5,2
E01004203,1h,tied,5,2
E01004204,1h,tied,5,2
E01004205,1h,tied,5,2
E01004207,1h,tied,5,2
E01004208,1h,tied,5,2
E01004209,1h,tied,5,2
E01004211,1h,tied,5,2
E01004212,1h,tied,5,2
E01004216,1h,tied,5,2
E01004217,1h,tied,5,2
E01004218,1h,tied,5,2
E01004219,1h,tied,5,2
E01004221,1h,tied,5,2
E01004222,1h,tied,5,2
E01004223,1h,tied,5,2
E01004226,1h,tied,5,2
E01004228,1h,tied,5,2
E01004229,1h,tied,5,2
E01004230,1h,tied,5,2
E01004231,1h,tied,5,2
E01004232,1h,tied,5,2
E01004233,1h,tied,5,2
E01004234,1h,tied,5,2
E01004235,1h,tied,5,2
E01004236,1h,tied,5,2
E01004237,1h,tied,5,0
E01004239,1h,tied,5,2
E01004241,1h,tied,5,2
E01004243,1h,tied,5,2
E01004244,1h,tied,5,2
E01004245,1h,tied,5,2
E01004247,1h,tied,5,2
E01004248,1h,tied,5,2
E01004249,1h,tied,5,2
E01004255,1h,tied,5,2
E01004257,1h,tied,5,2
E01004259,1h,tied,5,2
E01004260,1h,tied,5,2
E01004263,1h,tied,5,2
E01004266,1h,tied,5,4
E01004267,1h,tied,5,2
E01004270,1h,tied,5,2
E01004271,1h,tied,5,2
E01004272,1h,tied,5,2
E01004274,1h,tied,5,2
E01004276,1h,tied,5,2
E01004277,1h,tied,5,2
E01004280,1h,tied,5,2
E01004281,1h,tied,5,2
E01004283,1h,tied,5,3
E01004286,1h,tied,5,2
E01004287,1h,tied,5,2
E01004289,1h,tied,5,2
E01004290,1h,tied,5,2
E01004291,1h,tied,5,2
E01004293,1h,tied,5,2
E01004296,1h,tied,5,4
E01004297,1h,tied,5,2
E01004298,1h,tied,5,2
E01004301,1h,tied,5,2
E01004303,1h,tied,5,2
E01004304,1h,tied,5,2
E01004305,1h,tied,5,2
E01004307,1h,tied,5,2
E01004308,1h,tied,5,2
E01004309,1h,tied,5,2
E01004310,1h,tied,5,2
E01004311,1h,tied,5,2
E01004313,1h,tied,5,2
E01004319,1h,tied,5,2
E01004321,1h,tied,5,2
E01004322,1h,tied,5,2
E01004323,1h,tied,5,2
E01004326,1h,tied,5,2
E01004327,1h,tied,5,2
E01004328,1h,tied,5,2
E01004329,1h,tied,5,2
E01004330,1h,tied,5,2
E01004331,1h,tied,5,2
E01004332,1h,tied,5,2
E01004334,1h,tied,5,2
E01004335,1h,tied,5,2
E01004336,1h,tied,5,2
E01004337,1h,tied,5,2
E01004339,1h,tied,5,2
E01004340,1h,tied,5,2
E01004341,1h,tied,5,2
E01004342,1h,tied,5,2
E01004343,1h,tied,5,2
E01004344,1h,tied,5,2
E01004345,1h,tied,5,2
E01004346,1h,tied,5,2
E01004348,1h,tied,5,2
E01004349,1h,tied,5,2
E01004350,1h,tied,5,2
E01004352,1h,tied,5,2
E01004353,1h,tied,5,2
E01004354,1h,tied,5,2
E01004356,1h,tied,5,2
E01004357,1h,tied,5,2
E01004358,1h,tied,5,2
E01004359,1h,tied,5,2
E01004360,1h,tied,5,2
E01004361,1h,tied,5,2
E01004362,1h,tied,5,2
E01004363,1h,tied,5,2
E01004364,1h,tied,5,2
E01004365,1h,tied,5,2
E01004366,1h,tied,5,2
E01004368,1h,tied,5,2
E01004369,1h,tied,5,2
E01004370,1h,tied,5,2
E01004371,1h,tied,5,2
E01004373,1h,tied,5,2
E01004374,1h,tied,5,2
E01004375,1h,tied,5,2
E01004376,1h,tied,5,2
E01004377,1h,tied,5,2
E01004378,1h,tied,5,2
E01004379,1h,tied,5,2
E01004381,1h,tied,5,2
E01004383,1h,tied,5,2
E01004384,1h,tied,5,2
E01004385,1h,tied,5,2
E01004386,1h,tied,5,2
E01004387,1h,tied,5,2
E01004388,1h,tied,5,3
E01004389,1h,tied,5,2
E01004390,1h,tied,5,4
E01004391,1h,tied,5,2
E01004392,1h,tied,5,2
E01004393,1h,tied,5,2
E01004394,1h,tied,5,2
E01004395,1h,tied,5,2
E01004396,1h,tied,5,2
E01004397,1h,tied,5,2
E01004398,1h,tied,5,2
E01004399,1h,tied,5,2
E01004400,1h,tied,5,2
E01004401,1h,tied,5,2
E01004403,1h,tied,5,2
E01004404,1h,tied,5,2
E01004406,1h,tied,5,2
E01004407,1h,tied,5,2
E01004408,1h,tied,5,2
E01004409,1h,tied,5,2
E01004410,1h,tied,5,2
E01004411,1h,tied,5,2
E01004413,1h,tied,5,2
E01004414,1h,tied,5,2
E01004415,1h,tied,5,2
E01004416,1h,tied,5,2
E01004417,1h,tied,5,2
E01004418,1h,tied,5,2
E01004419,1h,tied,5,2
E01004420,1h,tied,5,2
E01004421,1h,tied,5,2
E01004422,1h,tied,5,2
E01004423,1h,tied,5,2
E01004424,1h,tied,5,2
E01004425,1h,tied,5,2
E01004426,1h,tied,5,2
E01004427,1h,tied,5,2
E01004428,1h,tied,5,2
E01004429,1h,tied,5,2
E01004430,1h,tied,5,2
E01004432,1h,tied,5,2
E01004434,1h,tied,5,2
E01004435,1h,tied,5,2
E01004436,1h,tied,5,3
E01004437,1h,tied,5,2
E01004438,1h,tied,5,2
E01004439,1h,tied,5,2
E01004440,1h,tied,5,2
E01004443,1h,tied,5,2
E01004444,1h,tied,5,2
E01004448,1h,tied,5,2
E01004449,1h,tied,5,2
E01004450,1h,tied,5,2
E01004451,1h,tied,5,2
E01004452,1h,tied,5,2
E01004453,1h,tied,5,2
E01004454,1h,tied,5,2
E01004455,1h,tied,5,2
E01004457,1h,tied,5,2
E01004458,1h,tied,5,2
E01004460,1h,tied,5,2
E01004462,1h,tied,5,2
E01004464,1h,tied,5,2
E01004466,1h,tied,5,2
E01004467,1h,tied,5,2
E01004468,1h,tied,5,2
E01004469,1h,tied,5,2
E01004470,1h,tied,5,2
E01004474,1h,tied,5,2
E01004476,1h,tied,5,2
E01004477,1h,tied,5,1
E01004479,1h,tied,5,2
E01004481,1h,tied,5,2
E01004482,1h,tied,5,2
E01004483,1h,tied,5,2
E01004484,1h,tied,5,3
E01004485,1h,tied,5,2
E01004486,1h,tied,5,2
E01004491,1h,tied,5,2
E01004492,1h,tied,5,2
E01004493,1h,tied,5,2
E01004494,1h,tied,5,2
E01004495,1h,tied,5,2
E01004496,1h,tied,5,2
E01004497,1h,tied,5,2
E01004498,1h,tied,5,2
E01004499,1h,tied,5,2
E01004500,1h,tied,5,2
E01004502,1h,tied,5,2
E01004503,1h,tied,5,2
E01004505,1h,tied,5,2
E01004506,1h,tied,5,2
E01004507,1h,tied,5,2
E01004508,1h,tied,5,2
E01004510,1h,tied,5,2
E01004511,1h,tied,5,2
E01004513,1h,tied,5,2
E01004514,1h,tied,5,2
E01004517,1h,tied,5,2
E01004519,1h,tied,5,2
E01004522,1h,tied,5,2
E01004523,1h,tied,5,2
E01004524,1h,tied,5,2
E01004525,1h,tied,5,2
E01004526,1h,tied,5,2
E01004528,1h,tied,5,2
E01004529,1h,tied,5,2
E01004534,1h,tied,5,2
E01004536,1h,tied,5,2
E01004537,1h,tied,5,2
E01004538,1h,tied,5,2
E01004540,1h,tied,5,2
E01004541,1h,tied,5,2
E01004543,1h,tied,5,2
E01004545,1h,tied,5,2
E01004547,1h,tied,5,2
E01004548,1h,tied,5,2
E01004549,1h,tied,5,2
E01004550,1h,tied,5,2
E01004551,1h,tied,5,2
E01004552,1h,tied,5,2
E01004553,1h,tied,5,2
E01004554,1h,tied,5,2
E01004555,1h,tied,5,2
E01004557,1h,tied,5,2
E01004558,1h,tied,5,2
E01004559,1h,tied,5,2
E01004560,1h,tied,5,2
E01004563,1h,tied,5,2
E01004564,1h,tied,5,2
E01004565,1h,tied,5,2
E01004567,1h,tied,5,2
E01004568,1h,tied,5,2
E01004569,1h,tied,5,2
E01004570,1h,tied,5,4
E01004571,1h,tied,5,2
E01004572,1h,tied,5,2
E01004573,1h,tied,5,2
E01004574,1h,tied,5,2
E01004575,1h,tied,5,2
E01004577,1h,tied,5,2
E01004579,1h,tied,5,2
E01004580,1h,tied,5,2
E01004581,1h,tied,5,2
E01004582,1h,tied,5,2
E01004583,1h,tied,5,2
E01004585,1h,tied,5,2
E01004586,1h,tied,5,2
E01004587,1h,tied,5,2
E01004588,1h,tied,5,2
E01004590,1h,tied,5,2
E01004591,1h,tied,5,2
E01004593,1h,tied,5,2
E01004594,1h,tied,5,2
E01004595,1h,tied,5,2
E01004597,1h,tied,5,2
E01004601,1h,tied,5,2
E01004602,1h,tied,5,2
E01004605,1h,tied,5,2
E01004606,1h,tied,5,2
E01004607,1h,tied,5,2
E01004608,1h,tied,5,2
E01004609,1h,tied,5,2
E01004611,1h,tied,5,2
E01004612,1h,tied,5,2
E01004613,1h,tied,5,2
E01004614,1h,tied,5,2
E01004615,1h,tied,5,2
E01004616,1h,tied,5,2
E01004617,1h,tied,5,2
E01004619,1h,tied,5,2
E01004621,1h,tied,5,2
E01004622,1h,tied,5,2
E01004623,1h,tied,5,2
E01004626,1h,tied,5,2
E01004628,1h,tied,5,2
E01004629,1h,tied,5,2
E01004630,1h,tied,5,2
E01004631,1h,tied,5,2
E01004632,1h,tied,5,2
E01004633,1h,tied,5,2
E01004634,1h,tied,5,2
E01004635,1h,tied,5,2
E01004636,1h,tied,5,4
E01004637,1h,tied,5,4
E01004639,1h,tied,5,2
E01004640,1h,tied,5,2
E01004641,1h,tied,5,2
E01004642,1h,tied,5,2
E01004643,1h,tied,5,2
E01004644,1h,tied,5,2
E01004645,1h,tied,5,2
E01004646,1h,tied,5,2
E01004647,1h,tied,5,2
E01004648,1h,tied,5,2
E01004649,1h,tied,5,2
E01004650,1h,tied,5,2
E01004651,1h,tied,5,2
E01004652,1h,tied,5,2
E01004653,1h,tied,5,2
E01004654,1h,tied,5,2
E01004656,1h,tied,5,2
E01004657,1h,tied,5,2
E01004658,1h,tied,5,2
E01004659,1h,tied,5,0
E01004660,1h,tied,5,2
E01004661,1h,tied,5,2
E01004662,1h,tied,5,2
E01004665,1h,tied,5,2
E01004668,1h,tied,5,2
E01004669,1h,tied,5,2
E01004670,1h,tied,5,2
E01004675,1h,tied,5,2
E01004676,1h,tied,5,2
E01004678,1h,tied,5,2
E01004679,1h,tied,5,2
E01004680,1h,tied,5,2
E01004681,1h,tied,5,2
E01004682,1h,tied,5,2
E01004683,1h,tied,5,2
E01004684,1h,tied,5,2
E01004686,1h,tied,5,2
E01004687,1h,tied,5,2
E01004690,1h,tied,5,2
E01004691,1h,tied,5,2
E01004694,1h,tied,5,2
E01004695,1h,tied,5,2
E01004696,1h,tied,5,2
E01004698,1h,tied,5,2
E01004699,1h,tied,5,2
E01004701,1h,tied,5,2
E01004702,1h,tied,5,2
E01004703,1h,tied,5,2
E01004705,1h,tied,5,2
E01004708,1h,tied,5,2
E01004709,1h,tied,5,2
E01004710,1h,tied,5,2
E01004711,1h,tied,5,2
E01004712,1h,tied,5,2
E01004713,1h,tied,5,2
E01004714,1h,tied,5,2
E01004715,1h,tied,5,2
E01004716,1h,tied,5,2
E01004718,1h,tied,5,2
E01004720,1h,tied,5,2
E01004721,1h,tied,5,2
E01004723,1h,tied,5,2
E01004725,1h,tied,5,2
E01004726,1h,tied,5,2
E01004727,1h,tied,5,2
E01004728,1h,tied,5,2
E01004729,1h,tied,5,2
E01004730,1h,tied,5,2
E01004731,1h,tied,5,2
E01004732,1h,tied,5,2
E01004733,1h,tied,5,2
E01004734,1h,tied,5,2
E01004735,1h,tied,5,2
E01004736,1h,tied,5,2
E01004737,1h,tied,5,2
E01004740,1h,tied,5,2
E01004741,1h,tied,5,2
E01004742,1h,tied,5,2
E01004743,1h,tied,5,2
E01004744,1h,tied,5,2
E01004747,1h,tied,5,2
E01004748,1h,tied,5,2
E01004749,1h,tied,5,2
E01004750,1h,tied,5,2
E01004753,1h,tied,5,2
E01004755,1h,tied,5,2
E01004757,1h,tied,5,2
E01004760,1h,tied,5,2
E01004761,1h,tied,5,2
E01004762,1h,tied,5,2
E01004763,1h,tied,5,2
E01004765,1h,tied,5,2
E01032512,1h,tied,5,2
E01032513,1h,tied,5,2
E01032562,1h,tied,5,2
E01032563,1h,tied,5,2
E01032564,1h,tied,5,2
E01032565,1h,tied,5,2
E01032566,1h,tied,5,2
E01032567,1h,tied,5,2
E01032568,1h,tied,5,2
E01032569,1h,tied,5,2
E01032570,1h,tied,5,2
E01032572,1h,tied,5,2
E01032573,1h,tied,5,2
E01032574,1h,tied,5,2
E01032575,1h,tied,5,2
E01032577,1h,tied,5,2
E01032579,1h,tied,5,2
E01032580,1h,tied,5,2
E01032581,1h,tied,5,2
E01032582,1h,tied,5,2
E01032583,1h,tied,5,2
E01032584,1h,tied,5,2
E01032623,1h,tied,5,2
E01032639,1h,tied,5,2
E01032640,1h,tied,5,2
E01032646,1h,tied,5,2
E01032719,1h,tied,5,2
E01032739,1h,tied,5,2
E01032740,1h,tied,5,2
E01032741,1h,tied,5,2
E01032742,1h,tied,5,2
E01032743,1h,tied,5,2
E01032744,1h,tied,5,2
E01032764,1h,tied,5,2
E01032765,1h,tied,5,2
E01032767,1h,tied,5,2
E01032769,1h,tied,5,2
E01032771,1h,tied,5,2
E01032776,1h,tied,5,2
E01032777,1h,tied,5,2
E01032780,1h,tied,5,2
E01032781,1h,tied,5,2
E01032782,1h,tied,5,2
E01032783,1h,tied,5,2
E01032784,1h,tied,5,2
E01032786,1h,tied,5,2
E01032788,1h,tied,5,2
E01032790,1h,tied,5,2
E01033081,1h,tied,5,2
E01033082,1h,tied,5,2
E01033083,1h,tied,5,2
E01033084,1h,tied,5,2
E01033098,1h,tied,5,2
E01033099,1h,tied,5,2
E01033100,1h,tied,5,2
E01033132,1h,tied,5,2
E01033133,1h,tied,5,2
E01033146,1h,tied,5,2
E01033148,1h,tied,5,2
E01033150,1h,tied,5,2
E01033151,1h,tied,5,2
E01033208,1h,tied,5,2
E01033320,1h,tied,5,2
E01033322,1h,tied,5,2
E01033324,1h,tied,5,4
E01033325,1h,tied,5,2
E01033327,1h,tied,5,2
E01033341,1h,tied,5,2
E01033455,1h,tied,5,2
E01033456,1h,tied,5,2
E01033457,1h,tied,5,2
E01033463,1h,tied,5,2
E01033486,1h,tied,5,2
E01033488,1h,tied,5,2
E01033489,1h,tied,5,2
E01033490,1h,tied,5,2
E01033491,1h,tied,5,2
E01033569,1h,tied,5,2
E01033570,1h,tied,5,2
E01033571,1h,tied,5,2
E01033579,1h,tied,5,2
E01033581,1h,tied,5,2
E01033582,1h,tied,5,2
E01033584,1h,tied,5,4
E01033586,1h,tied,5,2
E01033587,1h,tied,5,4
E01033589,1h,tied,5,2
E01033590,1h,tied,5,2
E01033591,1h,tied,5,2
E01033593,1h,tied,5,2
E01033594,1h,tied,5,2
E01033598,1h,tied,5,2
E01033599,1h,tied,5,2
E01033601,1h,tied,5,2
E01033604,1h,tied,5,2
E01033699,1h,tied,5,2
E01033700,1h,tied,5,2
E01033702,1h,tied,5,2
E01033703,1h,tied,5,2
E01033704,1h,tied,5,2
E01033705,1h,tied,5,2
E01033706,1h,tied,5,2
E01033708,1h,tied,5,2
E01033709,1h,tied,5,2
E01033711,1h,tied,5,2
E01033712,1h,tied,5,2
E01033713,1h,tied,5,2
E01033727,1h,tied,5,2
E01033729,1h,tied,5,2
E01033732,1h,tied,5,2
E01033735,1h,tied,5,2
E01033737,1h,tied,5,2
E01033738,1h,tied,5,2
E01033740,1h,tied,5,2
E01033741,1h,tied,5,2
E01033742,1h,tied,5,2
E01033743,1h,tied,5,2
E01033744,1h,tied,5,2
E01033745,1h,tied,5,2
E01033746,1h,tied,5,2
E01033784,1h,tied,5,2
E01033785,1h,tied,5,2
E01033786,1h,tied,5,2
E01033788,1h,tied,5,2
E01033790,1h,tied,5,2
E01033791,1h,tied,5,2
E01033792,1h,tied,5,2
E01033862,1h,tied,5,2
E01033865,1h,tied,5,2
E01033866,1h,tied,5,2
E01033867,1h,tied,5,2
E01033868,1h,tied,5,2
E01033869,1h,tied,5,2
E01033870,1h,tied,5,2
E01033871,1h,tied,5,2
E01033872,1h,tied,5,2
E01033873,1h,tied,5,2
E01033874,1h,tied,5,2
E01033875,1h,tied,5,2
E01033876,1h,tied,5,2
E01033877,1h,tied,5,2
E01033879,1h,tied,5,2
E01033880,1h,tied,5,2
E01033881,1h,tied,5,2
E01033883,1h,tied,5,2
E01033884,1h,tied,5,2
E01033885,1h,tied,5,2
E01033911,1h,tied,5,2
E01033912,1h,tied,5,2
E01033913,1h,tied,5,2
E01033915,1h,tied,5,1
E01033916,1h,tied,5,2
E01033918,1h,tied,5,2
E01033922,1h,tied,5,2
E01033923,1h,tied,5,2
E01033924,1h,tied,5,2
E01033925,1h,tied,5,2
E01033926,1h,tied,5,2
E01033927,1h,tied,5,2
E01033929,1h,tied,5,2
E01033930,1h,tied,5,2
E01033931,1h,tied,5,2
E01033933,1h,tied,5,2
E01033934,1h,tied,5,2
E01033936,1h,tied,5,2
E01033937,1h,tied,5,2
E01033938,1h,tied,5,2
E01033939,1h,tied,5,4
E01033940,1h,tied,5,2
E01033941,1h,tied,5,2
E01033942,1h,tied,5,2
E01033943,1h,tied,5,2
E01033944,1h,tied,5,2
E01034026,1h,tied,5,2
E01034027,1h,tied,5,2
E01034028,1h,tied,5,1
E01034029,1h,tied,5,2
E01034030,1h,tied,5,2
E01034032,1h,tied,5,2
E01034033,1h,tied,5,2
E01034034,1h,tied,5,2
E01034036,1h,tied,5,2
E01034037,1h,tied,5,2
E01034038,1h,tied,5,2
E01034039,1h,tied,5,2
E01034040,1h,tied,5,2
E01034042,1h,tied,5,2
E01034044,1h,tied,5,2
E01034045,1h,tied,5,2
E01034046,1h,tied,5,2
E01034140,1h,tied,5,2
E01034141,1h,tied,5,2
E01034142,1h,tied,5,2
E01034143,1h,tied,5,2
E01034145,1h,tied,5,2
E01034146,1h,tied,5,2
E01034148,1h,tied,5,2
E01034149,1h,tied,5,2
E01034150,1h,tied,5,2
E01034152,1h,tied,5,2
E01034153,1h,tied,5,2
E01034154,1h,tied,5,2
E01034155,1h,tied,5,2
E01034156,1h,tied,5,2
E01034173,1h,tied,5,2
E01034174,1h,tied,5,2
E01034175,1h,tied,5,2
E01034177,1h,tied,5,1
E01034179,1h,tied,5,2
E01034180,1h,tied,5,2
E01034182,1h,tied,5,2
E01034185,1h,tied,5,2
E01034186,1h,tied,5,2
E01034187,1h,tied,5,2
E01034188,1h,tied,5,2
E01034190,1h,tied,5,2
E01034192,1h,tied,5,2
E01034198,1h,tied,5,2
E01034199,1h,tied,5,2
E01034200,1h,tied,5,2
E01034202,1h,tied,5,2
E01034203,1h,tied,5,2
E01034204,1h,tied,5,2
E01034205,1h,tied,5,2
E01034206,1h,tied,5,2
E01034207,1h,tied,5,4
E01034208,1h,tied,5,2
E01034209,1h,tied,5,2
E01034211,1h,tied,5,2
E01034212,1h,tied,5,2
E01034213,1h,tied,5,2
E01034215,1h,tied,5,3
E01034216,1h,tied,5,2
E01034217,1h,tied,5,2
E01034218,1h,tied,5,2
E01034219,1h,tied,5,2
E01034220,1h,tied,5,2
E01034221,1h,tied,5,2
E01034222,1h,tied,5,2
E01034223,1h,tied,5,2
E01034224,1h,tied,5,2
E01034225,1h,tied,5,2
E01034227,1h,tied,5,2
E01034229,1h,tied,5,2
E01034230,1h,tied,5,2
E01034383,1h,tied,5,2
E01034384,1h,tied,5,2
E01034385,1h,tied,5,2
E01034386,1h,tied,5,2
E01034388,1h,tied,5,2
E01034391,1h,tied,5,2
E01034392,1h,tied,5,2
E01034393,1h,tied,5,2
E01034394,1h,tied,5,2
E01034470,1h,tied,5,2
E01034471,1h,tied,5,2
E01034473,1h,tied,5,2
E01034474,1h,tied,5,2
E01034475,1h,tied,5,2
E01034476,1h,tied,5,2
E01034477,1h,tied,5,2
E01034478,1h,tied,5,2
E01034479,1h,tied,5,2
E01034481,1h,tied,5,2
E01034482,1h,tied,5,2
E01034483,1h,tied,5,2
E01034484,1h,tied,5,2
E01034485,1h,tied,5,2
E01034486,1h,tied,5,2
E01034487,1h,tied,5,2
E01034578,1h,tied,5,2
E01034579,1h,tied,5,2
E01034580,1h,tied,5,2
E01034581,1h,tied,5,2
E01034589,1h,tied,5,2
E01034591,1h,tied,5,2
E01034592,1h,tied,5,2
E01034593,1h,tied,5,2
E01034594,1h,tied,5,2
E01034595,1h,tied,5,2
E01034597,1h,tied,5,2
E01034598,1h,tied,5,2
E01034599,1h,tied,5,2
E01034601,1h,tied,5,2
E01034602,1h,tied,5,2
E01034603,1h,tied,5,2
E01034605,1h,tied,5,2
E01034606,1h,tied,5,2
E01034607,1h,tied,5,2
E01034608,1h,tied,5,2
E01034609,1h,tied,5,2
E01034610,1h,tied,5,4
E01034612,1h,tied,5,2
E01034613,1h,tied,5,2
E01034615,1h,tied,5,4
E01034616,1h,tied,5,2
E01034617,1h,tied,5,2
E01035484,1h,tied,5,2
E01035485,1h,tied,5,2
E01035486,1h,tied,5,2
E01035487,1h,tied,5,2
E01035488,1h,tied,5,2
E01035489,1h,tied,5,2
E01035490,1h,tied,5,2
E01035491,1h,tied,5,2
E01035492,1h,tied,5,2
E01035493,1h,tied,5,2
E01035494,1h,tied,5,2
E01035496,1h,tied,5,2
E01035498,1h,tied,5,2
E01035499,1h,tied,5,2
E01035638,1h,tied,5,2
E01035639,1h,tied,5,2
E01035640,1h,tied,5,2
E01035641,1h,tied,5,2
E01035642,1h,tied,5,2
E01035643,1h,tied,5,2
E01035645,1h,tied,5,2
E01035648,1h,tied,5,2
E01035649,1h,tied,5,2
E01035650,1h,tied,5,2
E01035651,1h,tied,5,2
E01035652,1h,tied,5,2
E01035655,1h,tied,5,2
E01035657,1h,tied,5,2
E01035658,1h,tied,5,2
E01035659,1h,tied,5,2
E01035660,1h,tied,5,2
E01035661,1h,tied,5,2
E01035663,1h,tied,5,2
E01035665,1h,tied,5,2
E01035667,1h,tied,5,2
E01035668,1h,tied,5,2
E01035669,1h,tied,5,2
E01035670,1h,tied,5,2
E01035671,1h,tied,5,2
E01035672,1h,tied,5,2
E01035674,1h,tied,5,2
E01035675,1h,tied,5,2
E01035676,1h,tied,5,2
E01035678,1h,tied,5,2
E01035679,1h,tied,5,2
E01035680,1h,tied,5,2
E01035681,1h,tied,5,2
E01035682,1h,tied,5,2
E01035685,1h,tied,5,2
E01035687,1h,tied,5,2
E01035690,1h,tied,5,2
E01035691,1h,tied,5,2
E01035693,1h,tied,5,2
E01035694,1h,tied,5,2
E01035695,1h,tied,5,2
E01035696,1h,tied,5,0
E01035697,1h,tied,5,2
E01035702,1h,tied,5,2
E01035703,1h,tied,5,2
E01035704,1h,tied,5,2
E01035705,1h,tied,5,2
E01035706,1h,tied,5,2
E01035707,1h,tied,5,2
E01035708,1h,tied,5,2
E01035709,1h,tied,5,2
E01035710,1h,tied,5,2
E01035711,1h,tied,5,2
E01035712,1h,tied,5,2
E01035713,1h,tied,5,2
E01035714,1h,tied,5,2
E01035715,1h,tied,5,2
E01035716,1h,tied,5,2
E01035717,1h,tied,5,2
E01035718,1h,tied,5,2
E01035719,1h,tied,5,2
E01035720,1h,tied,5,2
E01035721,1h,tied,5,2
E01035722,1h,tied,5,3
