MSOA11CD,od_destination_total,bus_alighting_total,std_residual
E02000001,33281,16323.25127,-0.2609277248604451
E02000002,1113,982.14119,0.3717308342115535
E02000003,1420,1492.19227,0.6387864141286892
E02000004,836,302.89402,-0.9272654310904472
E02000005,1250,916.51401,0.11214440101906534
E02000007,1805,1640.79991,0.4449832801484626
E02000008,2023,1864.6259,0.47214232201448886
E02000009,1361,1567.23628,0.7679866888169803
E02000010,384,472.168,0.7822537959821139
E02000011,774,642.24674,0.26030431085480166
E02000012,698,663.21168,0.44889548269362894
E02000013,889,580.05443,-0.07714944293603127
E02000014,1814,1648.89496,0.44522139933934984
E02000015,1017,609.4040200000001,-0.1913921035829116
E02000016,5041,2138.05878,-0.5893150006711707
E02000017,659,5249.80689,3.5098775446643335
E02000018,1105,684.09491,-0.13924733393825234
E02000019,1897,662.2385899999999,-0.9307704702873265
E02000020,1639,2274.85448,1.0489195502031408
E02000021,1439,1402.93817,0.531579077616119
E02000022,934,185.83668,-1.7815101956445984
E02000023,583,1661.20128,2.019711082659369
E02000024,1705,1764.71069,0.6284736928450748
E02000025,813,484.22102,-0.21399568003497985
E02000026,144,58.37274,-0.8645403439588011
E02000027,1115,297.89017,-1.347941320648526
E02000028,592,661.15484,0.6712179078732424
E02000029,1556,827.95403,-0.3360068093738892
E02000030,390,306.71084,0.1403617287347741
E02000031,851,1213.65445,1.0464644603330089
E02000032,719,86.07016,-2.522320459359059
E02000033,1228,561.3443,-0.5694238361057593
E02000034,1131,636.56232,-0.27499349734368583
E02000035,596,429.85403,0.04218844454641989
E02000036,1515,777.32921,-0.39008637868042884
E02000037,816,677.4771,0.2644245814821924
E02000038,1180,1202.30766,0.5826233987544912
E02000039,1511,1313.19662,0.36902862392717467
E02000040,698,675.99269,0.47638328724050455
E02000041,3204,3702.09353,0.8270102700458297
E02000042,2138,3324.24338,1.229448123831889
E02000043,312,143.07644,-0.6471593325786827
E02000044,1159,849.98655,0.10773866180364432
E02000045,1354,1559.17287,0.7676581329410367
E02000046,1903,1273.1601,0.006502993649500519
E02000047,2590,1949.07296,0.19540475075174282
E02000048,900,452.02698,-0.45304367439179666
E02000049,1808,898.74574,-0.4246993326397158
E02000050,1754,964.705,-0.28087595697362855
E02000051,1457,1424.10532,0.5360294561972958
E02000052,2998,579.96542,-1.7526715623444995
E02000053,3180,1414.89991,-0.5491636653153833
E02000054,995,849.9617,0.3179041357165789
E02000055,3195,2506.88499,0.2688198480499572
E02000056,639,1158.45471,1.3739625552408896
E02000057,622,1069.51271,1.2959838188214654
E02000058,1225,1226.2488,0.5594655144901893
E02000059,2392,2116.02936,0.4235075720447932
E02000060,1131,749.35447,-0.040067561999284365
E02000061,2594,4844.12972,1.5058376831824847
E02000062,3943,6466.261,1.3450280727983497
E02000063,1027,597.72124,-0.23274329342022979
E02000064,674,1820.45724,1.9519599716612974
E02000065,1778,1329.41543,0.16245790298469087
E02000066,2188,1649.91685,0.18773435034931973
E02000067,2094,980.25225,-0.5020529372775692
E02000068,2407,1654.26418,0.06003123957952677
E02000069,666,644.22391,0.4716903049946648
E02000070,929,1037.18124,0.6992508316294191
E02000071,609,223.96862,-0.9246753964041052
E02000072,1771,814.12415,-0.538649598475251
E02000073,1280,822.26816,-0.07685084060024318
E02000074,1001,155.76892,-2.130002535635647
E02000075,480,272.59026,-0.314824891990815
E02000077,378,223.90354,-0.2687660261733649
E02000078,672,435.41853,-0.10455512906918561
E02000079,2985,3714.23142,0.9293361125979486
E02000080,2048,1672.29621,0.2982993629066482
E02000081,811,283.60104,-0.9800422934217223
E02000082,673,234.97211,-0.9933968042601624
E02000083,1757,507.42548,-1.2084625077065534
E02000084,562,256.57471,-0.6189024802016
E02000085,638,483.27869,0.11701067966925495
E02000086,339,108.69673,-1.1544462595668492
E02000087,552,405.94536,0.06543210525432365
E02000088,518,176.68475999999998,-1.0421690221042603
E02000089,717,164.50668,-1.5921606281981477
E02000090,3619,1500.02258,-0.6432487913231517
E02000091,909,886.34783,0.502822009304143
E02000092,737,565.44487,0.14439263690032444
E02000093,2022,1278.38025,-0.07120553057635838
E02000094,2932,1945.78101,0.021989463992274274
E02000095,2612,2563.71887,0.5788827274738794
E02000096,1297,903.15623,0.04013180146081351
E02000097,1708,1811.76315,0.6639792915380549
E02000098,1642,804.39207,-0.4517358785994466
E02000099,1805,265.76071,-2.1757846223455406
E02000100,1188,1137.32696,0.4932499492548493
E02000101,3245,2976.61688,0.4950147189095161
E02000102,1151,862.38459,0.1381422874855846
E02000103,1877,1849.11794,0.563352010850871
E02000104,1468,826.28646,-0.25867854909669563
E02000105,3068,2607.90968,0.3816947908263473
E02000106,2371,1983.67428,0.3425557487465168
E02000107,1105,1366.44611,0.8575214961097353
E02000108,640,243.25928,-0.8743869552761491
E02000109,4523,986.9083,-1.5539638576312538
E02000110,718,150.06503,-1.7257548743691902
E02000111,2154,6233.4638,2.125667860596328
E02000112,4804,3311.03288,0.10760717693869071
E02000113,2779,1452.71782,-0.3253274599228576
E02000114,838,1715.09961,1.5660863063844814
E02000115,473,274.47131,-0.2847260878670476
E02000116,2093,3750.46642,1.432705648515775
E02000117,2510,1499.03655,-0.13974560760268806
E02000118,1833,214.87867,-2.502222937027697
E02000119,3417,1708.56513,-0.37644541575156226
E02000120,979,900.45366,0.4233684257054059
E02000121,3694,2721.47658,0.18715304632149973
E02000122,698,762.12319,0.649100193335872
E02000123,5223,4032.20041,0.2764202642938594
E02000124,1373,2832.83281,1.6092107500047228
E02000125,646,323.24516,-0.4787028763522476
E02000126,683,1225.28781,1.3630927614244492
E02000127,1836,661.3364,-0.8876839581531151
E02000128,1453,670.22014,-0.5460228409840766
E02000130,2293,1238.11856,-0.29069003790690495
E02000131,2225,3193.78952,1.1167485539940754
E02000132,2857,957.86544,-0.9636303175358196
E02000133,879,433.39969,-0.4810740712968048
E02000134,4229,1706.00703,-0.6725470254621151
E02000135,2484,1393.09981,-0.23101959379937295
E02000136,833,320.5449,-0.8408894815253306
E02000137,992,264.95494,-1.3552770666202743
E02000138,717,329.92299,-0.5928947795154527
E02000139,592,736.14749,0.8259499107604539
E02000140,926,725.20545,0.18827343910018765
E02000141,1217,542.42722,-0.6063752325010932
E02000142,1127,278.15691,-1.4611964230142873
E02000144,5803,3282.78982,-0.1652351112166794
E02000145,1261,142.49739,-2.5757232796973843
E02000146,999,891.16146,0.3805642389134355
E02000147,1054,255.05739,-1.49349645448969
E02000148,1358,273.96225,-1.7399549223886308
E02000149,1005,402.70744,-0.7712906855272207
E02000150,1201,439.93797,-0.8895479388188668
E02000151,550,116.67519,-1.718986951683082
E02000152,1463,498.02276,-0.9830097988085121
E02000153,1068,355.09608,-1.036039019641619
E02000154,3257,2009.28658,-0.07663812883283307
E02000155,664,351.79558,-0.39483933826315465
E02000156,1872,412.35072,-1.5944144853748443
E02000157,823,358.96832,-0.6614597323553585
E02000158,1125,272.40096,-1.4887968371090554
E02000159,1135,741.8996999999999,-0.05933192504693324
E02000160,1185,467.56499,-0.7834241716302752
E02000161,1128,198.92824,-1.9438485371355176
E02000162,1382,338.67987,-1.459258283992213
E02000163,1149,284.57359,-1.455058942679723
E02000165,899,222.13053,-1.4728735321061979
E02000166,1307,1003.32144,0.18107352265565604
E02000167,567,246.96077,-0.6859562326009153
E02000168,1139,645.78439,-0.26399379670396356
E02000169,128,323.17427000000004,1.7447648246974674
E02000170,1123,1051.7918,0.4581227246576459
E02000171,680,714.0028599999999,0.5911427724159205
E02000172,1013,865.03325,0.3185234650605236
E02000173,974,1144.70213,0.7762115019429795
E02000174,728,753.51609,0.5747891833371762
E02000175,1849,1507.90194,0.29004982954904346
E02000176,420,394.03806,0.39870796360714994
E02000177,1406,1041.3274,0.13402566715287367
E02000178,703,2529.69009,2.3682250790301054
E02000179,501,142.93583999999998,-1.3000317370089336
E02000180,591,1236.10813,1.574969603788637
E02000181,509,27.60271,-3.652244199727594
E02000182,1018,1490.78004,1.0960135511816083
E02000183,887,317.2462,-0.9422813535165702
E02000184,1785,1685.58842,0.4991568934914949
E02000185,1129,2602.81799,1.7567445639217143
E02000186,3862,5285.46475,1.082892882764645
E02000187,6428,3046.5183,-0.41396425100818673
E02000188,2712,2682.31623,0.5922848324614768
E02000189,980,2294.13779,1.7697585774618503
E02000191,4571,3069.63153,0.06701077367718246
E02000192,1396,439.41806,-1.0985778541157971
E02000193,10538,8869.956040000001,0.4453459386202878
E02000194,2478,1785.42345,0.12993263725885698
E02000195,1493,1360.29922,0.4363303099768617
E02000196,1326,594.16595,-0.5934148803001852
E02000197,1436,941.17214,-0.040765854414543744
E02000198,1834,971.18556,-0.3327026004006879
E02000199,1223,383.17871,-1.1132909338828822
E02000200,2944,1557.12665,-0.3048100314233198
E02000201,1946,781.04352,-0.7282813672165473
E02000202,1178,648.6305600000001,-0.3040506698429473
E02000203,3676,2361.63773,-0.01056410538038477
E02000204,2032,2915.9699100000003,1.1106150393124774
E02000206,2376,1025.33792,-0.6114207731865152
E02000207,1446,835.56355,-0.22178657989934267
E02000208,2552,2134.60753,0.34685386609681984
E02000209,1630,579.57239,-0.9136812281876154
E02000210,1345,382.53013,-1.2467565699973042
E02000211,1019,232.01016,-1.5829975125912417
E02000212,2537,1152.03299,-0.5339297405528688
E02000213,7471,6775.95902,0.5313133057690295
E02000214,1055,118.34758,-2.595726046903625
E02000215,4084,1154.40921,-1.187318457477078
E02000216,1020,436.82193,-0.6747072264868236
E02000217,3193,1168.79974,-0.8301520360943255
E02000218,1179,705.06667,-0.1850758534727919
E02000219,1709,1070.30294,-0.09539307903584336
E02000220,11013,8312.05286,0.2908713578510835
E02000221,3112,1182.79217,-0.7775794634413333
E02000222,1230,643.9245099999999,-0.37405689776340423
E02000223,1217,416.16235,-0.9877232667514093
E02000224,1226,1004.21274,0.27051223110881306
E02000225,1093,484.41508,-0.6211186296764954
E02000226,1652,688.67821,-0.6837957136642672
E02000227,2125,1285.49334,-0.13169456039135818
E02000228,660,194.66346,-1.2366878489247088
E02000229,1185,594.80177,-0.4369588892829084
E02000230,2790,1878.55379,0.03974338523927736
E02000231,566,279.95602,-0.503355088299074
E02000232,413,193.34302,-0.6012075518558645
E02000233,1260,306.81109,-1.473984118610387
E02000234,1528,1006.92834,-0.029047954779755872
E02000235,485,141.89346999999998,-1.2658441889885095
E02000236,345,137.09732,-0.846518650016003
E02000237,1002,463.52104,-0.5648071644649089
E02000238,2188,578.51557,-1.322099716889361
E02000239,1447,590.97402,-0.721510756950745
E02000240,1671,940.26518,-0.2510314577788392
E02000241,1860,1893.84585,0.6103438861187452
E02000242,1532,385.90854,-1.4135094343064427
E02000243,2846,1129.64967,-0.7206415004326507
E02000244,2110,502.71867,-1.4742235555780419
E02000245,1384,1451.12683,0.633955318353767
E02000246,2359,2182.00115,0.4869140233159459
E02000247,1977,1574.25864,0.25985834892645826
E02000248,1521,1497.79727,0.5494974547617589
E02000249,3261,3714.45475,0.8075057813075138
E02000250,810,417.33952,-0.42279868540786414
E02000251,1122,650.25001,-0.23335072024928555
E02000252,4730,2007.47759,-0.5923581984933665
E02000253,1768,1173.03242,-0.010111492960657128
E02000254,1560,2377.28199,1.1804931077297742
E02000255,1285,987.44099,0.18147950834300364
E02000256,1090,694.9482399999999,-0.09774755410621264
E02000257,6041,5476.49539,0.5172468576484277
E02000258,706,261.40462,-0.906192068002503
E02000259,1076,346.35292,-1.0821731000899484
E02000260,4699,3875.72484,0.3651209342510668
E02000261,1835,2214.72323,0.85461563387114
E02000262,2569,1204.95457,-0.48648899658354344
E02000263,1906,2306.81287,0.8610198118800128
E02000264,1303,655.89269,-0.4269857059993641
E02000265,2242,2639.19944,0.8312763048667399
E02000266,2923,2743.0936500000003,0.5212982127301603
E02000267,2028,1705.28459,0.3399821606139513
E02000268,1132,591.73452,-0.3813557002769412
E02000269,1614,650.20821,-0.734499390274748
E02000270,2271,2555.29559,0.7669841569505733
E02000271,630,82.58112,-2.399340938777706
E02000272,952,292.2416,-1.1577159254670055
E02000274,4152,2554.68953,-0.06516683897382734
E02000275,2291,1101.31882,-0.4582024319211839
E02000276,860,572.72708,-0.049767804677793265
E02000277,844,515.09611,-0.1765724195962825
E02000278,614,695.85197,0.6946401671469064
E02000279,1187,728.32079,-0.1476606777086422
E02000280,818,567.68641,0.006472676376952078
E02000281,1526,474.49924,-1.1107521222255547
E02000282,1427,1683.96753,0.8062711997118496
E02000283,1086,353.34192,-1.0661885293534206
E02000284,1832,782.04638,-0.6432264229036325
E02000285,449,128.76251,-1.298729222599866
E02000286,913,387.91028,-0.6928838288708853
E02000287,425,325.84975,0.10915503885684065
E02000288,3217,2325.01517,0.15078574340301443
E02000289,484,163.27354,-1.0619120271857543
E02000290,1190,332.52013,-1.2795342536343481
E02000291,2308,1567.9538,0.040694663317890116
E02000292,1351,1174.77832,0.3627638785365756
E02000293,632,537.38216,0.28276186792928304
E02000294,1098,1060.50466,0.5010285550938952
E02000295,753,294.60222,-0.823145311495569
E02000296,3219,1617.72127,-0.37289899025470336
E02000297,587,701.0503,0.7672720927393655
E02000298,452,467.9273,0.5449673306874075
E02000299,931,1226.73483,0.9381466186934466
E02000300,461,192.74875,-0.7569058672674563
E02000301,1065,922.45173,0.3421386439529734
E02000302,532,155.17847,-1.264937255256858
E02000303,750,443.6148,-0.22894895565806192
E02000304,444,284.42673,-0.1464608137445482
E02000305,1585,546.15087,-0.9606057328889273
E02000306,2708,5684.23213,1.6771530859351818
E02000307,895,1178.99605,0.9352736625841612
E02000308,1017,1530.45482,1.1352226518909614
E02000309,2562,4166.98411,1.3058375781968887
E02000311,1141,1747.46476,1.1678325440269905
E02000312,1175,2694.68495,1.7517246048528532
E02000313,1266,1170.21333,0.44670027685570346
E02000314,4958,2507.92893,-0.3364071855772478
E02000315,2074,870.70154,-0.6595560987368708
E02000316,8879,5694.06408,0.04239317736915728
E02000317,1294,1251.84037,0.5137213055413083
E02000318,2700,2441.66748,0.46288468983726194
E02000319,2325,2172.74855,0.5008006211143562
E02000320,814,996.65811,0.8238606878277539
E02000321,1156,559.6806,-0.49044247540890346
E02000323,3235,5969.69856,1.502669730943341
E02000324,2231,963.6543,-0.6140125310200197
E02000326,1083,795.64016,0.1060110382618398
E02000327,2296,1269.77006,-0.25611595285748406
E02000328,924,1534.92001,1.2715375825262312
E02000329,1613,1062.02613,-0.026899582135021232
E02000331,1954,1119.5356,-0.2152450797751755
E02000332,1404,796.5121800000001,-0.25011124290676673
E02000333,1432,738.95032,-0.3853654018159966
E02000334,897,494.0234,-0.32058802484287485
E02000335,589,303.74109,-0.4409912002699411
E02000337,1709,707.5857,-0.6915423470486736
E02000339,1899,1129.47256,-0.1631586096063023
E02000340,2711,2597.82106,0.5466491677686683
E02000341,1435,440.29106,-1.1336935475614256
E02000342,671,230.15537,-1.0190419002113997
E02000343,908,490.74804,-0.3469522932521335
E02000344,1007,323.70363,-1.0881093609090855
E02000345,895,2812.21439,2.1882845128402963
E02000346,962,3758.32906,2.506949610801442
E02000347,385,477.56194,0.7950240519494228
E02000348,707,1343.27478,1.448019549701172
E02000350,796,1885.89171,1.7737411598197563
E02000351,808,1083.80612,0.954829537898314
E02000352,506,718.40193,1.0068826039146315
E02000353,1113,2261.30075,1.5736418211821064
E02000354,696,1376.06234,1.5043678061014676
E02000355,869,2063.62993,1.782709633610582
E02000356,419,630.55048,1.0786635443867485
E02000357,1377,910.18078,-0.03118642297674884
E02000358,1479,2170.5493,1.1228253485984556
E02000359,867,250.92656,-1.2478916070593082
E02000360,1987,883.76765,-0.5790310105182873
E02000361,3250,4287.99182,1.0191933378870062
E02000362,1279,1329.91651,0.6169760011067431
E02000363,1754,1101.52902,-0.08977884359337378
E02000364,892,524.88614,-0.2256640007001624
E02000365,2978,5523.595600000001,1.504794760770192
E02000366,1218,1335.44893,0.6902970974524665
E02000367,2309,2799.85767,0.8758787750841995
E02000368,1550,503.66758,-1.0463972454704977
E02000369,1126,1685.859,1.1343346035484125
E02000370,1141,1812.79919,1.2207405515219603
E02000371,6292,5139.46249,0.3695281560772017
E02000372,3067,2965.51499,0.5674032132757431
E02000373,942,33.335829999999994,-4.23641858877636
E02000374,789,444.96306,-0.2944003414211539
E02000375,8835,6165.50294,0.16394478130189863
E02000376,1726,1814.72794,0.6518871322710644
E02000377,1267,1419.99396,0.7244138781269029
E02000378,826,307.44003,-0.8892755394295332
E02000379,604,502.77126,0.24932415032744926
E02000380,228,111.21099,-0.5767263445228231
E02000381,719,331.69125,-0.5890450521154023
E02000382,1117,602.74455,-0.3364329700674189
E02000383,1549,1097.86067,0.07671324983785258
E02000384,6011,5620.96362,0.5616562581200263
E02000385,761,276.09543,-0.9309426230633995
E02000386,748,702.78602,0.43708391058288026
E02000387,768,963.61125,0.8553988864334346
E02000388,955,467.5248,-0.4862447919627601
E02000389,585,1241.80209,1.595640600292593
E02000390,540,585.6923,0.6232762748513659
E02000391,1034,1723.18384,1.2833359142200993
E02000392,962,1347.8577,1.0287158701123726
E02000393,258,46.01144,-2.0012001484334285
E02000394,1265,518.00021,-0.7260080473215367
E02000395,1203,1228.10217,0.5866132023560617
E02000396,726,673.8580900000001,0.417665098604156
E02000397,694,1203.1818,1.3148558479795889
E02000398,745,978.01874,0.9186561511155678
E02000400,964,916.97117,0.4708263136867168
E02000401,1050,501.31172,-0.5164729797430416
E02000402,1296,934.43636,0.09024538915510864
E02000403,865,4121.63279,2.7864079448555867
E02000404,826,906.13991,0.6665298086387935
E02000405,901,501.18272,-0.30600858404639275
E02000406,732,626.76062,0.3019961757800194
E02000407,1737,1496.32081,0.36506114305081416
E02000408,2174,3831.66718,1.4112503171772404
E02000409,1132,1541.29902,0.9977992446621228
E02000410,945,527.94437,-0.2968124634637478
E02000411,2248,2011.25005,0.4358882994143503
E02000412,3334,5711.85232,1.3974453397079514
E02000413,665,258.26943,-0.841140682689752
E02000414,1129,344.90841,-1.1544308580983074
E02000415,1401,859.0791300000001,-0.13823772078247543
E02000416,923,522.29356,-0.2798526868651123
E02000417,1221,3591.82192,2.1131344735459106
E02000418,425,892.0384200000001,1.5587561329489
E02000419,820,2038.70738,1.8451389035777215
E02000420,2059,1656.0965,0.2768852522263996
E02000421,1962,5665.04947,2.1164821133821916
E02000422,606,626.05169,0.5604808525478987
E02000423,909,1778.46133,1.5063492726264354
E02000424,688,1178.55174,1.2970087340030338
E02000425,497,718.12287,1.0310233217114553
E02000426,620,1274.48011,1.5530705577566473
E02000427,760,342.87329,-0.6177435203012436
E02000428,812,792.69412,0.49739897093949514
E02000429,377,575.09587,1.091418141494297
E02000430,1221,1792.27577,1.1109556262737186
E02000431,252,603.8876,1.7154519590866297
E02000432,336,243.70699,0.014916741079614023
E02000433,1423,1325.40028,0.4650524572228731
E02000434,901,795.25905,0.35879054503429647
E02000435,443,368.11013,0.22744632067188209
E02000436,385,145.31585,-0.9140136625735007
E02000437,1052,1439.10713,0.999909340302644
E02000438,948,667.53023,0.03658291065757057
E02000439,1304,803.95664,-0.1348893134831707
E02000440,2007,614.64391,-1.1158599683174086
E02000441,731,340.23511,-0.5752702518757418
E02000442,1151,543.9677,-0.5254643883828012
E02000443,1089,1073.9206,0.530481773195795
E02000444,1721,942.52696,-0.2882053912128399
E02000445,2196,1642.82785,0.1764974437304755
E02000447,900,452.6841,-0.450953259304718
E02000448,923,588.51842,-0.10799481270472172
E02000449,1297,136.39252,-2.6772116217242035
E02000451,838,219.17381,-1.3953239232597956
E02000452,1315,2086.12792,1.2276033420883847
E02000453,1021,677.05584,-0.04521218105238677
E02000454,555,187.61671,-1.0510290361417176
E02000455,4101,5618.5944500000005,1.0882397893830704
E02000456,223,278.15755,0.7681358104596043
E02000457,665,541.17011,0.2227905416061635
E02000459,1253,1001.71086,0.23690121749563292
E02000460,990,910.26237,0.42358324406183473
E02000461,1302,695.3938,-0.3417107643023766
E02000462,1558,2923.71767,1.4805371598714898
E02000463,1089,224.70161,-1.7204933041155377
E02000464,649,369.72477,-0.29188481495152296
E02000465,1450,778.77656,-0.32697334864487604
E02000466,578,772.56604,0.9284458105371113
E02000467,1735,1149.91714,-0.012821180128381056
E02000468,1056,738.3056799999999,0.0330748348746867
E02000469,936,643.66713,0.0017116529363330872
E02000470,1533,694.30592,-0.56904125252559
E02000471,524,231.22118,-0.6719723022847139
E02000472,1004,449.72581,-0.6110333734814106
E02000473,1070,272.65055,-1.4184191890086448
E02000474,981,789.13114,0.23046039659707654
E02000475,981,459.78654,-0.5472683503882454
E02000476,6454,5945.5949,0.5445704912717114
E02000477,849,229.17224,-1.349237911590337
E02000478,79,49.07835,-0.2899328682513392
E02000479,952,844.1748299999999,0.36892430931247683
E02000480,2683,1709.58439,-0.04220138467448266
E02000481,376,345.92845,0.3636495574498185
E02000482,646,241.91787,-0.8951774915912645
E02000483,1727,986.85495,-0.22678919469078535
E02000484,857,315.14655,-0.9044328286480964
E02000485,962,598.4147,-0.14099765601191458
E02000486,647,382.07359,-0.2403780436398763
E02000487,201,70.60683999999999,-1.051541272975287
E02000488,457,181.75297,-0.8291774151276633
E02000489,961,618.66568,-0.09164557791046395
E02000490,762,568.6756399999999,0.1066526772923523
E02000491,1590,1441.1673,0.43280553259311944
E02000492,737,321.32037,-0.6687706835316611
E02000493,1405,838.98039,-0.17626881293637905
E02000494,534,199.5131,-0.9097240751792212
E02000495,1658,603.24342,-0.879520907952352
E02000496,793,271.60213,-1.0112509913318124
E02000497,901,208.73136,-1.5652496319065405
E02000498,651,132.68157,-1.7671686378203633
E02000499,688,90.43313,-2.3911134289589424
E02000500,1485,740.2907700000001,-0.43283962250330865
E02000501,382,248.70653,-0.13236868273470276
E02000502,593,154.12581,-1.4241229525347066
E02000503,700,147.63512,-1.7141776112226081
E02000504,695,98.72046,-2.2799235913015177
E02000506,647,345.97138,-0.3831343380262064
E02000507,461,236.94985,-0.4605362319562549
E02000508,2555,3003.509,0.8375493794091109
E02000509,1479,788.76729,-0.33590317222643123
E02000510,1435,1590.27882,0.7160608711228871
E02000511,1369,663.2294899999999,-0.4790572476230355
E02000512,1043,582.33769,-0.29158233936702166
E02000513,1553,870.90572,-0.26049185615540155
E02000514,2076,271.59689,-2.337379021725281
E02000515,1722,1616.42776,0.48829497067729016
E02000516,840,367.45049,-0.6560323299937357
E02000517,858,1466.27402,1.3076800338202528
E02000518,751,508.07422,-0.0355304780067853
E02000519,2319,5537.63779,1.8532494183389494
E02000520,4907,3634.03144,0.21256315161053063
E02000521,1921,904.89591,-0.498434978614533
E02000522,1112,868.96799,0.1965930790395171
E02000523,2723,4722.1069,1.402146124421288
E02000524,26390,9743.44531,-0.6851057418145369
E02000525,3559,4259.2718,0.8842876752919444
E02000526,1338,1250.56196,0.46617120798584566
E02000528,2739,3188.23239,0.827735469007818
E02000529,1833,563.38206,-1.1162434058298183
E02000530,3142,1595.65953,-0.3593118823680013
E02000531,2754,1697.89578,-0.08809616468803128
E02000532,1503,479.36384,-1.0751428628752284
E02000533,485,318.26131,-0.10644119925876128
E02000534,1304,373.33804,-1.2390827721224371
E02000535,1642,1417.29743,0.3643831897239694
E02000536,1567,1635.10699,0.6348537875143685
E02000537,1259,276.09856,-1.6244844425007836
E02000538,2933,2064.4902,0.10688389970634601
E02000539,2352,1345.44318,-0.2059117172948019
E02000540,3176,4276.22176,1.0469834113616687
E02000541,2792,1175.22356,-0.6372422296151302
E02000542,3498,3963.25027,0.8042603808517338
E02000543,4965,6724.09097,1.0836455596413939
E02000544,909,296.04736,-1.075447394375516
E02000545,1712,742.027,-0.6255106528154677
E02000546,1192,689.59053,-0.2321488028088129
E02000547,3469,1073.21256,-1.0673896052701715
E02000548,1576,1054.7527,-0.0048191627500353
E02000549,4288,3679.60749,0.4164483753739379
E02000550,3182,106.34617,-4.270140503392582
E02000551,1960,1480.56032,0.1833207276011891
E02000552,1662,998.5306,-0.15696821435468888
E02000553,961,587.07667,-0.1671056952768241
E02000554,1059,1788.33699,1.3039144916147078
E02000555,567,280.52796,-0.5028522535295458
E02000556,1129,2416.93852,1.649929888160164
E02000557,1906,4737.55367,1.8985870749727551
E02000558,1553,3542.7504200000003,1.761852534287903
E02000559,604,807.4290100000001,0.931444177859744
E02000560,1016,2095.79325,1.5897055235725757
E02000561,247,654.96885,1.859899458473392
E02000562,609,1092.81729,1.3561241309408643
E02000563,868,2409.11499,2.0074384671533965
E02000564,1407,2138.24612,1.1699867853149633
E02000565,513,1702.1231,2.230862159333083
E02000566,1554,986.79587,-0.08139948313489515
E02000567,930,1835.76096,1.5205941732211448
E02000568,1830,1907.97558,0.6434705056848494
E02000569,1017,3699.99659,2.4078003685418685
E02000570,388,441.96169,0.6728616207510698
E02000571,349,417.57734,0.7368942737116311
E02000572,735,1019.87923,0.9976505126966596
E02000573,2901,5166.32173,1.444489632172302
E02000574,1953,1732.85702,0.4150425935355928
E02000575,4689,3655.45221,0.2836931236017969
E02000576,3182,3531.31001,0.7684133261895139
E02000577,1697,1483.44956,0.3847200732531529
E02000578,666,599.02978,0.3669601666265804
E02000579,1073,652.65835,-0.16650225022871062
E02000580,1143,845.9346400000001,0.12000924972934338
E02000581,588,361.00691,-0.19030318648537528
E02000582,755,1548.64725,1.5625988479938953
E02000583,551,674.5778,0.7989660648107278
E02000584,1050,3142.95776,2.1285534422483874
E02000585,442,814.85745,1.3744321223491993
E02000586,872,213.21984,-1.48964422994291
E02000587,397,620.19695,1.129021582186021
E02000588,1596,1476.69108,0.46270879347604765
E02000589,877,77.89135999999999,-2.9381824767161158
E02000590,1702,1861.40295,0.7077909971263081
E02000591,906,485.21144,-0.36024461567548655
E02000592,822,898.79681,0.6614943450278024
E02000593,681,1187.15321,1.3215697848583081
E02000594,1070,2312.02732,1.6599083558033088
E02000595,829,1641.10836,1.51739716724842
E02000596,319,797.35852,1.7917004234764697
E02000597,861,1149.07368,0.9515797175152975
E02000598,1151,636.11165,-0.30016560368146145
E02000599,557,613.77471,0.6480393572022782
E02000600,1189,1341.73181,0.7302656709180815
E02000601,1231,286.6285,-1.539703890793605
E02000602,1884,1938.75654,0.6264564121501035
E02000603,1664,630.3605200000001,-0.8211868386581085
E02000604,2043,897.79557,-0.5946540790910156
E02000605,939,233.24573,-1.462731212554118
E02000606,8015,4341.65545,-0.20744479000642108
E02000607,892,256.27929,-1.2567280909850982
E02000608,2496,1333.92655,-0.30021520903697574
E02000609,980,1196.86318,0.8319602398728533
E02000610,1090,547.04797,-0.4423080750006781
E02000611,1206,493.26064,-0.7306323167653532
E02000612,404,712.71785,1.3052124964266565
E02000613,799,1101.29325,0.9933203666955731
E02000614,1453,879.5947,-0.15446400118709394
E02000615,861,427.19847,-0.4733098852552051
E02000616,297,213.87534,-0.0029648326000376885
E02000617,1376,509.57626,-0.8655117367611775
E02000619,1019,793.70889,0.1864336573004113
E02000620,1927,1329.72805,0.051876387576439
E02000621,4762,5278.3146,0.7921191047232498
E02000622,1713,3657.99819,1.6728638686146382
E02000623,1079,741.29931,0.009216746914405115
E02000624,1397,1692.8573,0.843140697154586
E02000625,1598,2285.45476,1.0905361376541727
E02000626,1160,138.94732,-2.496815755888094
E02000627,1027,947.85528,0.4313342150094603
E02000628,5817,10040.47715,1.4434313917098374
E02000629,1314,783.8096400000001,-0.18197241360294478
E02000630,1531,1466.16789,0.5097054302687167
E02000631,2312,2491.2485,0.7057255252749505
E02000632,677,756.7354300000001,0.6809480434212514
E02000633,2441,2683.99047,0.738313585907179
E02000634,1042,3638.77175,2.350284973838002
E02000635,2225,1651.57074,0.16606338340287333
E02000636,334,215.88902,-0.1509135740890581
E02000637,975,1276.01395,0.9312868011138015
E02000638,700,2599.01827,2.4130919626945504
E02000639,1328,4493.9412,2.3204537544258224
E02000640,551,194.15962,-0.9918915306972038
E02000641,1140,1239.88637,0.6744913326005268
E02000642,1811,2156.78424,0.8345473816652854
E02000643,903,1916.12347,1.6229381764456563
E02000644,848,391.46222,-0.5780366213442669
E02000645,2449,2766.9716,0.7777003878060204
E02000646,1617,3575.17638,1.7193320172734805
E02000647,1353,399.00433,-1.1942737632800613
E02000648,1725,961.03012,-0.26339628486062333
E02000649,4091,6661.48709,1.3371170404308923
E02000650,1906,515.6073299999999,-1.2976314451610698
E02000651,1448,1580.16871,0.6944403023670231
E02000652,790,545.49243,-0.0029674068892668526
E02000653,2966,507.72941,-1.9293661992208793
E02000654,1336,1605.40294,0.8282141197147347
E02000655,3390,1214.14361,-0.8578433959849968
E02000657,1934,1703.92962,0.4042532279006262
E02000658,1720,3497.55647,1.6025763265151929
E02000659,1374,457.26467,-1.0193996030102266
E02000660,697,708.60954,0.546219649684433
E02000661,1432,949.00131,-0.02498701154248874
E02000662,1086,839.3096,0.1791662700197765
E02000663,591,319.56107,-0.3726677398815556
E02000664,9438,8567.42505,0.5473209681822396
E02000665,1204,906.53294,0.14803428207133973
E02000666,742,569.73874,0.14597214478562656
E02000667,654,615.86199,0.43189682527029377
E02000668,1318,494.81025,-0.8484900674753454
E02000669,1381,588.33444,-0.6636204743219636
E02000670,771,990.4346,0.8895859044552734
E02000671,1174,1091.11424,0.4498133260415911
E02000672,4775,5138.19569,0.7495654169588336
E02000673,1477,1285.2046,0.36934283181670574
E02000674,1141,912.83248,0.2320640584769301
E02000675,2155,507.88211,-1.4886036741708202
E02000676,852,401.72441,-0.5472922434179411
E02000677,1549,1408.32701,0.43558899239902743
E02000678,1790,363.25045,-1.7150511860664237
E02000679,1451,365.78681,-1.4156721179445289
E02000680,1591,970.64101,-0.13761031295811207
E02000681,1759,510.4338,-1.2015222347119567
E02000682,1088,425.10759,-0.8027385332713166
E02000683,1427,1406.36086,0.546631106876612
E02000685,1807,1332.93557,0.14396956595192192
E02000686,2401,733.03329,-1.1092730707051972
E02000687,1192,793.31099,-0.030344099083355842
E02000689,817,596.11254,0.0785031284385752
E02000690,1059,435.48604,-0.730810431716158
E02000691,3807,2869.82249,0.22212924459277725
E02000692,1682,994.41842,-0.17940012536498778
E02000693,2151,1139.19897,-0.32255665832267383
E02000694,1385,1539.39002,0.7180592073589044
E02000695,1410,245.0383,-1.9520341082187025
E02000696,840,1014.12063,0.8055785251303749
E02000697,2385,1095.0189,-0.5218978246570503
E02000698,811,427.42747,-0.39013309177897926
E02000699,696,761.1212,0.6511567854062391
E02000700,1245,455.61584,-0.8887393404671685
E02000701,2350,2830.01204,0.8670605662576933
E02000702,1354,529.80472,-0.7872652378234859
E02000703,1020,536.55966,-0.37872734189203183
E02000704,3006,1432.33893,-0.4539332364600785
E02000705,2008,1017.74487,-0.39016914006235204
E02000706,2604,930.42287,-0.8776837569711903
E02000707,1957,1730.16632,0.40998259202569093
E02000708,1394,674.00236,-0.48079287399886245
E02000709,1501,577.2327799999999,-0.8058759957527145
E02000710,1787,1711.72835,0.5197942983919551
E02000711,3080,3981.19374,0.9862218344454476
E02000712,1645,841.01343,-0.3901215073014194
E02000713,1289,383.61517,-1.1840789837509822
E02000714,1298,680.43797,-0.36878111806680747
E02000715,897,1158.24908,0.9066160931455709
E02000716,531,1408.62814,1.910619349601733
E02000717,1496,1791.20626,0.8301813178578106
E02000718,972,401.9199,-0.7281106392475343
E02000719,1137,77.88915,-3.2959252001764106
E02000720,742,790.88552,0.6182727253891431
E02000721,2112,2694.08175,0.9432858890480694
E02000722,949,1316.51256,1.0135493851338244
E02000723,2657,2019.9887,0.21171284870508392
E02000724,587,219.49764,-0.9029704126701008
E02000725,3489,2123.26671,-0.09196465660071786
E02000726,16208,8426.60808,-0.22225904621116985
E02000727,2138,989.25689,-0.5175422643079046
E02000729,905,545.91556,-0.18904681408368615
E02000730,1753,1577.31321,0.4283979115213585
E02000731,2653,3706.68432,1.0889489368607879
E02000732,628,113.84327,-1.9367016715819294
E02000733,942,705.03658,0.1240529588669531
E02000734,800,1858.99354,1.746130241954503
E02000735,864,374.95481,-0.6657575585491649
E02000736,1904,862.90831,-0.5546267667150384
E02000737,2395,1426.84477,-0.14622895435304867
E02000738,1155,1485.39235,0.9168351529929852
E02000739,1227,969.25993,0.21834847479447014
E02000740,2145,434.34183,-1.7072985874142386
E02000741,2173,3084.81476,1.0992936811248553
E02000742,2079,1174.76392,-0.23132982294265694
E02000743,1928,2625.05168,1.0315070457128592
E02000744,1172,357.37869,-1.1548571993560468
E02000745,1284,739.56706,-0.23383039964084767
E02000746,3180,2285.64932,0.1421168159453241
E02000747,3938,2936.41508,0.20855733244879487
E02000748,727,435.10212,-0.21393427744370083
E02000749,1766,994.18068,-0.24691217725475362
E02000750,2375,1132.59307,-0.4674922593578191
E02000751,791,482.60862,-0.18101127139739093
E02000752,1733,895.68957,-0.37121236743174124
E02000753,439,484.13035,0.6341134928569656
E02000754,657,168.43033,-1.4380261402982828
E02000755,953,331.62027,-0.977437806255319
E02000756,2254,1261.96874,-0.2395478739700661
E02000757,1296,538.36416,-0.7038640818129448
E02000758,420,498.89077,0.7382136023421203
E02000759,1549,954.92033,-0.12426450455480578
E02000760,927,756.5799000000001,0.24778610816637903
E02000762,892,386.31468,-0.6667581091600798
E02000763,757,764.3916300000001,0.5416319112679681
E02000764,1281,347.62622,-1.3171863845321312
E02000765,799,836.1396599999999,0.596487627739021
E02000767,869,235.23484,-1.3438154134927525
E02000768,362,379.04992,0.5473424830143281
E02000769,1504,947.21315,-0.09530956380686208
E02000770,610,324.73868,-0.39312478758183994
E02000772,1851,1297.31657,0.07177671611775847
E02000773,1301,705.7482699999999,-0.3193661434735085
E02000774,747,461.58639,-0.16628163281106553
E02000776,528,398.41325,0.09967672864153206
E02000777,869,542.86325,-0.1412026821419989
E02000779,1412,1495.94403,0.6501913463445941
E02000780,4220,4016.19611,0.5646899147456748
E02000781,1884,1860.48557,0.5670554791940859
E02000782,1326,5306.84642,2.562273411590783
E02000783,820,770.78698,0.4435285354136093
E02000784,739,825.65787,0.6858295928952572
E02000785,2417,360.69904,-2.1391368950759544
E02000786,1791,1572.87983,0.39478315285780935
E02000787,1380,732.72998,-0.34656719261996877
E02000788,1204,764.82091,-0.09682530512651553
E02000789,1657,309.27779,-1.8399315424221951
E02000790,525,395.55891,0.09717627943674635
E02000791,3808,3433.48548,0.48030897337906364
E02000792,474,693.62762,1.0462511130379313
E02000793,1561,514.13631,-1.0265325606149027
E02000794,900,253.60495,-1.2840972238934465
E02000795,867,767.04656,0.3597515689696833
E02000796,2250,697.45032,-1.0913981282335103
E02000797,3374,1664.51373,-0.39663546173549413
E02000798,2489,763.35707,-1.1005116759204683
E02000799,1012,969.34509,0.48390380949039163
E02000800,394,147.30872,-0.9262880909854673
E02000801,1304,719.17854,-0.29539112852224747
E02000802,1574,550.7368,-0.9389702541672178
E02000803,1953,655.84141,-0.9848487206208236
E02000804,1601,1010.98588,-0.08757177004291229
E02000805,1451,530.28577,-0.88130774392046
E02000806,1476,560.22167,-0.8257940922463703
E02000807,1834,278.77724,-2.1290440895170475
E02000808,5019,2186.53154,-0.5509678229384117
E02000809,6534,3902.82889,-0.07938317237772236
E02000810,2320,1695.59302,0.14634542078624935
E02000812,5053,4439.90819,0.4609266410748333
E02000813,4048,2654.9175,0.025286430604772443
E02000814,2421,1028.01369,-0.6335292348370888
E02000815,2852,3167.93487,0.7627951738257771
E02000816,1453,1130.08099,0.20656524614264585
E02000817,1148,345.99205,-1.172914847411128
E02000818,1727,3600.91494,1.638968542729403
E02000819,1843,227.79392,-2.4259224510277098
E02000820,1348,1254.33706,0.46025387620917296
E02000821,3517,4633.11409,1.0219610201137999
E02000823,1825,1978.92685,0.6998720886548323
E02000824,3280,1464.7603,-0.5419363386285214
E02000825,1422,1831.39137,0.9320740158526974
E02000826,1671,1562.11518,0.48047043973722064
E02000827,4181,8580.0881,1.672090021957669
E02000828,4855,6715.689,1.1127330873354482
E02000829,2285,2696.95409,0.836297141510957
E02000830,1338,266.27963,-1.7603786219885034
E02000831,3570,2374.33815,0.037507394043956165
E02000832,1076,1204.74988,0.7126723321616435
E02000833,1590,2005.79844,0.9093004831699434
E02000834,1168,2037.5443,1.356982447755271
E02000835,1114,899.9892199999999,0.24464752700300674
E02000836,1463,1120.73267,0.18514384485276988
E02000837,1602,933.13553,-0.20387840746662758
E02000838,1106,1808.35578,1.2601298047685328
E02000839,1494,1116.96028,0.15138897285740804
E02000840,1379,360.375,-1.366973000546946
E02000841,2363,1628.88268,0.06317731917721472
E02000842,1479,1277.01317,0.3582636615819204
E02000843,2333,635.72184,-1.2747813345156365
E02000844,1671,603.25828,-0.8902497082051732
E02000845,657,186.7728,-1.2897806762519606
E02000846,881,692.79146,0.1910443566340615
E02000847,1345,505.73663,-0.8449971603331516
E02000848,1225,1235.2878,0.5700487877292421
E02000849,1032,455.79317,-0.6296450448737111
E02000850,4196,500.95686,-2.4269788998490527
E02000851,4508,2981.23357,0.044017922905773374
E02000852,1264,346.07002,-1.305229100574758
E02000853,804,293.98025,-0.9164424531482679
E02000854,1583,801.15423,-0.40711249455015
E02000855,493,565.16518,0.6972470058756741
E02000856,1947,1099.59529,-0.23619401133443452
E02000857,1580,885.91165,-0.259636734438285
E02000858,2387,845.90897,-0.8949205507179203
E02000859,699,420.32876,-0.20954919381754142
E02000860,734,614.70066,0.270262623326654
E02000861,721,113.42426,-2.132137343129657
E02000863,620,82.11944,-2.3852991742635536
E02000864,1606,757.57003,-0.5075626007693341
E02000865,675,945.22683,1.0054048616525355
E02000866,1431,3160.7633,1.7101132086716762
E02000867,1068,1584.33737,1.1176791170543858
E02000868,1009,1080.37084,0.6442323042257467
E02000870,501,848.68376,1.2605965508793302
E02000871,1185,425.93033,-0.9176269840954865
E02000872,1798,485.44296,-1.303999585893596
E02000873,1126,601.8479199999999,-0.34963352137044634
E02000874,637,1206.11174,1.4363718526207652
E02000875,917,634.32256,0.0089049461501883
E02000876,1943,1990.66278,0.6220387417165651
E02000877,1119,1249.53096,0.7112752687513794
E02000878,2958,2437.37274,0.3345359571173839
E02000879,582,624.04382,0.6114889346041666
E02000880,1050,702.54031,-0.030588262536897115
E02000881,607,515.92462,0.2796751695137075
E02000882,945,105.0854,-2.613913424060301
E02000883,810,585.0666,0.06342609252080798
E02000884,1895,1121.88399,-0.16996604455100953
E02000885,417,186.55684,-0.6657278211893971
E02000886,885,605.67985,-0.008696554913982945
E02000887,775,1435.2480799999998,1.4169924114554824
E02000888,648,592.49076,0.38888444475407336
E02000889,409,141.56897,-1.0346116575874695
E02000890,1512,527.88508,-0.9445911596123064
E02000891,2118,2220.55965,0.6607142265350769
E02000893,1320,545.50529,-0.7101799936007058
E02000894,900,1244.17312,1.0051373090123867
E02000895,716,370.71453,-0.42333026056630024
E02000896,1312,1117.15013,0.33065203131153587
E02000897,1508,367.63959,-1.4615064516707994
E02000898,742,417.93918,-0.2999657014978831
E02000899,1823,1452.47925,0.2555985142212249
E02000900,2000,949.96572,-0.4839603896497598
E02000901,2257,449.1663,-1.7291637371565243
E02000902,879,1612.73643,1.4115915045041643
E02000903,1969,1654.6624,0.33724261833960173
E02000904,2151,809.37033,-0.8150213296979154
E02000905,1809,898.26322,-0.42623509510504914
E02000906,1449,408.96137,-1.2532797046818784
E02000907,2058,855.99005,-0.6734286100656711
E02000908,2688,1947.20901,0.14282727502531922
E02000909,870,271.70544,-1.1383483971285662
E02000910,1191,1850.49967,1.1913152160201084
E02000911,5041,5450.32426,0.7598562483247345
E02000912,1811,461.28243,-1.3874002746725207
E02000913,2321,1541.09982,0.008053886932622448
E02000914,3045,2739.75126,0.4631690019856428
E02000915,1181,419.13021,-0.9361242345246031
E02000916,2111,2529.23019,0.8529092989945622
E02000917,1203,1188.27575,0.5391077937367269
E02000918,2952,1919.0066,-0.007354914782306821
E02000919,1542,416.37578,-1.313158962590901
E02000920,3250,3908.5358,0.8855975785716351
E02000921,1848,1305.1797,0.08272065467661656
E02000922,2785,499.05503,-1.8673651093507657
E02000923,745,1045.18704,1.0143559901490113
E02000924,3777,2991.94913,0.2931198931781981
E02000925,977,629.3860000000001,-0.08965649097756033
E02000926,1532,1328.48187,0.3666840759561952
E02000927,554,1118.79284,1.5202813579089456
E02000928,754,584.8507099999999,0.1615669831682465
E02000929,1149,1035.20494,0.4036830953227048
E02000930,1770,1975.28794,0.7393954362448762
E02000931,381,226.4122,-0.26364126541604316
E02000932,4207,4439.10561,0.7132997054566735
E02000933,1217,1075.192,0.37906599842178035
E02000934,5319,8667.5932,1.3548047517712116
E02000935,1281,988.47853,0.18728870176941795
E02000936,917,1104.03311,0.8071616010279478
E02000937,534,440.11415,0.22734432429286414
E02000938,2212,1841.96903,0.33140706265088854
E02000939,371,100.16526,-1.3952571979424182
E02000940,2177,1171.21402,-0.299181535602766
E02000941,688,544.50244,0.18480626577462272
E02000942,897,721.51436,0.2247558358430677
E02000943,1584,607.3288200000001,-0.8068753210380334
E02000944,1037,703.23595,-0.011998737865817117
E02000945,2368,3023.17563,0.9517338828097891
E02000946,886,829.83559,0.44322104520967137
E02000947,744,229.98572,-1.162317658806286
E02000948,1116,394.68791,-0.9445667103448525
E02000949,553,824.26584,1.082617224767787
E02000950,1022,435.96048,-0.6802464255539041
E02000951,811,1453.51883,1.372685790988507
E02000952,722,54.23363,-3.1844625470418104
E02000953,704,663.46664,0.43766205129662983
E02000954,389,76.44921,-1.8456821766884488
E02000955,479,157.85442,-1.0959995247094896
E02000956,1825,2843.70223,1.2225246535769898
E02000957,3561,4499.73947,0.9627027567670269
E02000958,711,818.51112,0.726500549759434
E02000959,1187,1502.18353,0.8953799303020161
E02000960,460,517.95704,0.6670266624935635
E02000961,134,500.56584,2.3115246167975805
E02000962,574,1339.60579,1.731024764631253
E02000963,802,428.53735,-0.37103126180468665
E02000964,1358,1676.16566,0.8678768993944427
E02000965,365,197.33594,-0.4019313401018913
E02000966,192,477.46622,1.7506279953678252
E02000967,2665,2880.39761,0.7191017431141891
E02000968,1190,1907.98695,1.2365705658593635
E02000969,1080,2057.48919,1.4789525226920788
E02000970,6036,1416.57915,-1.4310347819174327
E02000971,2411,4304.5574400000005,1.4364114812074948
E02000972,26003,7379.73402,-1.0654126653256062
E02000973,829,999.65503,0.8030357588410656
E02000974,2675,3540.98856,1.0116280886106932
E02000975,1762,1359.85554,0.20754305230006
E02000976,2195,1387.23123,-0.06660305836009352
E02000977,34562,15467.34345,-0.39068245536154267
E02000978,5539,5095.33819,0.5328475042832492
E02000979,7356,3232.36789,-0.5145338317509014
E02000980,1122,449.9273,-0.7634868544227921
E02000981,931,573.91505,-0.15605912292281054
E02000982,7525,8341.75884,0.821167123019425
E02000983,1122,674.44732,-0.180736869434804
E02006782,1469,546.79687,-0.8541605240785989
E02006783,1648,688.47064,-0.6808886784631655
E02006784,1772,1802.82815,0.6061525107340217
E02006785,825,581.5888,0.029568692287617285
E02006786,1002,1874.18281,1.4477230160192438
E02006787,1198,376.50107,-1.110120428339212
E02006788,720,75.42974,-2.712214742242649
E02006789,815,158.83545,-1.8188892339347675
E02006791,579,409.34519,0.011690971715219031
E02006792,2585,1829.47129,0.10678669812103586
E02006793,1247,1649.43415,0.9622106590221715
E02006794,1881,1762.63715,0.49137787370101493
E02006795,981,290.96516,-1.2053466411351814
E02006796,2087,660.10566,-1.0669866522633193
E02006798,2939,4333.56382,1.1731052395405748
E02006799,2313,1013.62456,-0.5909312263183237
E02006800,2257,1161.07172,-0.3614602621413797
E02006801,15363,8803.70953,-0.08529405824659037
E02006802,4299,12477.10862,2.1736999803760884
E02006836,343,226.70918,-0.1172625103400678
E02006853,1010,251.75971,-1.4534416200013585
E02006854,6138,1585.25487,-1.2920003897860923
E02006882,3510,1178.38407,-0.9488802245386874
E02006918,951,993.68698,0.6052849496351754
E02006921,804,928.20357,0.7383704538380348
E02006924,1214,2441.91234,1.564730965420062
E02006925,1779,940.7551,-0.33660037410666044
E02006927,1689,1154.05534,0.029389872180466525
E02006928,1676,644.93012,-0.7981875301191631
E02006929,9046,6985.97898,0.31155531789777097
E02006930,2578,2024.9566,0.25686301577413245
E02006931,2167,1613.73488,0.16906886881786404
