MSOA11CD,od_destination_total,rail_exit_total,std_residual
E02000001,33281,64037.68043099912,1.2247389976147185
E02000011,774,1698.7201278922,-0.14094161299373456
E02000012,698,1428.9978069464305,-0.2720315088482574
E02000013,889,1930.0301066728,-0.09830074727942674
E02000014,1814,3133.104608378,-0.09980857254033494
E02000016,5041,11943.68275365608,0.7213148498008195
E02000023,583,754.2264260000001,-0.9320450613996529
E02000024,1705,2654.252948494,-0.2579325496927816
E02000031,851,1758.8216379972002,-0.1790376802146093
E02000035,596,2122.7251382162003,0.3713488473123815
E02000040,698,1173.0103808796,-0.5243508947843951
E02000041,3204,2776.132644036,-0.7500259590818863
E02000043,312,1122.5586201268072,0.11962598409686846
E02000046,1903,4095.444468032,0.20101346230666348
E02000047,2590,2162.8161642398,-0.8839154352214138
E02000053,3180,4907.466001903401,-0.01491527933597753
E02000055,3195,3183.2742846700003,-0.5725734674216827
E02000056,639,4378.047258222,1.2364458400430605
E02000060,1131,1178.163422996345,-0.9388667757941218
E02000061,2594,4132.04076073,-0.05743636908421982
E02000093,2022,2420.2229665580003,-0.5244824832969663
E02000095,2612,2621.9550098586,-0.6451289830104444
E02000099,1805,1863.966321061,-0.7595114977878795
E02000100,1188,3179.277227773566,0.2874997718690618
E02000104,1468,9827.04273692,1.5465027475392366
E02000105,3068,913.4516684685884,-2.1332416790916024
E02000106,2371,1606.93001556,-1.1867855169208898
E02000108,640,1145.059091653275,-0.47968883691268804
E02000110,718,2002.735190722,0.1349107940135108
E02000111,2154,2997.4480772124,-0.3060443569265249
E02000112,4804,1716.6600907600002,-1.717516472679676
E02000114,838,4329.695841112,0.9863040156404537
E02000115,473,3584.5866170336417,1.2423842263398213
E02000119,3417,1297.109020438,-1.7789452697404258
E02000120,979,1244.9866697556834,-0.7427005107813015
E02000121,3694,1752.016760646,-1.462542699828351
E02000124,1373,7335.372206448303,1.2307312612469232
E02000126,683,1833.98085934,0.06585623198914542
E02000131,2225,4995.539631931114,0.3189330341430778
E02000135,2484,911.7331587378258,-1.9517027728329464
E02000167,567,2602.57343219,0.675333902941204
E02000168,1139,6882.246719907438,1.3118750622338262
E02000171,680,929.8576938916,-0.798486389018706
E02000172,1013,1055.361125168478,-0.9836152486828681
E02000173,974,814.6954525866747,-1.2801669590232483
E02000175,1849,11146.129393915371,1.5066484848671033
E02000176,420,2582.446302694,0.9263961860106226
E02000177,1406,3252.1929659008,0.16979116995574592
E02000182,1018,3183.917959257249,0.4238220094340005
E02000184,1785,1436.1136465140507,-1.0831753919742984
E02000185,1129,371.45466686406,-2.411536998172608
E02000186,3862,7058.933758407301,0.2807639229797038
E02000187,6428,31536.144770401534,1.751490443595761
E02000188,2712,18815.253040286025,1.8427091332651544
E02000191,4571,8012.824837603057,0.2960351602051214
E02000193,10538,9213.666822734,-0.25312863689891435
E02000201,1946,3832.218939794722,0.09659391494576806
E02000213,7471,2774.680985524,-1.4883351894066694
E02000241,1860,3005.79138986,-0.17466823702373513
E02000243,2846,2225.8329349620003,-0.9293031979521288
E02000244,2110,1128.602302001,-1.5368625190039495
E02000248,1521,1860.417846167858,-0.6128518748798595
E02000252,4730,5712.931459860293,-0.16646040880170382
E02000255,1285,2111.554128912504,-0.304127324665109
E02000257,6041,12182.422444737958,0.5889566350579334
E02000258,706,688.2597475516001,-1.2155236505700608
E02000259,1076,1609.623106083036,-0.4965869513874537
E02000262,2569,785.1741789184,-2.1719529814245755
E02000264,1303,1213.217768152776,-1.0246599308402748
E02000266,2923,5888.219495380222,0.2915206180159309
E02000269,1614,3354.166307169507,0.08912147941554018
E02000270,2271,3225.0798047473604,-0.2585148367606028
E02000278,614,816.585126236104,-0.8756289746445401
E02000284,1832,1572.274326496845,-0.9900153479286437
E02000287,425,1027.40655648,-0.26218398083364397
E02000291,2308,1228.493862389668,-1.5065947500436803
E02000292,1351,745.1301476440001,-1.679076235300406
E02000296,3219,4731.397897791,-0.07226313062128126
E02000303,750,1653.101277162,-0.1483297581683292
E02000306,2708,2759.1783513,-0.6113400906990296
E02000308,1017,2302.261180504,0.010087310664060099
E02000315,2074,11878.785192246802,1.4880564509950676
E02000316,8879,15423.715845374198,0.5551474933933911
E02000345,895,448.701738824,-1.9682416083677972
E02000346,962,4806.595932750816,0.9998177775339182
E02000350,796,1487.6444283024,-0.3349543120133628
E02000353,1113,1345.5837477193802,-0.7550642742023207
E02000360,1987,1764.0470466923653,-0.9136237218949806
E02000361,3250,3136.071660145102,-0.6065471330776093
E02000362,1279,2026.38401857,-0.3526929356406891
E02000363,1754,2673.77141748,-0.27324090279485763
E02000365,2978,8437.98339183091,0.7354593964102857
E02000367,2309,1099.384615652,-1.6488904665251856
E02000371,6292,1674.763073588,-1.984206378592256
E02000372,3067,9094.527205183462,0.8056445029691379
E02000375,8835,11222.36255079957,0.15272346423318084
E02000376,1726,1298.095163444,-1.1830604606633979
E02000382,1117,1386.108335735052,-0.7202588562837113
E02000383,1549,639.8846989794,-1.9926808518745063
E02000384,6011,15393.06622637616,0.8925075120953783
E02000385,761,5731.99847028465,1.4290233237204133
E02000388,955,3531.50699282,0.6119387417839105
E02000392,962,3826.297608854829,0.7081106622729255
E02000394,1265,942.5341931449808,-1.3215315706522217
E02000395,1203,3173.4624148284083,0.27423359121048063
E02000400,964,3331.2334969467797,0.5291123798244312
E02000403,865,5718.9514776000005,1.3146168029640437
E02000407,1737,759.0069689396,-1.8743686593586972
E02000411,2248,7991.383097983,0.9108721285037784
E02000415,1401,6520.181326996,1.0624750177338513
E02000421,1962,9230.08458961309,1.2137169838222275
E02000426,620,3648.668431522,1.0296446503698642
E02000427,760,795.141148433834,-1.095257082836667
E02000433,1423,2346.03601472,-0.25831390201956256
E02000434,901,1749.8329872454,-0.23528532815970285
E02000438,948,476.1908286984377,-1.9424249469926504
E02000445,2196,3577.262169094248,-0.09672459321112169
E02000447,900,359.0799989372261,-2.2574046133503
E02000448,923,1899.0751951817808,-0.1516440723779162
E02000451,838,1185.7017179409002,-0.6696887092161151
E02000455,4101,5393.61376533,-0.11569972660849438
E02000456,223,1025.0683797590666,0.29506730442972395
E02000457,665,2534.116516648,0.5025417952610987
E02000459,1253,1427.174852099,-0.7829768013298201
E02000461,1302,1223.8003123633669,-1.0128907635394666
E02000470,1533,3198.4067892278804,0.07315499818681943
E02000475,981,3151.8827810084,0.44312138219872577
E02000476,6454,10730.7692259616,0.3690466929346502
E02000478,79,293.42319879222003,-0.4047180229212893
E02000482,646,3271.1730144041003,0.8542359232184056
E02000485,962,493.35648165133694,-1.9099794579650595
E02000486,647,1168.87426917436,-0.4628443816348932
E02000489,961,1981.562143944,-0.1324039060639531
E02000495,1658,2337.6947721098504,-0.39597820459403915
E02000500,1485,1885.1654501236,-0.5750966972550414
E02000501,382,1655.487061534,0.4403236299602592
E02000502,593,961.609851962128,-0.6364670952466465
E02000503,700,653.1896048868,-1.274897679100322
E02000504,695,577.747432949188,-1.425401719938934
E02000506,647,1041.159294316,-0.6107221288523754
E02000508,2555,2278.2278423,-0.8055917563958097
E02000515,1722,2848.652841035116,-0.17618846434487342
E02000523,2723,6813.2754072601,0.5398948659103517
E02000524,26390,11066.236810583,-0.8187282725572785
E02000526,1338,4924.896492039074,0.7436620517873512
E02000531,2754,852.8818093900001,-2.1268482924594885
E02000537,1259,1197.8129896260002,-1.0110806676686919
E02000540,3176,2690.2406412920004,-0.7825675153553736
E02000542,3498,2264.661356916,-1.0868936372809845
E02000543,4965,2409.70762419442,-1.312642184807106
E02000554,1059,416.688149874,-2.2091868587817927
E02000557,1906,5331.90040238637,0.537064314849764
E02000558,1553,14728.726979193118,2.015084497674863
E02000559,604,1743.781993768,0.10833146474377592
E02000564,1407,2931.47981792,0.03640540887258734
E02000566,1554,7955.16715192,1.226636808841889
E02000567,930,1765.9044913376,-0.25117350698432045
E02000568,1830,3229.949048859148,-0.06852791405137312
E02000575,4689,15876.4908588896,1.1484638863836814
E02000576,3182,5816.2802996272,0.2018369515262802
E02000579,1073,2163.732549096,-0.11592690770102546
E02000581,588,948.696342508,-0.6463773838699793
E02000582,755,4826.0591077126,1.215887752217733
E02000585,442,1304.6996987280002,0.009097954454679247
E02000586,872,3101.4814856122,0.5250383589555463
E02000589,877,9177.22800824,1.9075257670242487
E02000590,1702,6987.44017538,0.9815082616807664
E02000592,822,5582.227600206001,1.3280505580806425
E02000593,681,2323.950313290732,0.37115014182076994
E02000594,1070,4652.09455884,0.8654024437705872
E02000619,1019,3515.6392763,0.5497096971299724
E02000621,4762,14185.42623646506,0.9909444234927344
E02000622,1713,3529.7281097800005,0.10251750806933144
E02000625,1598,5887.489967883963,0.8173475220163195
E02000628,5817,15647.582758549146,0.9420685686564827
E02000629,1314,5060.593940307443,0.7941860053786967
E02000634,1042,6551.80327146,1.3264370792972027
E02000636,334,5637.600297098001,2.1239574916583996
E02000662,1086,3318.7130107788003,0.42055166244488107
E02000664,9438,4678.597643340195,-1.0238341195802287
E02000671,1174,2188.5936602242587,-0.1796439024562936
E02000673,1477,4931.935855769888,0.6594183877827979
E02000685,1807,4170.223428418,0.2692393410538867
E02000689,817,1413.6262252408,-0.42285881046051277
E02000691,3807,12987.9544199554,1.0731440592347945
E02000693,2151,4316.38417112,0.1615092881540455
E02000697,2385,2616.415776958,-0.5686352357510577
E02000711,3080,6459.3191058,0.36433919163545125
E02000714,1298,5021.08577831191,0.7948302851914807
E02000716,531,3103.4301110494425,0.9574644174389939
E02000717,1496,563.0076169378616,-2.1258203375931775
E02000725,3489,3444.899436245952,-0.5482560984561978
E02000726,16208,30854.59214677509,0.9176699266252993
E02000730,1753,7333.714767780001,1.017657639814441
E02000731,2653,7562.48238902,0.6960179420490824
E02000733,942,675.4199347593127,-1.4905868963788413
E02000734,800,3241.96772635,0.65669973450503
E02000746,3180,3136.392216438,-0.5874475236409796
E02000747,3938,10600.679851324,0.7838798461418917
E02000748,727,1011.643849972012,-0.7489198521291333
E02000749,1766,6762.266891343963,0.9074632565567551
E02000750,2375,5804.2586019684695,0.4540080163126487
E02000751,791,3479.325004079104,0.7569055551021363
E02000756,2254,3272.7143983367414,-0.2332198298477342
E02000757,1296,3101.6681080134804,0.18013075911852652
E02000763,757,3517.433716385542,0.809073925713668
E02000764,1281,1217.3749517530573,-1.0054599008480247
E02000765,799,3827.8240471004183,0.8702241205702801
E02000768,362,1421.178272338,0.29197090990509106
E02000772,1851,3230.1185435660004,-0.0783987257281608
E02000782,1326,7583.156837529,1.3035537529824501
E02000785,2417,1733.476407126868,-1.1066139391376377
E02000791,3808,10369.585456886482,0.7849335815462127
E02000808,5019,27137.229401161465,1.7749127053136786
E02000810,2320,4382.187799040001,0.11497710156809986
E02000813,4048,10660.91082218788,0.7671243464076275
E02000829,2285,3444.791032894,-0.1795869362913545
E02000830,1338,3557.6996081946404,0.3277789933890682
E02000831,3570,6733.0744716074405,0.2888095007257924
E02000865,675,746.0087755687621,-1.073526821877823
E02000871,1185,4016.332827780001,0.5885868898112334
E02000872,1798,1972.63233945032,-0.6836825294474328
E02000874,637,9400.047459096308,2.216471559260522
E02000875,917,4090.335896564048,0.835153768104606
E02000876,1943,7662.82232046,0.9841771206087274
E02000877,1119,6572.036390740001,1.2683094966275612
E02000881,607,1155.10633198,-0.4224630443564388
E02000884,1895,5088.0691170512,0.4822384774351928
E02000888,648,8481.430880763659,2.0700417735195225
E02000890,1512,6929.191106382366,1.0738913772850203
E02000891,2118,5479.143699355712,0.480042529185976
E02000893,1320,2300.5491570926,-0.21791970955483012
E02000896,1312,2265.1319143,-0.2324641053055037
E02000901,2257,2169.8518953148,-0.7598821140376655
E02000907,2058,1641.6038157632331,-1.0361719675525534
E02000908,2688,7272.688162994401,0.6346244653271155
E02000910,1191,523.088080936079,-2.021180865425873
E02000911,5041,10713.285104184117,0.5822548551046803
E02000917,1203,1097.4106944012,-1.083351213231479
E02000918,2952,5790.323539980914,0.261477421380317
E02000920,3250,6580.8598782300005,0.3413775367609537
E02000924,3777,4795.346457736954,-0.19436268649759555
E02000934,5319,16189.700307136744,1.063614249026213
E02000936,917,4694.004866853367,1.0112074080331683
E02000942,897,4087.68808496,0.8535213677980713
E02000949,553,7239.774992461984,2.0055066901569805
E02000951,811,5582.36068166,1.339807174385387
E02000957,3561,8586.25874744,0.6019817842058082
E02000960,460,2746.6226691340003,0.9261126935596282
E02000966,192,4016.761836416766,2.1709750542873234
E02000967,2665,5930.532385787141,0.38117742096898327
E02000968,1190,2227.111918494441,-0.16912293400621478
E02000969,1080,2110.5868679200003,-0.15338558362901414
E02000970,6036,10458.230815165472,0.3944828661504598
E02000971,2411,10211.594386538203,1.1634706654871665
E02000972,26003,33000.43033603282,0.5917536530630153
E02000973,829,1230.14893092,-0.6132537724558508
E02000974,2675,28691.309821090646,2.3943819090617264
E02000975,1762,1598.6157431424867,-0.9348431551316216
E02000976,2195,5577.483842926001,0.4716891332103029
E02000977,34562,36721.1336914005,0.48045237881793573
E02000978,5539,3337.47894154,-0.9914593084624049
E02000979,7356,10931.900182853313,0.27881577257011675
E02000982,7525,31074.14152380176,1.5953196424944305
E02000983,1122,3312.1091447,0.3896107430127994
E02006791,579,1792.233098766512,0.1801451181447738
E02006792,2585,1831.401780834832,-1.094894302326839
E02006794,1881,1006.6921361748,-1.5828853452750984
E02006796,2087,1242.48398199,-1.4044463532313989
E02006798,2939,6729.6184834411215,0.4575943934193116
E02006800,2257,6524.500123303937,0.6480059905890666
E02006801,15363,51386.23412136817,1.6168123304944637
E02006802,4299,11436.573372204157,0.8045443902568084
E02006854,6138,30201.32912710052,1.736392444222935
E02006918,951,1582.48144715,-0.4108167110153468
E02006925,1779,1630.5254572952097,-0.9179391850873279
E02006928,1676,5086.340969760099,0.588765861932232
E02006929,9046,14347.3234922,0.4463758799195809
E02006931,2167,1706.0463521417123,-1.0318992889763996
