unit,cluster,max_posterior,entropy
500,0,0.7532067295362787,0.5587863828748949
501,2,0.9999999767663328,4.327718427151147e-07
502,0,0.9874715222356372,0.06732943039253542
503,0,0.9985517738076594,0.011042532331425532
505,1,0.9997469287199852,0.002348935049190155
506,1,0.9978501817256198,0.015352699740990216
507,2,0.9972499082948955,0.018961372094210966
508,0,0.9340180326908982,0.24311929530867465
509,1,0.9866707052761098,0.07079320763148089
510,0,0.9423807482770707,0.22036592953449835
511,0,0.9920815302273723,0.049364912783060384
512,0,0.9920337971531634,0.04648576457715003
513,0,0.8590859901846302,0.4808307783964508
514,1,0.9819274647844819,0.09043985971413002
515,1,0.9997022888305515,0.002714920152630126
516,0,0.9966380571803938,0.022527124054988502
517,0,0.999679352568688,0.0029022417083964525
518,1,0.9998494001266779,0.0014760173403677765
519,0,0.9954545825984424,0.029051470066892522
520,0,0.9984040502465035,0.012074952572698448
521,0,0.9967838710220507,0.021901129382492158
522,0,0.9035168798939985,0.31728957844256644
524,2,0.9994484253207657,0.00481761839334715
525,0,0.9998612560094972,0.0013991335084696608
526,1,0.9379398107524397,0.23259901048875392
527,1,0.9838303113455027,0.08273202333460064
528,0,0.9940455500895643,0.03646622165345169
529,1,0.8918795608740167,0.3425675303876529
530,1,0.9120262831269699,0.2978245063681058
531,1,0.9990414286487683,0.0076202464710402274
532,1,0.9981170927316436,0.013696759450052127
534,0,0.9924439369363213,0.04444192843803175
535,0,0.9879920046305661,0.06534220036570491
536,1,0.9828432030903097,0.08678839305159475
537,1,0.9989752317591837,0.008078034210588643
539,1,0.996881555052777,0.021108331930357944
540,0,0.9927522578257675,0.04611427097190427
541,2,0.99364468172914,0.03950630138988571
542,2,0.9999997414325087,4.182180052332183e-06
543,1,0.9997073901057133,0.0026734399845339874
544,1,0.9552198536823947,0.18284912601853295
545,1,0.9997376617466768,0.0024257262133797566
546,1,0.9999892361210603,0.00013389523182796476
547,0,0.9999749406399467,0.0003074645916864844
548,0,0.999915928895907,0.0008731475979557808
549,0,0.9993991119336605,0.005058185865824238
550,1,0.9815063288751161,0.09215961578648771
551,1,0.9602614105418739,0.16711269736757814
552,1,0.8728405371784725,0.3809511134760311
553,2,0.9999999999998863,2.7744095003324307e-12
554,1,0.999489992925332,0.004376285106175546
555,1,0.9997893576155744,0.001993783083751741
556,1,0.9999927829804364,9.266260058046972e-05
557,1,0.9998872763542302,0.001137440804210423
558,1,0.6392960114326902,0.6538224690944184
560,1,0.8538237646913553,0.4160271101031335
561,1,0.9944289742287923,0.03447008360643521
562,0,0.9999230609372599,0.0008061850815977514
563,0,0.5235292824310314,0.6920397636765018
564,1,0.9941484264240757,0.035917645971185685
565,1,0.7962910087829763,0.5055014321465704
566,1,0.9845196983140446,0.07988474350382396
567,1,0.5346673606314045,0.6907416358525282
568,1,0.9959733837415036,0.02622462401239036
569,0,0.9537558102906412,0.1873046195863426
570,0,0.9989225613026355,0.008439265314284756
571,1,0.9999652251660374,0.00039179523100339817
572,1,0.9999928450587449,9.192476539997189e-05
574,0,0.9958699736661712,0.02696066327288642
575,0,0.9986291933805693,0.010925983550553037
576,1,0.9997298397633565,0.0024902319276372225
577,0,0.9904752305177034,0.05566203400390962
578,1,0.9414301297643003,0.22301421500660482
579,0,0.9904412800610534,0.05438413534029126
580,0,0.9995889537259934,0.003761050546483594
581,0,0.9479240047623845,0.2057457137878296
582,1,0.9850624488091714,0.07762107320381405
583,0,0.9998625068354183,0.0013603984987870764
584,0,0.7494142662794994,0.5629785944887726
585,1,0.9396049478053373,0.22805364152195354
586,2,0.999856374534181,0.0014152241880584983
587,1,0.99344209367914,0.03950352864530113
588,0,0.9912053464888465,0.05342300610468621
589,1,0.9971231102924276,0.019705561772404036
590,2,0.9999944351561905,7.289652189850065e-05
591,1,0.9995023985048969,0.004282091701865482
592,1,0.9996309616249591,0.0032862490090583433
593,2,0.996713650405427,0.022087315644461418
594,0,0.9996082929214428,0.0035455732667590834
595,1,0.9997036874206988,0.0027035409068762017
596,1,0.9380424225541868,0.23232048186656423
597,1,0.9746079777725247,0.1183792529528492
598,1,0.9871590296373585,0.06868207609745751
599,0,0.9891918625034993,0.06488915581486071
601,1,0.8958300156408815,0.33415001182815407
602,1,0.9951135388674701,0.030876803921840744
603,2,0.9791739828160702,0.10128091585105985
604,0,0.8886518211887977,0.3494871997405863
605,0,0.7473903176677231,0.566707329185137
606,1,0.999019034070643,0.007775609656106059
607,2,0.9999997607780247,3.886759139798417e-06
608,0,0.9902087739567713,0.055042185531589655
609,0,0.9865820469027023,0.07118625714770797
610,1,0.9998489067000302,0.0014803545922045824
611,0,0.9967694084756787,0.02175398526220205
612,0,0.8917141813666866,0.34292067426537776
613,0,0.9997430242633518,0.0023841307580214875
614,2,0.9873870865020078,0.06782079568321514
615,1,0.9998618404778632,0.0013659881721698125
616,0,0.994709602845681,0.03301359996630543
617,1,0.9561919313445107,0.17986305804774771
618,1,0.9988197843979171,0.009136679811822496
619,0,0.9999421017268156,0.0006391294901024645
620,1,0.9644715807782175,0.1534645744679777
621,1,0.9844263355313031,0.0807875741570853
622,0,0.9943117778131799,0.035079771586442925
623,0,0.5787371781807632,0.680696391968767
624,1,0.9808660483419605,0.09472492014333123
625,0,0.9996710705471729,0.003162359346736924
626,2,0.9998657817518922,0.0013680616576105238
627,1,0.9188997823295683,0.2814490887444755
628,0,0.9918903918757407,0.0471220209685466
629,0,0.9999811456124202,0.00022627597076112539
630,1,0.9854285000234202,0.07608315293429249
631,2,0.9999999996877023,7.147866939659994e-09
632,1,0.907666243653026,0.3079043147773034
633,0,0.6443467495743476,0.6508769846062799
634,0,0.9995539569712735,0.004194785715264761
635,0,0.9989234434003499,0.008807654158821551
636,1,0.9984621879486362,0.011497645354255768
637,1,0.8035080916359789,0.4955005626198872
638,0,0.9322873830404639,0.24768164430918999
639,0,0.9870585085213163,0.07691753546995486
640,0,0.9934998396582383,0.039630088267589396
641,0,0.9991301406805626,0.006999581317886134
642,0,0.9816065091873849,0.09171987522609758
643,1,0.9997090991022384,0.002659568245109074
645,2,0.8403019962988265,0.48182566775068836
646,1,0.999996082278813,5.2693344506226415e-05
647,1,0.9813414059056007,0.09277166207278283
648,0,0.9997398655006856,0.0024096339241991747
649,1,0.9815870043038479,0.09179733954835284
650,1,0.9992720316676845,0.005987470073698819
653,1,0.9118883574266915,0.2981478069851156
654,1,0.9974528343568032,0.017757577519400304
655,1,0.968488185830456,0.13995873674660197
656,1,0.9993923292434898,0.005107821514866654
657,1,0.9993590835839882,0.005353120543326457
659,1,0.9999883493359774,0.00014400385684542607
660,1,0.9599851621356787,0.16799130703236978
661,1,0.9996253867068465,0.003330098403460805
662,0,0.8674855848141282,0.393316572509571
663,0,0.9950916984671558,0.03437516160453553
664,1,0.9993055303852778,0.005744666035533997
665,0,0.9999770286131385,0.0002767399556344132
667,1,0.966556313844671,0.14651669124096417
668,0,0.9997197860349216,0.0025723163717755173
669,2,0.9999745047868833,0.00029524066083619306
670,0,0.996745530680095,0.021894127775645908
671,0,0.9530496414016236,0.18943876703537021
672,0,0.9924147700880013,0.04459837538857883
673,1,0.9942274156555894,0.03551146449134286
674,2,0.9999999812067133,3.531242077391965e-07
675,1,0.983978501978792,0.08212542454064228
676,1,0.9868603595127222,0.06997545558312268
677,1,0.9919768666883437,0.04670591256874206
678,0,0.7260791461065672,0.5871201861443416
679,1,0.9932224834406884,0.04062805045490026
680,0,0.7164002157484017,0.5963211203998364
681,0,0.9999557312875356,0.0004881700203790193
682,0,0.9949043678522619,0.03205402232408591
683,1,0.9981593937037714,0.013430437890183698
684,1,0.9991624915041245,0.006770971794612702
685,0,0.9991659290333951,0.007260087171325201
686,1,0.9998075326588746,0.001839283613626935
687,1,0.9989269992975331,0.008408864489332365
688,1,0.9999089886375179,0.0009378248777130241
690,1,0.8116929617859687,0.48377750766420485
691,1,0.9938738757286446,0.03732857659307229
692,1,0.9999884719730385,0.00014261003569826462
693,1,0.998378376235488,0.012038154063965151
694,0,0.9999336608621703,0.0007142187271242607
695,1,0.7884721897624168,0.5164413436504415
696,0,0.9221175749251271,0.2735688698582634
697,2,0.9196108156766458,0.2814943974218936
698,0,0.9152703650457257,0.290174458372143
700,0,0.9663437416269776,0.1700075223465573
702,2,0.9997932040592402,0.0020281507464023907
703,1,0.8199803275921236,0.4714236962107514
704,1,0.8087515938679405,0.48802898747008344
705,1,0.9953736227614274,0.02948697624934147
706,1,0.9956753601338169,0.027864023409215805
707,1,0.9886346877083887,0.062185173857397025
708,2,0.999956331547597,0.0004833020262050953
709,1,0.9981116808180083,0.01373028597438918
710,1,0.9996307862821141,0.003287460693877026
711,0,0.8535742536649878,0.4164730284528996
712,1,0.9976887418576356,0.016337838628619154
713,0,0.8836735206307698,0.35954354411915007
714,1,0.9981097401423524,0.013742386347384013
715,0,0.9640689437640155,0.15478986390763963
716,0,0.9964906127101487,0.02333941400343825
717,1,0.9776113923763107,0.10719497922925453
718,2,0.9999998587959553,2.3720108284401846e-06
719,0,0.980037391821129,0.09795798886247803
720,1,0.9995273985237841,0.0040913349056805794
721,1,0.9992734954073069,0.0059768921512772764
723,0,0.9997118399098676,0.0027000883412483436
724,2,0.9999999916106503,1.647814921599465e-07
725,1,0.999570314452405,0.0037607395918567935
726,0,0.9761486650761824,0.1126715254340047
727,0,0.9998458393446358,0.0015388295821543824
728,2,0.9999929301104464,9.09248767336215e-05
729,0,0.9990375187140293,0.007884187548987317
730,1,0.9912228145107597,0.05030379129043955
731,0,0.9991399899930802,0.0069306349743363214
733,1,0.645528008014362,0.6509537212800519
734,0,0.9913035178026324,0.04998076781377782
735,0,0.968793284282016,0.13891311233238035
736,1,0.9999202045235337,0.0008327496493412933
737,1,0.9486620216758072,0.20249914465863944
738,1,0.999778720586422,0.002083561212130054
739,1,0.9990628568370297,0.007471110461928837
740,1,0.9998807857417294,0.0011962588827238824
741,0,0.997578995670251,0.01827731445582801
742,1,0.6971935852847246,0.6132256909853416
743,0,0.6366602645031458,0.6553198526551637
745,0,0.8627137982379465,0.4000524384854991
746,0,0.9463196834292774,0.2092125138761506
747,0,0.9997692984381006,0.0022303646747747897
748,1,0.9978991343412217,0.015051853888646381
751,1,0.9851904955565781,0.0770955655220378
752,2,0.999518758171661,0.004184430198204754
753,1,0.9980297179616392,0.014242367434144611
754,0,0.9059185330849858,0.3118813837297556
755,2,0.9999426557576979,0.0006179265092836527
756,1,0.9969984750059477,0.020431924921155635
757,1,0.8758842670396374,0.375046577160193
758,0,0.9784500100387404,0.10403832528656554
759,1,0.9935192412241654,0.03911572392548613
760,0,0.7357755570285961,0.5774294014034569
761,2,0.9882341647139042,0.06566426902875075
762,1,0.9999985508585765,2.0932931885712682e-05
763,0,0.9972260515881368,0.0191018437631991
764,0,0.9611918874236219,0.1886015645117636
765,1,0.6511402369116686,0.6467392357683643
766,1,0.9787562585136638,0.10284119028878581
767,1,0.9970191869835323,0.020311821402322162
768,1,0.9998328488383621,0.0016207860430928933
769,1,0.9999096956573426,0.0009312436539474862
770,0,0.7590188734266935,0.5523174309720057
771,1,0.9971446132595284,0.01958012323655849
773,1,0.8591132463122901,0.44362781280529623
774,0,0.9995838756435982,0.003655387822517952
775,0,0.8534331662357654,0.4167457314204134
776,0,0.9809984345596365,0.09412799749827025
777,0,0.9385813294977394,0.23086358404623997
778,0,0.9984060104897374,0.012587106194119685
779,0,0.9968691177767258,0.021180048053221958
780,2,0.9999925352322034,9.56989254498142e-05
781,2,0.9999452100980903,0.0005933576749848638
783,2,0.9999999997787654,5.1460011716724494e-09
784,2,0.6249941363879656,0.6711909991225282
787,0,0.994255491724542,0.035371122592560554
788,0,0.9851228182517442,0.07737315816466471
789,2,0.9997744397666006,0.0021197041416949384
831,0,0.9649224932054157,0.15197146871875528
832,0,0.9620347754754311,0.16174396950012435
852,0,0.9943102531735809,0.03517023539346001
884,0,0.9853586336804715,0.07637754163005984
