K,replicate,base_cluster,matched_jaccard
2,1,0,0.8498168498168498
2,1,1,0.9844814534443603
2,2,0,0.6677115987460815
2,2,1,0.9601653513716648
2,3,0,0.7108843537414966
2,3,1,0.9681050656660413
2,4,0,0.3847826086956522
2,4,1,0.8950685947348906
2,5,0,0.8549618320610687
2,5,1,0.9856603773584905
2,6,0,0.8645418326693227
2,6,1,0.9872036130974784
2,7,0,0.677536231884058
2,7,1,0.9668775586155564
2,8,0,0.8980392156862745
2,8,1,0.9901701323251417
2,9,0,0.7325102880658436
2,9,1,0.9758902077151336
2,10,0,0.6634615384615384
2,10,1,0.9606299212598425
2,11,0,0.831275720164609
2,11,1,0.9846556886227545
2,12,0,0.7569444444444444
2,12,1,0.973644578313253
2,13,0,0.8149606299212598
2,13,1,0.9823772028496438
2,14,0,0.8609022556390977
2,14,1,0.9860113421550094
2,15,0,0.7985865724381626
2,15,1,0.9784743202416919
2,16,0,0.8980392156862745
2,16,1,0.9901701323251417
2,17,0,0.5424657534246575
2,17,1,0.9375934230194319
2,18,0,0.0
2,18,1,0.9144050104384134
2,19,0,0.5912408759124088
2,19,1,0.9587020648967551
2,20,0,0.7670682730923695
2,20,1,0.9783824077525158
3,1,0,0.8717948717948718
3,1,1,0.09064748201438849
3,1,2,0.48542914171656687
3,2,0,0.7948717948717948
3,2,1,0.5894874022589053
3,2,2,0.25905511811023624
3,3,0,0.8428571428571429
3,3,1,0.7504445761707172
3,3,2,0.6806784660766961
3,4,0,0.6474576271186441
3,4,1,0.7191818684355997
3,4,2,0.6266061980347695
3,5,0,0.33410138248847926
3,5,1,0.6821615339918652
3,5,2,0.638328530259366
3,6,0,0.8389513108614233
3,6,1,0.6923076923076923
3,6,2,0.5277127244340359
3,7,0,0.8587786259541985
3,7,1,0.09077912794853467
3,7,2,0.48390941597139453
3,8,0,0.7360594795539034
3,8,1,0.6619581100828057
3,8,2,0.4578783151326053
3,9,0,0.83984375
3,9,1,0.7335180055401662
3,9,2,0.6447166921898928
3,10,0,0.8076923076923077
3,10,1,0.04878048780487805
3,10,2,0.47279042840602087
3,11,0,0.7601476014760148
3,11,1,0.6428226196230062
3,11,2,0.4422187981510015
3,12,0,0.9157509157509157
3,12,1,0.05183585313174946
3,12,2,0.4778170396544955
3,13,0,0.13075060532687652
3,13,1,0.5873831775700935
3,13,2,0.4447852760736196
3,14,0,0.8269230769230769
3,14,1,0.6361717100633357
3,14,2,0.682648401826484
3,15,0,0.7788461538461539
3,15,1,0.7946537059538274
3,15,2,0.7065548780487805
3,16,0,0.80859375
3,16,1,0.5015048908954101
3,16,2,0.005439005439005439
3,17,0,0.7629179331306991
3,17,1,0.7700059276822763
3,17,2,0.663109756097561
3,18,0,0.5518987341772152
3,18,1,0.5770419426048565
3,18,2,0.22877358490566038
3,19,0,0.8981132075471698
3,19,1,0.6220546654099905
3,19,2,0.3847926267281106
3,20,0,0.7984496124031008
3,20,1,0.050468637346791634
3,20,2,0.47305619707467284
4,1,0,0.6857677902621723
4,1,1,0.023255813953488372
4,1,2,0.008951406649616368
4,1,3,0.8157894736842105
4,2,0,0.8253308128544423
4,2,1,0.34782608695652173
4,2,2,0.0
4,2,3,0.8254716981132075
4,3,0,0.8131785847997005
4,3,1,0.06451612903225806
4,3,2,0.013477088948787063
4,3,3,0.7412280701754386
4,4,0,0.94494691309477
4,4,1,0.7142857142857143
4,4,2,0.6238532110091743
4,4,3,0.7425742574257426
4,5,0,0.7907514450867053
4,5,1,0.7142857142857143
4,5,2,0.06153846153846154
4,5,3,0.5909090909090909
4,6,0,0.828003120124805
4,6,1,0.020100502512562814
4,6,2,0.32989690721649484
4,6,3,0.6702127659574468
4,7,0,0.8909090909090909
4,7,1,0.5189873417721519
4,7,2,0.32748538011695905
4,7,3,0.875
4,8,0,0.8085347432024169
4,8,1,0.5652173913043478
4,8,2,0.014767932489451477
4,8,3,0.7289719626168224
4,9,0,0.8421253822629969
4,9,1,0.9761904761904762
4,9,2,0.034990791896869246
4,9,3,0.43434343434343436
4,10,0,0.8962406015037594
4,10,1,0.2971014492753623
4,10,2,0.0
4,10,3,0.8164251207729468
4,11,0,0.9593338497288924
4,11,1,0.8723404255319149
4,11,2,0.5743243243243243
4,11,3,0.812807881773399
4,12,0,0.9433070866141732
4,12,1,0.38461538461538464
4,12,2,0.6778846153846154
4,12,3,0.7487684729064039
4,13,0,0.9101654846335697
4,13,1,0.005263157894736842
4,13,2,0.8606060606060606
4,13,3,0.8272727272727273
4,14,0,0.7432485322896282
4,14,1,0.0024509803921568627
4,14,2,0.3560371517027864
4,14,3,0.7325581395348837
4,15,0,0.8858836606150426
4,15,1,0.6097560975609756
4,15,2,0.004366812227074236
4,15,3,0.6380090497737556
4,16,0,0.8600760456273764
4,16,1,0.4794520547945205
4,16,2,0.003236245954692557
4,16,3,0.7109375
4,17,0,0.7841698841698842
4,17,1,0.5857142857142857
4,17,2,0.06635071090047394
4,17,3,0.7135678391959799
4,18,0,0.8645675265553869
4,18,1,0.3942307692307692
4,18,2,0.0
4,18,3,0.8008849557522124
4,19,0,0.8473743860974688
4,19,1,0.4939759036144578
4,19,2,0.011494252873563218
4,19,3,0.8365384615384616
4,20,0,0.9041870992078461
4,20,1,0.5909090909090909
4,20,2,0.004807692307692308
4,20,3,0.8293838862559242
5,1,0,0.009900990099009901
5,1,1,0.6559139784946236
5,1,2,0.06571936056838366
5,1,3,0.2803030303030303
5,1,4,0.7307245253777606
5,2,0,0.6724137931034483
5,2,1,0.8723404255319149
5,2,2,0.8465608465608465
5,2,3,0.5194805194805194
5,2,4,0.9434436531210725
5,3,0,0.13714285714285715
5,3,1,0.6070175438596491
5,3,2,0.35735735735735735
5,3,3,0.47560975609756095
5,3,4,0.6982687551525144
5,4,0,0.039735099337748346
5,4,1,0.40437158469945356
5,4,2,0.7045454545454546
5,4,3,0.46987951807228917
5,4,4,0.8296925566343042
5,5,0,0.4139344262295082
5,5,1,0.8151658767772512
5,5,2,0.31417624521072796
5,5,3,0.6153846153846154
5,5,4,0.8600488201790073
5,6,0,0.09523809523809523
5,6,1,0.7912621359223301
5,6,2,0.7630331753554502
5,6,3,0.4823529411764706
5,6,4,0.815359477124183
5,7,0,0.18275154004106775
5,7,1,0.757847533632287
5,7,2,0.4457831325301205
5,7,3,0.0
5,7,4,0.7537067545304778
5,8,0,0.2906574394463668
5,8,1,0.5955555555555555
5,8,2,0.1782477341389728
5,8,3,0.5942028985507246
5,8,4,0.8129265355279004
5,9,0,0.01195219123505976
5,9,1,0.5957446808510638
5,9,2,0.12052117263843648
5,9,3,0.7346938775510204
5,9,4,0.7337254901960785
5,10,0,0.11455108359133127
5,10,1,0.7887323943661971
5,10,2,0.7123893805309734
5,10,3,0.7884615384615384
5,10,4,0.8462479608482871
5,11,0,0.18969555035128804
5,11,1,0.7711442786069652
5,11,2,0.1626984126984127
5,11,3,0.25675675675675674
5,11,4,0.5807119205298014
5,12,0,0.3793103448275862
5,12,1,0.7751196172248804
5,12,2,0.014035087719298246
5,12,3,0.2085889570552147
5,12,4,0.7848496680983991
5,13,0,0.10344827586206896
5,13,1,0.8137254901960784
5,13,2,0.6296296296296297
5,13,3,0.7843137254901961
5,13,4,0.830625507717303
5,14,0,0.1708185053380783
5,14,1,0.8529411764705882
5,14,2,0.8647058823529412
5,14,3,0.8163265306122449
5,14,4,0.8879837067209776
5,15,0,0.04357298474945534
5,15,1,0.32967032967032966
5,15,2,0.7844311377245509
5,15,3,0.43157894736842106
5,15,4,0.8423586040914561
5,16,0,0.2594142259414226
5,16,1,0.5645161290322581
5,16,2,0.07364975450081833
5,16,3,0.6451612903225806
5,16,4,0.7494033412887828
5,17,0,0.027522935779816515
5,17,1,0.7476190476190476
5,17,2,0.534965034965035
5,17,3,0.40425531914893614
5,17,4,0.8004024144869215
5,18,0,0.4067796610169492
5,18,1,0.691699604743083
5,18,2,0.008695652173913044
5,18,3,0.9534883720930233
5,18,4,0.8495645288994458
5,19,0,0.6720430107526881
5,19,1,0.7914691943127962
5,19,2,0.6428571428571429
5,19,3,0.6153846153846154
5,19,4,0.9330578512396694
5,20,0,0.004651162790697674
5,20,1,0.8028169014084507
5,20,2,0.8465909090909091
5,20,3,0.20833333333333334
5,20,4,0.8633266533066132
6,1,0,0.8024691358024691
6,1,1,0.7407407407407407
6,1,2,0.47717842323651455
6,1,3,0.028089887640449437
6,1,4,0.8788732394366198
6,1,5,0.6666666666666666
6,2,0,0.015151515151515152
6,2,1,0.4606741573033708
6,2,2,0.24834437086092714
6,2,3,0.6432432432432432
6,2,4,0.728701406120761
6,2,5,0.6551724137931034
6,3,0,0.9
6,3,1,0.8780487804878049
6,3,2,0.37454545454545457
6,3,3,0.6705202312138728
6,3,4,0.8924821503569929
6,3,5,0.8115183246073299
6,4,0,0.023310023310023312
6,4,1,0.5466666666666666
6,4,2,0.17363344051446947
6,4,3,0.2803738317757009
6,4,4,0.6965012205044752
6,4,5,0.4444444444444444
6,5,0,0.75
6,5,1,0.22666666666666666
6,5,2,0.4
6,5,3,0.06304728546409807
6,5,4,0.7168576104746317
6,5,5,0.5847953216374269
6,6,0,0.02158273381294964
6,6,1,0.3490566037735849
6,6,2,0.5130890052356021
6,6,3,0.4280155642023346
6,6,4,0.8290774299835255
6,6,5,0.7853658536585366
6,7,0,0.7375
6,7,1,0.29850746268656714
6,7,2,0.388646288209607
6,7,3,0.05331179321486268
6,7,4,0.7113654946852003
6,7,5,0.622093023255814
6,8,0,0.810126582278481
6,8,1,0.9285714285714286
6,8,2,0.5384615384615384
6,8,3,0.5429864253393665
6,8,4,0.9007986548970156
6,8,5,0.7783251231527094
6,9,0,0.6632653061224489
6,9,1,0.4606741573033708
6,9,2,0.36462093862815886
6,9,3,0.46116504854368934
6,9,4,0.8492693110647181
6,9,5,0.788659793814433
6,10,0,0.6966292134831461
6,10,1,0.7017543859649122
6,10,2,0.4089068825910931
6,10,3,0.034934497816593885
6,10,4,0.8485452371462734
6,10,5,0.6198830409356725
6,11,0,0.7191011235955056
6,11,1,0.6724137931034483
6,11,2,0.7588652482269503
6,11,3,0.6216216216216216
6,11,4,0.9331358442657639
6,11,5,0.7685185185185185
6,12,0,0.30708661417322836
6,12,1,0.3153846153846154
6,12,2,0.4233576642335766
6,12,3,0.703030303030303
6,12,4,0.8374528697109342
6,12,5,0.8061224489795918
6,13,0,0.8311688311688312
6,13,1,0.926829268292683
6,13,2,0.4722222222222222
6,13,3,0.3680297397769517
6,13,4,0.869837296620776
6,13,5,0.8367346938775511
6,14,0,0.7604166666666666
6,14,1,0.6904761904761905
6,14,2,0.4
6,14,3,0.3174061433447099
6,14,4,0.8463756177924218
6,14,5,0.8409090909090909
6,15,0,0.5876288659793815
6,15,1,0.3448275862068966
6,15,2,0.3622448979591837
6,15,3,0.3828996282527881
6,15,4,0.8351328903654485
6,15,5,0.7592592592592593
6,16,0,0.8375
6,16,1,0.4235294117647059
6,16,2,0.5
6,16,3,0.07661290322580645
6,16,4,0.8556366585563666
6,16,5,0.6769911504424779
6,17,0,0.8831168831168831
6,17,1,0.9523809523809523
6,17,2,0.5561224489795918
6,17,3,0.007874015748031496
6,17,4,0.9128329297820823
6,17,5,0.8219895287958116
6,18,0,0.6847826086956522
6,18,1,0.6290322580645161
6,18,2,0.6178343949044586
6,18,3,0.00546448087431694
6,18,4,0.8875906526994359
6,18,5,0.8088235294117647
6,19,0,0.16853932584269662
6,19,1,0.24561403508771928
6,19,2,0.23582089552238805
6,19,3,0.44573643410852715
6,19,4,0.781825624232501
6,19,5,0.7920792079207921
6,20,0,0.0
6,20,1,0.3838383838383838
6,20,2,0.10991957104557641
6,20,3,0.06486486486486487
6,20,4,0.6759002770083102
6,20,5,0.6571428571428571
7,1,0,0.01818181818181818
7,1,1,0.3253012048192771
7,1,2,0.44
7,1,3,0.8477157360406091
7,1,4,0.5486725663716814
7,1,5,0.7694676638803344
7,1,6,0.3148148148148148
7,2,0,0.0
7,2,1,0.1875
7,2,2,0.35294117647058826
7,2,3,0.610236220472441
7,2,4,0.8732394366197183
7,2,5,0.8007679180887372
7,2,6,0.8923076923076924
7,3,0,0.7727272727272727
7,3,1,0.6148648648648649
7,3,2,0.7772020725388601
7,3,3,0.8279569892473119
7,3,4,0.07320644216691069
7,3,5,0.6819956616052061
7,3,6,0.6779661016949152
7,4,0,0.7936507936507936
7,4,1,0.7619047619047619
7,4,2,0.8418367346938775
7,4,3,0.6086956521739131
7,4,4,0.8840579710144928
7,4,5,0.9110320284697508
7,4,6,0.6292134831460674
7,5,0,0.8382352941176471
7,5,1,0.376984126984127
7,5,2,0.4
7,5,3,0.751269035532995
7,5,4,0.008988764044943821
7,5,5,0.7815743944636678
7,5,6,0.9344262295081968
7,6,0,0.08256880733944955
7,6,1,0.24705882352941178
7,6,2,0.8324022346368715
7,6,3,0.5588235294117647
7,6,4,0.00510204081632653
7,6,5,0.6040675032453483
7,6,6,0.23809523809523808
7,7,0,0.015015015015015015
7,7,1,0.4666666666666667
7,7,2,0.3352601156069364
7,7,3,0.5672131147540984
7,7,4,0.8571428571428571
7,7,5,0.7941824592331423
7,7,6,0.7532467532467533
7,8,0,0.8
7,8,1,0.4189723320158103
7,8,2,0.656
7,8,3,0.596078431372549
7,8,4,0.01015228426395939
7,8,5,0.7905668541756815
7,8,6,0.7796610169491526
7,9,0,0.41509433962264153
7,9,1,0.2037735849056604
7,9,2,0.3563218390804598
7,9,3,0.6268656716417911
7,9,4,0.002702702702702703
7,9,5,0.7792656587473002
7,9,6,0.95
7,10,0,0.953125
7,10,1,0.24620060790273557
7,10,2,0.655367231638418
7,10,3,0.11812297734627832
7,10,4,0.6282051282051282
7,10,5,0.6693582660433489
7,10,6,0.27941176470588236
7,11,0,0.02099737532808399
7,11,1,0.4011627906976744
7,11,2,0.5402298850574713
7,11,3,0.4457831325301205
7,11,4,0.7710843373493976
7,11,5,0.791895314478683
7,11,6,0.5806451612903226
7,12,0,0.0
7,12,1,0.4268774703557312
7,12,2,0.8153846153846154
7,12,3,0.025396825396825397
7,12,4,0.8260869565217391
7,12,5,0.7769230769230769
7,12,6,0.390625
7,13,0,0.5353535353535354
7,13,1,0.28773584905660377
7,13,2,0.5659574468085107
7,13,3,0.8571428571428571
7,13,4,0.014705882352941176
7,13,5,0.8690579083837511
7,13,6,0.7288135593220338
7,14,0,0.0
7,14,1,0.24324324324324326
7,14,2,0.7388888888888889
7,14,3,0.08695652173913043
7,14,4,0.4051724137931034
7,14,5,0.6790794979079497
7,14,6,0.3680555555555556
7,15,0,0.0
7,15,1,0.12280701754385964
7,15,2,0.7046413502109705
7,15,3,0.5470383275261324
7,15,4,0.7528089887640449
7,15,5,0.7870097005482919
7,15,6,0.2808219178082192
7,16,0,0.8923076923076924
7,16,1,0.5
7,16,2,0.6534090909090909
7,16,3,0.35376044568245124
7,16,4,0.016826923076923076
7,16,5,0.7367066895368782
7,16,6,0.7307692307692307
7,17,0,0.01834862385321101
7,17,1,0.4957627118644068
7,17,2,0.7783783783783784
7,17,3,0.3181818181818182
7,17,4,0.5210084033613446
7,17,5,0.7501064282673479
7,17,6,0.26811594202898553
7,18,0,0.0
7,18,1,0.489247311827957
7,18,2,0.7208121827411168
7,18,3,0.07971014492753623
7,18,4,0.8676470588235294
7,18,5,0.8143614851081191
7,18,6,0.6349206349206349
7,19,0,0.007263922518159807
7,19,1,0.168
7,19,2,0.4425287356321839
7,19,3,0.7647058823529411
7,19,4,0.4868421052631579
7,19,5,0.7582278481012659
7,19,6,0.41904761904761906
7,20,0,0.0
7,20,1,0.03867403314917127
7,20,2,0.3812316715542522
7,20,3,0.842391304347826
7,20,4,0.8873239436619719
7,20,5,0.8246128087065718
7,20,6,0.5652173913043478
8,1,0,0.7701149425287356
8,1,1,0.42066420664206644
8,1,2,0.9761904761904762
8,1,3,0.817923186344239
8,1,4,0.6632911392405063
8,1,5,0.5655430711610487
8,1,6,0.0
8,1,7,0.7209302325581395
8,2,0,0.8169014084507042
8,2,1,0.46153846153846156
8,2,2,0.5606060606060606
8,2,3,0.8161496350364964
8,2,4,0.7437325905292479
8,2,5,0.3888888888888889
8,2,6,0.0
8,2,7,0.7375
8,3,0,0.8648648648648649
8,3,1,0.5172413793103449
8,3,2,0.9069767441860465
8,3,3,0.8606896551724138
8,3,4,0.8223495702005731
8,3,5,0.3961352657004831
8,3,6,0.0
8,3,7,0.9166666666666666
8,4,0,0.34375
8,4,1,0.4105263157894737
8,4,2,0.7708333333333334
8,4,3,0.7752173913043479
8,4,4,0.05341246290801187
8,4,5,0.41509433962264153
8,4,6,0.0
8,4,7,0.5679012345679012
8,5,0,0.7361111111111112
8,5,1,0.42213114754098363
8,5,2,0.42857142857142855
8,5,3,0.8571428571428571
8,5,4,0.7851002865329513
8,5,5,0.4362745098039216
8,5,6,0.0
8,5,7,0.8072289156626506
8,6,0,0.0
8,6,1,0.17254901960784313
8,6,2,0.8
8,6,3,0.7759726378794357
8,6,4,0.3549222797927461
8,6,5,0.3614864864864865
8,6,6,0.1111111111111111
8,6,7,0.6951219512195121
8,7,0,0.3696969696969697
8,7,1,0.41904761904761906
8,7,2,0.45454545454545453
8,7,3,0.8054003724394786
8,7,4,0.3541666666666667
8,7,5,0.6371681415929203
8,7,6,0.0
8,7,7,0.7558139534883721
8,8,0,0.0
8,8,1,0.7228915662650602
8,8,2,0.9523809523809523
8,8,3,0.8200765631646108
8,8,4,0.36363636363636365
8,8,5,0.16535433070866143
8,8,6,0.16666666666666666
8,8,7,0.8571428571428571
8,9,0,0.8082191780821918
8,9,1,0.7533333333333333
8,9,2,0.8
8,9,3,0.8680774425934263
8,9,4,0.7634408602150538
8,9,5,0.24509803921568626
8,9,6,0.0
8,9,7,0.7195121951219512
8,10,0,0.7790697674418605
8,10,1,0.545045045045045
8,10,2,0.7692307692307693
8,10,3,0.8555045871559633
8,10,4,0.7231182795698925
8,10,5,0.3799126637554585
8,10,6,0.16666666666666666
8,10,7,0.6966292134831461
8,11,0,0.5929203539823009
8,11,1,0.8515625
8,11,2,0.7906976744186046
8,11,3,0.8643835616438356
8,11,4,0.5945945945945946
8,11,5,0.3850267379679144
8,11,6,0.0
8,11,7,0.6590909090909091
8,12,0,0.5930232558139535
8,12,1,0.8145161290322581
8,12,2,0.4523809523809524
8,12,3,0.884090909090909
8,12,4,0.7064935064935065
8,12,5,0.4719626168224299
8,12,6,0.0
8,12,7,0.5977011494252874
8,13,0,0.6210526315789474
8,13,1,0.01020408163265306
8,13,2,0.7407407407407407
8,13,3,0.7863860277653381
8,13,4,0.575107296137339
8,13,5,0.41434262948207173
8,13,6,0.0
8,13,7,0.8181818181818182
8,14,0,0.011363636363636364
8,14,1,0.2733118971061093
8,14,2,0.28431372549019607
8,14,3,0.7270029673590505
8,14,4,0.35400516795865633
8,14,5,0.2786885245901639
8,14,6,0.0
8,14,7,0.32
8,15,0,0.37640449438202245
8,15,1,0.6149732620320856
8,15,2,0.8163265306122449
8,15,3,0.7575757575757576
8,15,4,0.014141414141414142
8,15,5,0.3936651583710407
8,15,6,0.1
8,15,7,0.5309734513274337
8,16,0,0.38181818181818183
8,16,1,0.5491803278688525
8,16,2,0.7358490566037735
8,16,3,0.8100558659217877
8,16,4,0.17804878048780487
8,16,5,0.4892703862660944
8,16,6,0.05555555555555555
8,16,7,0.3798449612403101
8,17,0,0.45454545454545453
8,17,1,0.24295774647887325
8,17,2,0.1450381679389313
8,17,3,0.7226787181594084
8,17,4,0.01881720430107527
8,17,5,0.4292682926829268
8,17,6,0.05
8,17,7,0.5567010309278351
8,18,0,0.37640449438202245
8,18,1,0.49122807017543857
8,18,2,0.28225806451612906
8,18,3,0.7582752613240418
8,18,4,0.125
8,18,5,0.3764705882352941
8,18,6,0.0
8,18,7,0.3828125
8,19,0,0.775
8,19,1,0.7453416149068323
8,19,2,0.3418803418803419
8,19,3,0.8411602209944752
8,19,4,0.7154046997389034
8,19,5,0.43137254901960786
8,19,6,0.0
8,19,7,0.7888888888888889
8,20,0,0.0
8,20,1,0.37410071942446044
8,20,2,0.20833333333333334
8,20,3,0.7659392383397519
8,20,4,0.3515625
8,20,5,0.3094170403587444
8,20,6,0.07692307692307693
8,20,7,0.8390804597701149
