NLC,Station,mode_label,total_entry,total_exit,total_activity
1022,Haggerston,LO,22520.09495581107,22367.917200802854,44888.01215661393
1023,Hoxton,LO,25406.329669640225,26915.866484442737,52322.196154082965
1024,Shoreditch High Street,LO,47716.9165796251,52014.971025181425,99731.88760480653
1039,Rotherhithe,LO,11999.772799387276,10547.162760975329,22546.935560362603
1082,Shadwell LO,"DLR,LO",69961.52889073497,70663.0443041333,140624.57319486828
1083,Surrey Quays,LO,33271.3678836517,30308.30336793505,63579.67125158675
1085,Wapping,LO,16145.709328144667,15421.722553721014,31567.431881865683
1335,Barking Riverside,LO,7654.260306800001,6594.351295434,14248.611602234001
1395,Bushey,LO,16757.51703758802,15140.08783563179,31897.60487321981
1398,Hatch End,LO,5691.786621529535,5811.862852519102,11503.649474048638
1402,Watford Junction,LO,54035.60891031865,56796.82742127175,110832.4363315904
1404,Acton Central,LO,11589.6841457094,11031.061778385001,22620.7459240944
1409,Gospel Oak,LO,18971.746628738983,18554.8410045676,37526.58763330658
1413,Hampstead Heath,LO,24573.1554028538,24504.959339675002,49078.11474252881
1415,Kilburn High Road,LO,5475.85040784957,5744.468515086501,11220.31892293607
1429,Dalston Kingsland,LO,41205.70961556511,40986.64320084712,82192.35281641223
1434,Headstone Lane,LO,4325.9534354387615,3755.9338115238334,8081.887246962595
1437,Brondesbury,LO,17807.006315725695,17030.749192555806,34837.7555082815
1438,Brondesbury Park,LO,8981.622250583261,9139.002154338652,18120.624404921913
1439,Caledonian Road & Barnsbury,LO,14414.313597218632,15737.517993355965,30151.8315905746
1440,Camden Road,LO,29443.493525227106,31324.04995181823,60767.543477045336
1441,Canonbury,LO,20368.81985867961,18793.428543735856,39162.24840241547
1442,Carpenders Park,LO,10500.347854669424,10402.609567232008,20902.957421901432
1443,Dalston Junction,LO,39392.65426114253,40298.58600964587,79691.2402707884
1445,Finchley Road & Frognal,LO,15956.2009122994,15931.182562596185,31887.383474895585
1448,Kensal Rise,LO,23733.00248477821,23806.7885806558,47539.79106543401
1449,Kentish Town West,LO,18988.241464538023,18368.664983412647,37356.90644795067
1451,South Hampstead,LO,4346.000669511057,4360.1190124950435,8706.119682006101
1452,South Acton,LO,7225.007025552724,7071.473284821581,14296.480310374305
1455,Watford High Street,LO,12121.77357071301,11929.232910554278,24051.006481267286
1524,Upper Holloway,LO,13103.223423141815,13468.504663872698,26571.72808701451
3000,Acton Main Line,EZL,24087.532215680003,22133.23759426087,46220.76980994087
3147,Maidenhead,EZL,37435.71370138383,42198.39362363721,79634.10732502103
3149,Reading,EZL,37629.21024452709,47281.193715460504,84910.4039599876
3151,Taplow,EZL,5869.446768162194,6084.810479988543,11954.257248150738
3155,Twyford,EZL,26495.681281565117,30222.136012331383,56717.8172938965
3170,Iver,EZL,3921.2846841787114,4502.60424550874,8423.888929687451
3171,Langley,EZL,12441.178132392319,13489.8038631334,25930.98199552572
3172,Slough,EZL,44087.26899722208,41113.343888600786,85200.61288582286
3174,West Drayton,EZL,27124.991587659002,24737.746160727766,51862.73774838677
3176,Burnham,EZL,16251.4967069603,15894.417363816692,32145.91407077699
3186,Hayes & Harlington,EZL,63506.16027088199,64095.8135447092,127601.97381559119
3187,Southall,EZL,57636.375727105,56468.18315859948,114104.55888570448
3188,West Ealing,EZL,24211.788620986,17964.20591302221,42175.99453400821
3191,Hanwell,EZL,18885.690833356217,15070.640881489257,33956.33171484547
500,Acton Town,LU,35090.302168053466,35893.764859236624,70984.06702729009
501,Barbican,LU,33711.8992759014,36029.77381046972,69741.67308637113
502,Aldgate,LU,45988.817470483205,53672.14483880053,99660.96230928373
503,Aldgate East,LU,89646.56290066,83475.8610738712,173122.4239745312
504,Stratford International DLR,DLR,28139.130682078467,26665.244209807148,54804.374891885614
505,Alperton,LU,17548.402599489422,18692.6163173832,36241.01891687262
506,Amersham,LU,12754.97083256051,12044.587921472255,24799.558754032765
507,Angel,LU,86391.7262245,92191.24842867401,178582.974653174
508,Archway,LU,52202.18403177667,49215.352552416465,101417.53658419313
509,Arnos Grove,LU,23681.98405461766,22241.806460941425,45923.790515559085
510,Arsenal,LU,16574.26637325837,15316.48390669689,31890.75027995526
511,Baker Street,LU,170696.9966759803,139260.17858280826,309957.1752587886
512,Balham LU,LU,71805.26641384694,72013.37264680791,143818.63906065485
513,Bank and Monument,"DLR,LU",240402.62160275824,248533.7497235675,488936.37132632575
5131,Abbey Wood,EZL,93409.06559523546,98128.94186413349,191538.00745936896
514,Barking,"LO,LU",127581.68535594108,127269.88140418139,254851.56676012248
515,Barkingside,LU,8374.381182226845,8847.070368742818,17221.451550969665
5150,New Cross,LO,27396.189290399278,27853.636826976188,55249.826117375465
516,Barons Court,LU,39041.56584276355,38179.288292308374,77220.85413507192
517,Bayswater,LU,30446.93198992,27052.10867487967,57499.04066479967
518,Becontree,LU,20871.069577812414,19804.808927252,40675.878505064415
519,Belsize Park,LU,36221.01655158306,35427.75967233174,71648.7762239148
520,Bethnal Green LU,"LO,LU",85354.56063974396,83078.11461546151,168432.67525520548
521,Blackfriars LU,LU,76255.16618538304,72324.2276070011,148579.39379238413
522,Blackhorse Road,"LO,LU",67326.22138140215,64112.0731924033,131438.29457380547
523,King George V,DLR,11009.90347703954,10732.152705312139,21742.056182351676
524,Bond Street,"EZL,LU",274623.0390943119,285258.23111617443,559881.2702104864
525,Borough,LU,28295.22939987,29411.912337870002,57707.14173774001
526,Boston Manor,LU,9738.227826431137,9959.6784368412,19697.906263272336
527,Bounds Green,LU,30535.144899281433,29313.750997633502,59848.89589691494
528,Bow Road,LU,31160.488620931013,29607.372468639758,60767.86108957077
529,Brent Cross,LU,13249.355212615823,12760.735316113356,26010.09052872918
530,Bromley-by-Bow,LU,27758.14831409436,26958.038660932,54716.18697502636
5301,Clapham High Street,LO,11092.429174655517,10817.129485527345,21909.55866018286
531,Buckhurst Hill,LU,15404.152932601837,15325.000148355657,30729.153080957494
532,Burnt Oak,LU,22075.149946001897,21005.41637939116,43080.566325393054
533,London City Airport,DLR,24501.13975798733,24851.247830223987,49352.38758821132
534,Caledonian Road,LU,29105.89032790769,26892.128298588046,55998.01862649574
5345,New Cross Gate,LO,38586.90545788531,40466.24207206582,79053.14752995112
535,Camden Town,LU,140398.77606400131,150743.40671370827,291142.18277770956
5356,Crystal Palace,LO,25642.803966801886,25688.291547580226,51331.09551438211
536,Cannon Street LU,LU,29011.002812005,26626.06561205817,55637.06842406317
5362,Forest Hill,LO,36028.83794109767,34393.35284716031,70422.19078825798
537,Canons Park,LU,15252.09464055924,14982.652933744817,30234.747574304056
5372,Wandsworth Road,LO,5757.1797914177005,5995.557725401384,11752.737516819085
5376,Norwood Junction,LO,32664.206872686707,29555.338294729612,62219.54516741632
5378,Penge West,LO,9518.305783618262,9887.256078322138,19405.561861940398
538,Pontoon Dock,DLR,19552.73192209646,19268.820028513772,38821.55195061023
539,Chalfont & Latimer,LU,10081.122767957017,10015.180644398797,20096.303412355814
5397,Anerley,LO,9883.391509038202,9271.08184281473,19154.473351852932
540,Chalk Farm,LU,38421.49643830402,31039.409650707006,69460.90608901103
5404,Brockley,LO,31438.35965187894,29754.913756970298,61193.27340884924
541,Chancery Lane,LU,50756.39483549836,54413.15126751542,105169.54610301378
5411,West Croydon NR,"LO,TRM",38346.455562834,32088.65806682,70435.113629654
5418,Honor Oak Park,LO,18129.137265296926,17441.550255315324,35570.68752061225
542,Embankment,LU,128114.16335042093,125509.5992288377,253623.76257925865
5421,Denmark Hill,LO,45731.031651575366,44016.386632690475,89747.41828426585
5423,Peckham Rye,LO,56382.02568399665,57327.92175090584,113709.9474349025
5424,Queens Road Peckham,LO,29223.70387417415,29794.050034916003,59017.753909090156
543,Chesham,LU,7081.682668302673,6524.46869656,13606.151364862673
5437,Sydenham,LO,28566.636367154093,30695.880782644395,59262.517149798485
544,Chigwell,LU,2076.330164951884,2053.4545222773163,4129.7846872292
545,Chiswick Park,LU,14440.091243291601,14929.822848532342,29369.914091823943
546,Chorleywood,LU,9454.6813992523,9074.649650030813,18529.331049283115
547,Clapham Common,LU,55253.09315532974,60669.865170920006,115922.95832624975
548,Clapham North,LU,36643.63561841383,37961.00030778904,74604.63592620287
549,Clapham South,LU,45439.06205230961,44973.870022358,90412.93207466761
550,Cockfosters,LU,10345.904105520003,10397.346059626667,20743.25016514667
551,Colindale,LU,45621.71292004918,43555.1596390346,89176.87255908379
552,Colliers Wood,LU,39422.80124906038,37683.24945536034,77106.05070442072
553,Covent Garden,LU,88754.52477928376,107024.24236805424,195778.76714733802
554,Croxley,LU,5746.029962205822,5764.99699589,11511.026958095823
555,Dagenham East,LU,19211.189763798753,17787.73821859653,36998.92798239528
556,Dagenham Heathway,LU,34064.95328118409,33494.69417595653,67559.64745714061
557,Debden,LU,13133.6747402703,13217.55098811728,26351.22572838758
558,Dollis Hill,LU,23263.008889330114,20918.91911489083,44181.92800422094
559,West Silvertown,DLR,18023.53663909931,14849.672876066406,32873.20951516572
5595,Clapham Junction,LO,176398.42584127214,175649.11226541077,352047.53810668294
560,Ealing Broadway,"EZL,LU",115098.14446629176,125420.37482117637,240518.51928746814
561,Ealing Common,LU,13621.321546885592,13204.299655773117,26825.62120265871
562,Earl's Court,LU,118158.17214771468,119611.39661932833,237769.568767043
563,East Acton,LU,25203.24247240175,25255.48768556169,50458.73015796344
564,Eastcote,LU,15082.967018232861,14623.740451805,29706.70747003786
565,East Finchley,LU,37459.15048331527,36581.294895180625,74040.4453784959
566,East Ham,LU,80302.0092724,75782.3967824444,156084.40605484438
567,East Putney,LU,43212.518999501146,41835.206567407506,85047.72556690866
568,Edgware,LU,27966.92181873574,27503.1381571212,55470.059975856944
569,Edgware Road (DIS),LU,42192.72990046982,40809.70623965412,83002.43614012394
570,Elephant & Castle LU,LU,109834.00681460867,99462.33427199413,209296.3410866028
571,Elm Park,LU,17892.155269928895,17347.39448324972,35239.54975317862
572,Epping,LU,23596.6999682023,23671.155836150003,47267.85580435231
573,Woolwich Arsenal,DLR,54896.972664823086,54578.11686623821,109475.0895310613
574,Euston LU,"LO,LU",341332.41137745517,342748.5750443745,684080.9864218297
575,Euston Square,LU,78345.78546594254,84958.65286978583,163304.43833572837
576,Fairlop,LU,6615.621524040818,6527.808597502396,13143.430121543213
577,Farringdon,"EZL,LU",259776.47888833313,250408.09292430076,510184.5718126339
578,Finchley Central,LU,35726.30763708878,34868.53287786661,70594.84051495539
579,Finchley Road,LU,54735.66704051703,51321.64868084605,106057.31572136308
580,Finsbury Park LU,LU,151468.32091062097,148750.39612413215,300218.7170347531
581,Fulham Broadway,LU,48842.05849357657,47120.67443126784,95962.73292484441
582,Gants Hill,LU,34157.53365227244,32818.9303397367,66976.46399200914
583,Gloucester Road,LU,86802.31245638501,82682.84831632813,169485.16077271313
584,Golders Green,LU,43443.857957780674,43174.267341599436,86618.1252993801
585,Goldhawk Road,LU,13250.294464783281,13025.600299065001,26275.894763848282
586,Goodge Street,LU,34080.79727412262,36541.95327364298,70622.75054776561
587,Grange Hill,LU,2389.12226146208,2392.1382448076697,4781.260506269749
588,Great Portland Street,LU,38048.60630338761,38622.167039632805,76670.77334302041
589,Greenford,LU,22571.12152815993,22237.445216530003,44808.56674468993
590,Green Park,LU,196209.49166741685,227952.69465115812,424162.18631857494
591,Gunnersbury,"LO,LU",26511.880968739402,25134.94524667063,51646.82621541004
592,Hainault,LU,20914.354500687947,20098.596642390938,41012.951143078884
593,Hammersmith (DIS),LU,157547.345840116,155220.67498544048,312768.0208255565
594,Hampstead,LU,27670.11927725673,31085.25289481558,58755.37217207231
595,Hanger Lane,LU,20332.891074282594,19567.263392557732,39900.15446684032
596,Harlesden,"LO,LU",19553.450062617052,18838.901520260115,38392.35158287716
597,Harrow & Wealdstone,"LO,LU",36521.63647847032,35621.221534236334,72142.85801270665
598,Harrow-on-the-Hill,LU,59004.57614773933,60731.94445719,119736.52060492933
599,Wood Lane,LU,35118.3328594051,37247.42836083367,72365.76122023877
601,Hendon Central,LU,37752.115630788605,34950.47169484824,72702.58732563685
602,High Barnet,LU,25319.593782692857,24910.664598369,50230.25838106185
603,Highbury & Islington,"LO,LU",105577.0696820848,110613.39905050848,216190.4687325933
604,Highgate,LU,32341.740690133625,31596.11888584835,63937.85957598197
605,High Street Kensington,LU,74270.59862481075,71361.6608577086,145632.25948251935
606,Hillingdon,LU,10141.9085638866,9375.053225445,19516.961789331603
607,Holborn,LU,133712.44459752823,141823.34991882218,275535.7945163504
608,Holland Park,LU,20697.547577076402,20794.678005374157,41492.225582450556
609,Holloway Road,LU,36524.37019261073,36088.0929777491,72612.46317035983
610,Hornchurch,LU,10889.02781121771,10935.914379485957,21824.942190703667
611,Hounslow Central,LU,22591.044289883186,22577.951262651783,45168.995552534965
612,Hounslow East,LU,23784.705871384955,25196.40313798256,48981.109009367516
613,Hounslow West,LU,20747.08321526757,21052.541009835903,41799.62422510347
614,Hyde Park Corner,LU,26067.20969446372,26270.631504699697,52337.84119916342
615,Ickenham,LU,5658.8656550331325,5887.872796923002,11546.738451956135
616,Kennington,LU,35082.16732524884,34718.082224369755,69800.2495496186
617,Kensal Green,"LO,LU",13778.459954445447,13511.688282377903,27290.14823682335
618,Kensington (Olympia),"LO,LU",17485.4026667556,17338.603581705585,34824.006248461184
619,Kentish Town,LU,50502.40552856233,46716.31168046593,97218.71720902825
620,Kenton,"LO,LU",13546.291314447897,13165.70830063257,26711.999615080465
621,Kew Gardens,"LO,LU",22325.06668378778,21525.28011859718,43850.34680238496
622,Kilburn,LU,39610.31139038561,38446.693945060506,78057.00533544611
623,Kilburn Park,LU,19659.74246804,19129.210529579603,38788.952997619606
624,Kingsbury,LU,27748.215170595635,26752.99871016494,54501.21388076057
625,King's Cross St. Pancras,LU,552603.3867802372,551432.5020128662,1104035.8887931034
626,Knightsbridge,LU,108801.49986997475,99772.1896770267,208573.68954700144
627,Ladbroke Grove,LU,46356.73404973192,43411.92275009668,89768.6567998286
628,Lambeth North,LU,20309.390223723196,18581.757982875602,38891.148206598795
629,Lancaster Gate,LU,23033.487465616305,22637.398405239892,45670.8858708562
630,Latimer Road,LU,14782.63242305123,14085.041041823013,28867.673464874242
631,Leicester Square,LU,214273.47643325364,197353.38133186483,411626.8577651185
632,Leyton,LU,63043.27513690316,62350.42002895264,125393.69516585581
633,Leytonstone,LU,49708.27607658749,49346.012334790095,99054.28841137758
634,Liverpool Street LU,"EZL,LO,LU",675360.5901438526,686080.7440150913,1361441.334158944
635,London Bridge LU,LU,419509.38257677056,396462.4635362563,815971.8461130268
636,Loughton,LU,18668.55489724971,19128.096560593895,37796.6514578436
637,Maida Vale,LU,20293.884431724244,19650.025402733765,39943.90983445801
638,Manor House,LU,42623.74059933986,42017.59706462931,84641.33766396917
639,Mansion House,LU,27239.014790272002,29334.051881842635,56573.06667211464
640,Marble Arch,LU,66063.8463718812,65741.13853065675,131804.98490253795
641,Marylebone LU,LU,58805.35005365547,68096.65511198554,126902.00516564102
642,Mile End,LU,79932.52789862256,78394.22869408643,158326.756592709
643,Mill Hill East,LU,11059.106239309916,10690.943841782777,21750.050081092693
645,Moorgate,LU,132396.59590757472,148329.39858399282,280725.99449156754
646,Moor Park,LU,5471.373140717774,5384.917861158789,10856.291001876561
647,Morden,LU,61435.29787060618,59491.333528877905,120926.63139948409
648,Mornington Crescent,LU,22340.53781439825,17484.675889822145,39825.2137042204
649,Neasden,LU,18949.64555448076,17597.607212207266,36547.25276668803
650,Newbury Park,LU,23590.231429718177,21747.400993563388,45337.63242328157
653,North Acton,LU,42480.17076708942,42330.78089235521,84810.95165944463
654,North Ealing,LU,4381.909044579811,4213.440925959877,8595.349970539688
655,Northfields,LU,17878.434937879072,17798.23522425032,35676.67016212939
656,North Harrow,LU,10212.556616407785,9675.063486619605,19887.620103027388
6562,Woolwich EL,EZL,99573.84423901406,93522.33710626437,193096.18134527843
657,Northolt,LU,30593.13368666983,29101.588757006448,59694.72244367628
659,North Wembley,"LO,LU",10785.016094702372,9873.248977190895,20658.265071893267
660,Northwick Park,LU,22513.38361861207,21680.910246966883,44194.293865578955
661,Northwood,LU,14962.394506164123,14552.991563536752,29515.386069700875
662,Northwood Hills,LU,9885.691111404276,9263.88370166955,19149.57481307383
663,Notting Hill Gate,LU,90283.75150517584,99777.30137338745,190061.0528785633
664,Oakwood,LU,15917.682860483666,16413.458844962675,32331.14170544634
665,Old Street,LU,111937.85677802846,112080.08596117549,224017.94273920395
667,Osterley,LU,11824.956319140727,11749.787335879591,23574.74365502032
668,Oval,LU,37987.67015176147,37342.34664943164,75330.01680119311
669,Oxford Circus,LU,347311.33788300824,389963.6839374858,737275.021820494
670,Paddington TfL,"EZL,LU",421851.9272384682,418485.6513639862,840337.5786024544
671,Park Royal,LU,11855.52059552333,12515.079251311146,24370.599846834477
672,Parsons Green,LU,40389.20698670801,39213.17167284013,79602.37865954815
673,Perivale,LU,12320.803566246843,12034.443377,24355.246943246842
674,Piccadilly Circus,LU,214316.56112191582,204660.96745352965,418977.52857544547
675,Pinner,LU,16857.30483537624,16786.328065393427,33643.63290076966
676,Plaistow,LU,33595.57318642671,31275.7711866602,64871.344373086904
677,Preston Road,LU,17360.25230188497,17141.324219091002,34501.57652097597
678,Putney Bridge,LU,33170.51312844708,34749.137744672335,67919.65087311942
679,Queensbury,LU,21820.319127334304,21331.745138732043,43152.06426606634
680,Queen's Park,"LO,LU",34908.705711805655,33712.902250907275,68621.60796271294
681,Queensway,LU,41603.30064571274,45185.78950913767,86789.09015485042
6814,Cheshunt,LO,15138.5821915892,16204.74933778579,31343.33152937499
682,Ravenscourt Park,LU,18978.578367912974,18514.902240185856,37493.480608098835
683,Rayners Lane,LU,23634.730568418672,22905.902025800002,46540.632594218674
684,Redbridge,LU,14812.963609135051,13960.022626433083,28772.986235568133
685,Regent's Park,LU,14412.002167135877,16694.788323020002,31106.79049015588
686,Richmond,"LO,LU",110187.64662035707,108516.26461514184,218703.9112354989
6867,Hackney Downs,LO,18384.4014116081,19374.285451696007,37758.68686330411
687,Rickmansworth,LU,12700.52346328742,12256.141007205753,24956.664470493175
6872,Brentwood,EZL,25848.349545277,27494.75564387519,53343.10518915219
6874,Chadwell Heath,EZL,33521.42297105137,31119.87704613184,64641.30001718321
6876,Forest Gate,EZL,41828.174449766775,39468.978379561544,81297.15282932832
6877,Gidea Park,EZL,23237.438319715646,24123.677459602703,47361.11577931835
6878,Goodmayes,EZL,31603.290078334605,30170.29608294351,61773.586161278115
6879,Harold Wood,EZL,25976.879856691387,27181.1325659077,53158.01242259909
688,Roding Valley,LU,1090.7479704417442,1239.5903499980154,2330.3383204397596
6881,Ilford,EZL,77232.78914244422,76766.709764679,153999.49890712323
6883,Manor Park,EZL,30050.51301719279,27846.43212285109,57896.94514004388
6886,Romford,"EZL,LO",98460.1882464278,104474.13617450725,202934.32442093507
6888,Shenfield,EZL,26112.982723572833,40740.944467771005,66853.92719134384
6893,Seven Kings,EZL,29323.36132017557,26194.76028682207,55518.121606997636
690,Royal Oak,LU,16060.924441252142,15085.5057574586,31146.430198710743
691,Ruislip,LU,10142.406409052785,10320.805758276001,20463.212167328784
6913,Bush Hill Park,LO,15346.872745777815,14426.392309120149,29773.265054897965
6914,Chingford,LO,16712.564473000002,17644.36041465,34356.924887650006
6919,Highams Park,LO,18713.404467364857,17826.7458970564,36540.15036442126
692,Ruislip Gardens,LU,6011.857248376991,5517.91228237255,11529.769530749541
6926,Clapton,LO,15974.696397283245,14962.7773721766,30937.473769459844
693,Ruislip Manor,LU,9591.519266214897,9545.861438284901,19137.380704499796
6934,Stoke Newington,LO,15002.875981496985,13978.678486641129,28981.554468138114
694,Russell Square,LU,60234.19537634881,63724.595802179756,123958.79117852857
6941,Edmonton Green,LO,29426.51467012078,29273.52006711534,58700.03473723612
6947,Southbury,LO,8212.29252131246,9142.581852522,17354.87437383446
6949,Theobalds Grove,LO,6148.569534158809,6213.12942980664,12361.69896396545
695,St. James's Park,LU,66765.907522886,73216.39698456001,139982.304507446
6952,Turkey Street,LO,9058.916838116125,9168.445228001621,18227.36206611775
6954,Wood Street,LO,14807.534366465716,14572.639433909237,29380.173800374952
6956,White Hart Lane,LO,12783.3576964502,12178.090084422141,24961.447780872342
6958,Bruce Grove,LO,9173.592155804046,7947.43751067073,17121.029666474777
6959,Enfield Town,LO,17524.077296385174,16204.73108506557,33728.80838145074
696,St. John's Wood,LU,42020.92673004113,43243.958905650514,85264.88563569164
6962,Cambridge Heath,LO,11923.701416404845,11077.78486118605,23001.486277590895
6966,London Fields,LO,13754.407454570231,14247.718790865205,28002.126245435436
6967,Rectory Road,LO,13096.452443666421,12170.938737375001,25267.39118104142
6968,Stamford Hill,LO,6933.65286759997,6554.431882378367,13488.084749978338
697,St. Paul's,LU,61266.17158135379,60905.73723262999,122171.90881398378
6970,Maryland,EZL,29771.37940203,26456.7721189076,56228.1515209376
6972,Silver Street,LO,20138.857453858614,19762.5889106674,39901.44636452601
6973,St James Street,LO,10414.3030680578,10132.726589943219,20547.029658001018
6977,Hackney Central,LO,39651.609177903585,39586.110991472335,79237.72016937591
6978,Hackney Wick,LO,26560.886184635,28987.633956996004,55548.520141631
6979,Homerton,LO,31193.6931852724,30748.762489147,61942.4556744194
698,Seven Sisters,"LO,LU",90632.97729794873,89492.93431592315,180125.91161387187
700,Shepherd's Bush LU,"LO,LU",163275.63588079312,163395.04296825995,326670.6788490531
702,Sloane Square,LU,99068.22793006,100149.585324892,199217.81325495202
703,Snaresbrook,LU,13238.996659472283,13030.60577852701,26269.602437999292
704,South Ealing,LU,15484.725743702438,15578.219542252913,31062.94528595535
705,Southfields,LU,36852.12736490709,34308.33663470915,71160.46399961624
706,Southgate,LU,27469.63985365151,28802.03847564064,56271.67832929215
707,South Harrow,LU,14147.528349674956,14507.712780224314,28655.24112989927
708,South Kensington,LU,212373.117292016,218265.22819388565,430638.34548590163
709,South Kenton,"LO,LU",7629.345125950081,7154.6873660741985,14784.032492024278
710,South Ruislip,LU,11164.014758387848,10893.475409592947,22057.490167980795
711,South Wimbledon,LU,26447.16039807629,25808.797457909404,52255.95785598569
712,South Woodford,LU,28058.97311423655,28851.233340955398,56910.20645519195
713,Stamford Brook,LU,16036.482813549725,15130.485046143453,31166.967859693177
714,Stanmore,LU,22382.157769075613,22707.927902494375,45090.08567156999
715,Stepney Green,LU,38250.746584140004,37294.431765555004,75545.17834969501
716,Stockwell,LU,56218.229868003276,50803.71216186556,107021.94202986883
717,Stonebridge Park,"LO,LU",18188.6644568641,17161.782392803234,35350.446849667336
718,Charing Cross LU,LU,118314.92834181651,110866.99551983019,229181.9238616467
719,Stratford,"DLR,EZL,LO,LU",398509.31872440287,403939.9098431232,802449.2285675261
720,Sudbury Hill,LU,11614.698910893525,11654.471509511633,23269.170420405157
721,Sudbury Town,LU,12054.315286113087,11063.329361431275,23117.644647544363
723,Swiss Cottage,LU,39279.370001464515,38902.85493518025,78182.22493664476
724,Temple,LU,50767.246223854,54958.133445143845,105725.37966899785
725,Theydon Bois,LU,5058.25853572473,5195.874071936821,10254.132607661551
726,Tooting Bec,LU,45909.682624956564,44085.085999220275,89994.76862417684
727,Tooting Broadway,LU,89438.02502308511,87855.22537501248,177293.2503980976
728,Tottenham Court Road,"EZL,LU",423084.6693491795,421879.5298303097,844964.1991794892
729,Tottenham Hale LU,LU,102655.06661910369,97902.56381860212,200557.6304377058
730,Totteridge & Whetstone,LU,14128.627219858561,13478.705825482333,27607.333045340893
731,Tower Hill,LU,114480.14704989741,125372.0735071454,239852.2205570428
733,Tufnell Park,LU,23761.960494027764,21662.71108364381,45424.67157767157
734,Turnham Green,LU,35110.960570961644,35330.509887548826,70441.47045851048
735,Turnpike Lane,LU,56881.6003198164,57815.760574894186,114697.36089471058
736,Upminster,"LO,LU",31838.308504460463,32003.526186914303,63841.83469137477
737,Upminster Bridge,LU,4859.308953621998,4849.422371663735,9708.731325285733
738,Upney,LU,16670.812767512234,14649.434709978455,31320.247477490688
739,Upton Park,LU,84253.20039748149,81751.489422184,166004.68981966548
740,Uxbridge,LU,37640.1784693,36292.618396620004,73932.79686592001
7401,Harringay Green Lanes,LO,14716.127853056441,14167.482733179715,28883.61058623616
7402,Leyton Midland Road,LO,13451.471723966,12665.1103722806,26116.582096246602
7403,Leytonstone High Road,LO,10378.905100547192,10039.742595498661,20418.647696045853
7404,South Tottenham,LO,12784.75553019424,13303.052525846002,26087.80805604024
7406,Crouch Hill,LO,8133.085557150753,8444.26557586797,16577.351133018725
7407,Walthamstow Queen's Road,LO,10219.59130125648,10823.62973584541,21043.22103710189
7408,Wanstead Park,LO,11948.082457869881,11656.237469431562,23604.319927301443
741,Victoria LU,LU,438999.2697531628,454513.66024156904,893512.9299947319
742,Walthamstow Central,"LO,LU",95503.10274627908,93495.48811011191,188998.590856391
743,Wanstead,LU,13323.437881119276,14044.034076141646,27367.471957260925
745,Warren Street,LU,94838.8864974176,99063.26889157,193902.1553889876
746,Warwick Avenue,LU,22075.57827381141,21732.030442713498,43807.608716524905
7467,Woodgrange Park,LO,8058.3689864975895,6638.593633665054,14696.962620162643
747,Waterloo LU,LU,530154.8349436547,513308.85062467493,1043463.6855683296
7473,Emerson Park,LO,3347.3632331960002,2291.6333093986,5638.9965425946
748,Watford,LU,11434.325999117002,11300.536997250001,22734.862996367003
749,Stratford High Street,DLR,8696.963986404202,8425.897791422352,17122.861777826554
750,Abbey Road,DLR,10387.15962017469,9209.039664735923,19596.199284910614
751,Wembley Central,"LO,LU",36692.92411304395,37988.9206109024,74681.84472394636
752,Wembley Park,LU,119914.9544553017,117075.68826875478,236990.6427240565
753,West Acton,LU,7727.163839257533,7699.024535600714,15426.188374858248
754,Westbourne Park,LU,28383.657483862,25948.269703217455,54331.927187079455
755,West Brompton,"LO,LU",36333.42235097798,35264.39033878611,71597.81268976408
756,West Finchley,LU,9465.01444095619,8668.083820402126,18133.09826135832
757,West Ham,"DLR,LU",38094.72532297038,37239.61381697972,75334.3391399501
758,West Hampstead LU,"LO,LU",93518.87745698114,89115.42365333634,182634.30111031746
759,West Harrow,LU,8313.671190514619,8363.016005299602,16676.687195814222
760,West Kensington,LU,29676.147845074,26560.764605946362,56236.91245102036
761,Westminster,LU,133282.07083807088,143775.44649530065,277057.51733337156
762,West Ruislip,LU,9977.874341332126,10115.93657587617,20093.8109172083
763,Whitechapel,"EZL,LO,LU",127029.50554368048,128180.6736894543,255210.17923313478
764,White City,LU,54399.294320050045,54697.340208962865,109096.63452901291
765,Willesden Green,LU,40760.72924640228,40357.622100383865,81118.35134678615
766,Willesden Junction,"LO,LU",34185.4594361358,32814.407141581505,66999.8665777173
767,Wimbledon,"LU,TRM",148163.11070192332,154670.53121818125,302833.64192010456
768,Wimbledon Park,LU,13819.18052690561,13625.495266107755,27444.675793013364
769,Woodford,LU,31796.30596631278,31006.843881791705,62803.149848104484
770,Wood Green,LU,64387.555276751045,62491.89870468909,126879.45398144014
771,Woodside Park,LU,23922.689565826786,20416.13423867006,44338.823804496846
773,Hammersmith (H&C),LU,70056.81523231119,68049.42280279954,138106.23803511073
774,Edgware Road (Bak),LU,10415.269178617042,41317.24485129044,51732.51402990748
775,Shepherd's Bush Market,LU,24740.13462520205,22996.60251073914,47736.73713594119
776,Pimlico,LU,52137.29198382923,51646.63700209088,103783.92898592011
777,Vauxhall LU,LU,165828.73956080858,154947.23049335895,320775.97005416756
778,Brixton LU,LU,153666.86891765604,150482.18084165922,304149.04975931527
779,Hatton Cross,LU,22729.72763895004,24171.537934942,46901.265573892044
780,Heathrow Terminals 123 LU,"EZL,LU",135445.1865354265,123547.3141832107,258992.5007186372
781,Heathrow Terminal 4 LU,"EZL,LU",39726.737864684816,39258.12381785244,78984.86168253726
783,Heathrow Terminal 5 LU,"EZL,LU",90237.8423687782,88079.449284863,178317.2916536412
784,Southwark,LU,58919.71004668625,60761.60321650632,119681.31326319257
787,Bermondsey,LU,52294.274080766445,51634.07958144835,103928.3536622148
788,Canada Water,"LO,LU",73962.96253378197,73661.47658116218,147624.43911494414
789,North Greenwich,LU,166134.3900370536,175695.69905716841,341830.08909422206
831,Nine Elms,LU,29580.312105681867,27513.99627023945,57094.30837592132
832,Battersea Power Station,LU,68539.88357070803,63574.620399680134,132114.50397038815
850,All Saints,DLR,12472.20800798454,11974.856587274662,24447.064595259202
851,Bow Church,DLR,26216.434080164752,18653.866088112823,44870.30016827758
852,Canary Wharf LU,"DLR,EZL,LU",415387.59392236907,427486.41645408317,842874.0103764522
853,Langdon Park,DLR,29298.95125282352,27681.660975781666,56980.61222860518
854,Crossharbour,DLR,21927.67536479904,22285.044851542152,44212.72021634119
855,Heron Quays,DLR,35849.012278860086,38096.01909848664,73945.03137734672
856,Island Gardens,DLR,17076.826054210742,14878.14695436523,31954.973008575973
857,Mudchute,DLR,12045.682445649405,10995.931479269435,23041.61392491884
858,Poplar,DLR,10776.595315472965,11581.479526768602,22358.074842241567
859,Pudding Mill Lane,DLR,20077.10374053771,19814.688723543284,39891.792464080994
861,South Quay,DLR,28127.776069482083,28913.23282860997,57041.008898092055
862,Limehouse DLR,DLR,34750.60412544221,48486.53451363941,83237.13863908162
864,Tower Gateway,DLR,16501.945251124853,19275.7281726145,35777.673423739354
865,Westferry,DLR,31359.306578195392,30478.981287707193,61838.28786590259
866,West India Quay,DLR,20560.26704964814,20523.841183544708,41084.10823319285
867,Devons Road,DLR,17385.502913145487,16553.48562494197,33938.98853808746
8779,Woodside,TRM,0.0,0.0,0.0
879,Cutty Sark,DLR,41545.777902231865,45606.24693427373,87152.02483650559
882,Blackwall,DLR,9813.18690227183,9940.15916402543,19753.346066297257
883,East India,DLR,27862.672790405315,28520.959757591652,56383.63254799697
884,Canning Town,"DLR,LU",91408.02880634306,90858.12890082225,182266.15770716532
886,Royal Victoria,DLR,20999.257490279007,16979.17317746456,37978.43066774357
887,Custom House DLR,"DLR,EZL",102786.93221021435,88608.74468240826,191395.6768926226
888,Prince Regent,DLR,11042.631217348817,11371.497269112047,22414.128486460864
889,Star Lane,DLR,11459.42768466615,11395.373163969407,22854.800848635557
890,Royal Albert,DLR,10642.867125051805,10831.12522439489,21473.992349446693
891,Beckton Park,DLR,3858.4427207902822,3615.563966683144,7474.006687473426
893,Cyprus,DLR,13376.474142021321,14047.83751359875,27424.31165562007
894,Gallions Reach,DLR,13819.570140039687,13857.93795970923,27677.508099748917
895,Beckton,DLR,14138.72749885877,14112.164328771662,28250.891827630432
897,Deptford Bridge,DLR,21362.173123937497,20277.78537998952,41639.95850392702
898,Elverson Road,DLR,9898.753328222685,8598.860338368619,18497.613666591304
928,Greenwich,DLR,30647.054010537548,29293.15610627092,59940.21011680846
940,Lewisham DLR,DLR,48017.27833310494,44755.45793072599,92772.73626383094
9440,Addiscombe,TRM,0.0,0.0,0.0
9441,Addington Village,TRM,0.0,0.0,0.0
9442,Ampere Way,TRM,0.0,0.0,0.0
9443,Arena,TRM,0.0,0.0,0.0
9444,Avenue Road,TRM,0.0,0.0,0.0
9445,Beckenham Junction Trams,TRM,0.0,0.0,0.0
9446,Beckenham Road,TRM,0.0,0.0,0.0
9449,Beddington Lane,TRM,0.0,0.0,0.0
9450,Belgrave Walk,TRM,0.0,0.0,0.0
9454,Birkbeck Trams,TRM,0.0,0.0,0.0
9459,Blackhorse Lane,TRM,0.0,0.0,0.0
9460,Church Street,TRM,0.0,0.0,0.0
9464,Coombe Lane,TRM,0.0,0.0,0.0
9468,Dundonald Road,TRM,0.0,0.0,0.0
9470,East Croydon Trams,TRM,0.0,0.0,0.0
9471,Elmers End,TRM,0.0,0.0,0.0
9472,Fieldway,TRM,0.0,0.0,0.0
9473,George Street,TRM,0.0,0.0,0.0
9474,Gravel Hill,TRM,0.0,0.0,0.0
9475,Harrington Road,TRM,0.0,0.0,0.0
9476,King Henry's Drive,TRM,0.0,0.0,0.0
9477,Lebanon Road,TRM,0.0,0.0,0.0
9478,Lloyd Park,TRM,0.0,0.0,0.0
9479,Merton Park,TRM,0.0,0.0,0.0
9480,Mitcham,TRM,0.0,0.0,0.0
9481,Mitcham Junction,TRM,0.0,0.0,0.0
9482,Morden Road,TRM,0.0,0.0,0.0
9484,New Addington,TRM,0.0,0.0,0.0
9485,Phipps Bridge,TRM,0.0,0.0,0.0
9486,Reeves Corner,TRM,0.0,0.0,0.0
9487,Sandilands,TRM,0.0,0.0,0.0
9488,Centrale,TRM,0.0,0.0,0.0
9491,Therapia Lane,TRM,0.0,0.0,0.0
9497,Waddon Marsh,TRM,0.0,0.0,0.0
9498,Wandle Park,TRM,0.0,0.0,0.0
9499,Wellesley Road,TRM,0.0,0.0,0.0
9586,Imperial Wharf,LO,23954.522254441566,24803.388064003513,48757.91031844508
