unit,cluster
E01000001,1
E01000005,1
E01000008,0
E01000009,1
E01000011,2
E01000013,0
E01000017,0
E01000019,0
E01000021,0
E01000024,1
E01000027,0
E01000029,0
E01000030,0
E01000031,0
E01000032,1
E01000034,0
E01000035,0
E01000036,0
E01000038,0
E01000040,0
E01000041,0
E01000042,0
E01000043,0
E01000045,0
E01000049,0
E01000050,1
E01000052,2
E01000057,0
E01000058,0
E01000060,1
E01000061,1
E01000062,0
E01000063,2
E01000064,0
E01000065,0
E01000067,1
E01000068,2
E01000070,1
E01000071,0
E01000072,0
E01000073,0
E01000074,0
E01000075,0
E01000077,0
E01000078,0
E01000079,0
E01000080,0
E01000082,2
E01000083,1
E01000084,0
E01000085,0
E01000086,0
E01000087,0
E01000088,0
E01000090,0
E01000091,1
E01000093,1
E01000094,1
E01000095,0
E01000096,0
E01000097,0
E01000098,2
E01000099,1
E01000101,1
E01000104,0
E01000105,0
E01000106,0
E01000110,2
E01000111,0
E01000112,1
E01000113,2
E01000114,1
E01000118,0
E01000120,0
E01000121,0
E01000123,0
E01000124,0
E01000126,1
E01000127,2
E01000128,2
E01000129,1
E01000130,2
E01000131,2
E01000133,0
E01000134,0
E01000135,2
E01000136,2
E01000138,2
E01000139,1
E01000140,1
E01000141,1
E01000143,0
E01000144,1
E01000146,1
E01000150,1
E01000151,1
E01000152,0
E01000154,1
E01000156,1
E01000160,0
E01000161,1
E01000162,1
E01000164,1
E01000170,0
E01000171,0
E01000172,0
E01000173,0
E01000174,0
E01000175,0
E01000176,0
E01000178,2
E01000180,2
E01000181,2
E01000182,1
E01000183,2
E01000184,2
E01000185,2
E01000186,2
E01000188,0
E01000191,2
E01000192,2
E01000193,1
E01000194,1
E01000196,1
E01000197,2
E01000198,0
E01000200,0
E01000201,2
E01000202,2
E01000203,1
E01000205,2
E01000206,0
E01000208,1
E01000210,2
E01000211,1
E01000213,0
E01000214,1
E01000215,1
E01000218,1
E01000219,2
E01000221,1
E01000222,2
E01000223,1
E01000224,0
E01000226,0
E01000227,0
E01000228,0
E01000229,2
E01000231,2
E01000232,2
E01000233,0
E01000234,0
E01000235,0
E01000236,1
E01000237,1
E01000239,1
E01000240,2
E01000242,0
E01000243,0
E01000244,0
E01000246,0
E01000248,2
E01000250,1
E01000251,0
E01000252,0
E01000253,0
E01000255,0
E01000256,2
E01000257,0
E01000258,2
E01000259,0
E01000260,2
E01000261,0
E01000263,2
E01000264,1
E01000265,0
E01000266,0
E01000268,1
E01000269,2
E01000271,2
E01000273,1
E01000274,0
E01000278,0
E01000279,0
E01000281,1
E01000282,0
E01000284,2
E01000285,0
E01000286,0
E01000288,2
E01000289,0
E01000290,0
E01000292,0
E01000296,1
E01000297,0
E01000298,1
E01000299,1
E01000301,0
E01000302,1
E01000305,1
E01000307,1
E01000309,2
E01000313,1
E01000314,1
E01000315,0
E01000316,1
E01000318,2
E01000321,1
E01000323,1
E01000324,2
E01000325,0
E01000326,0
E01000327,2
E01000329,0
E01000330,2
E01000331,2
E01000332,0
E01000333,0
E01000334,0
E01000335,0
E01000336,0
E01000338,0
E01000340,2
E01000343,2
E01000344,0
E01000345,0
E01000347,2
E01000349,2
E01000350,0
E01000352,2
E01000353,0
E01000354,0
E01000356,0
E01000358,0
E01000359,0
E01000360,1
E01000362,1
E01000363,0
E01000367,2
E01000369,2
E01000370,1
E01000374,0
E01000375,2
E01000383,0
E01000384,2
E01000385,0
E01000386,1
E01000389,2
E01000392,1
E01000394,2
E01000398,0
E01000399,2
E01000400,0
E01000402,0
E01000403,1
E01000404,0
E01000405,2
E01000406,0
E01000407,0
E01000408,2
E01000409,0
E01000412,0
E01000413,2
E01000414,1
E01000416,2
E01000417,0
E01000418,2
E01000420,0
E01000421,0
E01000422,1
E01000423,2
E01000426,2
E01000427,2
E01000428,1
E01000429,2
E01000430,2
E01000431,0
E01000433,1
E01000434,1
E01000436,0
E01000439,2
E01000441,2
E01000442,0
E01000443,0
E01000444,0
E01000445,0
E01000447,1
E01000448,2
E01000450,0
E01000451,0
E01000454,0
E01000455,0
E01000457,1
E01000459,2
E01000461,0
E01000462,0
E01000463,0
E01000465,0
E01000466,0
E01000467,1
E01000469,2
E01000470,1
E01000472,1
E01000473,1
E01000475,2
E01000476,0
E01000477,0
E01000478,0
E01000479,1
E01000480,0
E01000481,1
E01000483,1
E01000485,0
E01000487,0
E01000489,2
E01000491,0
E01000493,1
E01000494,2
E01000495,2
E01000497,1
E01000498,0
E01000499,0
E01000501,0
E01000502,0
E01000506,2
E01000507,0
E01000508,1
E01000510,1
E01000511,2
E01000512,0
E01000513,1
E01000515,1
E01000516,1
E01000518,1
E01000519,1
E01000520,0
E01000521,1
E01000523,1
E01000524,1
E01000525,1
E01000526,1
E01000528,2
E01000530,0
E01000531,2
E01000532,2
E01000533,1
E01000535,1
E01000541,0
E01000543,1
E01000544,2
E01000545,1
E01000547,2
E01000548,1
E01000550,1
E01000551,2
E01000552,1
E01000553,2
E01000554,2
E01000555,0
E01000556,1
E01000557,1
E01000563,2
E01000564,0
E01000565,1
E01000568,1
E01000571,0
E01000574,0
E01000575,0
E01000576,0
E01000577,0
E01000578,1
E01000580,2
E01000581,1
E01000583,1
E01000586,1
E01000587,0
E01000589,2
E01000590,0
E01000591,1
E01000592,1
E01000594,1
E01000595,0
E01000596,0
E01000599,1
E01000601,0
E01000602,0
E01000603,0
E01000604,0
E01000605,2
E01000606,0
E01000608,1
E01000609,0
E01000612,1
E01000615,0
E01000616,2
E01000620,1
E01000621,1
E01000622,0
E01000623,1
E01000625,2
E01000626,1
E01000627,1
E01000628,1
E01000633,1
E01000634,1
E01000636,1
E01000638,1
E01000640,1
E01000642,1
E01000643,1
E01000646,0
E01000648,0
E01000649,0
E01000650,0
E01000651,0
E01000653,0
E01000656,0
E01000657,0
E01000659,0
E01000661,1
E01000662,2
E01000663,2
E01000665,0
E01000666,0
E01000667,0
E01000668,1
E01000670,2
E01000671,2
E01000672,2
E01000673,0
E01000674,2
E01000676,1
E01000677,0
E01000678,2
E01000679,0
E01000682,0
E01000683,0
E01000684,0
E01000685,0
E01000686,0
E01000687,0
E01000690,0
E01000691,2
E01000692,2
E01000693,0
E01000694,0
E01000696,1
E01000697,0
E01000698,0
E01000699,0
E01000700,0
E01000702,1
E01000703,1
E01000704,0
E01000705,0
E01000706,0
E01000707,0
E01000708,2
E01000710,0
E01000712,0
E01000714,1
E01000715,0
E01000716,0
E01000717,0
E01000718,0
E01000719,0
E01000722,1
E01000727,1
E01000728,2
E01000730,1
E01000732,0
E01000735,0
E01000736,0
E01000737,0
E01000738,0
E01000741,1
E01000742,0
E01000743,1
E01000744,2
E01000745,2
E01000747,0
E01000751,0
E01000752,0
E01000753,0
E01000754,2
E01000755,2
E01000756,0
E01000757,2
E01000760,2
E01000761,0
E01000762,2
E01000763,2
E01000765,1
E01000766,0
E01000767,2
E01000769,0
E01000770,2
E01000771,0
E01000772,2
E01000773,0
E01000774,0
E01000775,0
E01000777,0
E01000778,0
E01000779,0
E01000780,0
E01000781,1
E01000782,2
E01000784,0
E01000785,0
E01000787,0
E01000788,2
E01000789,0
E01000790,1
E01000791,0
E01000794,0
E01000795,0
E01000797,2
E01000798,2
E01000799,1
E01000801,1
E01000802,0
E01000805,0
E01000806,1
E01000807,1
E01000809,0
E01000813,2
E01000819,0
E01000820,0
E01000824,1
E01000827,2
E01000828,0
E01000832,0
E01000834,0
E01000835,1
E01000838,2
E01000841,2
E01000843,0
E01000846,2
E01000847,2
E01000848,2
E01000849,1
E01000850,1
E01000855,1
E01000856,1
E01000858,1
E01000861,1
E01000862,0
E01000863,1
E01000867,1
E01000868,2
E01000869,1
E01000871,1
E01000872,1
E01000873,0
E01000874,2
E01000875,1
E01000876,1
E01000877,1
E01000879,0
E01000880,2
E01000881,1
E01000883,1
E01000884,1
E01000886,0
E01000887,1
E01000888,2
E01000890,2
E01000895,1
E01000896,2
E01000898,1
E01000899,2
E01000900,2
E01000902,0
E01000904,1
E01000905,2
E01000906,1
E01000908,0
E01000909,1
E01000912,1
E01000913,2
E01000914,1
E01000916,1
E01000917,2
E01000918,2
E01000919,1
E01000920,0
E01000921,2
E01000922,1
E01000924,2
E01000926,1
E01000927,1
E01000928,1
E01000929,1
E01000930,1
E01000931,1
E01000932,2
E01000933,1
E01000934,2
E01000935,2
E01000938,2
E01000939,1
E01000942,1
E01000946,1
E01000947,1
E01000948,2
E01000954,2
E01000956,1
E01000958,2
E01000959,2
E01000960,2
E01000963,1
E01000969,1
E01000972,1
E01000973,1
E01000974,1
E01000975,0
E01000976,0
E01000977,0
E01000978,2
E01000979,0
E01000980,0
E01000981,0
E01000982,0
E01000983,0
E01000984,0
E01000985,0
E01000992,0
E01000993,0
E01000994,0
E01000995,1
E01000997,1
E01000998,0
E01001000,1
E01001003,0
E01001004,0
E01001006,2
E01001008,2
E01001010,2
E01001011,1
E01001013,1
E01001015,2
E01001016,0
E01001018,2
E01001019,0
E01001020,2
E01001021,2
E01001023,1
E01001026,0
E01001027,0
E01001029,2
E01001032,0
E01001033,1
E01001034,0
E01001035,2
E01001036,2
E01001037,2
E01001038,2
E01001040,2
E01001041,1
E01001042,1
E01001044,2
E01001047,0
E01001049,2
E01001050,1
E01001051,2
E01001052,2
E01001053,2
E01001054,2
E01001055,2
E01001058,0
E01001059,0
E01001060,0
E01001061,2
E01001062,2
E01001063,1
E01001064,1
E01001065,1
E01001066,2
E01001068,0
E01001070,0
E01001071,0
E01001074,2
E01001075,0
E01001076,2
E01001078,2
E01001079,2
E01001080,2
E01001081,2
E01001083,2
E01001084,1
E01001085,1
E01001087,1
E01001089,1
E01001091,2
E01001092,0
E01001093,2
E01001094,0
E01001095,1
E01001097,1
E01001099,0
E01001102,0
E01001103,0
E01001104,0
E01001105,0
E01001106,0
E01001107,0
E01001108,0
E01001109,0
E01001110,1
E01001111,1
E01001112,1
E01001114,1
E01001115,0
E01001116,1
E01001118,1
E01001119,0
E01001120,2
E01001122,2
E01001125,1
E01001127,0
E01001129,0
E01001130,0
E01001132,0
E01001133,2
E01001134,2
E01001135,1
E01001136,1
E01001137,1
E01001138,0
E01001139,1
E01001140,0
E01001142,0
E01001143,0
E01001144,0
E01001145,1
E01001147,2
E01001148,0
E01001149,2
E01001150,2
E01001151,2
E01001152,1
E01001154,2
E01001155,1
E01001156,1
E01001157,1
E01001158,2
E01001159,1
E01001162,0
E01001163,2
E01001164,1
E01001165,0
E01001166,2
E01001167,1
E01001168,2
E01001169,2
E01001170,1
E01001171,2
E01001172,2
E01001173,0
E01001175,2
E01001176,0
E01001177,2
E01001178,1
E01001180,2
E01001181,1
E01001182,1
E01001183,1
E01001185,0
E01001186,0
E01001187,0
E01001192,0
E01001193,0
E01001195,0
E01001197,2
E01001199,2
E01001202,2
E01001204,2
E01001205,0
E01001206,0
E01001207,0
E01001208,1
E01001209,1
E01001210,1
E01001211,2
E01001212,2
E01001214,2
E01001215,1
E01001216,2
E01001218,0
E01001219,0
E01001220,0
E01001225,1
E01001226,2
E01001228,2
E01001229,2
E01001230,2
E01001233,1
E01001235,2
E01001239,2
E01001240,2
E01001241,2
E01001243,1
E01001244,1
E01001245,1
E01001246,2
E01001247,1
E01001248,0
E01001249,1
E01001250,1
E01001251,1
E01001252,1
E01001253,0
E01001254,0
E01001257,1
E01001258,1
E01001259,1
E01001260,2
E01001261,1
E01001263,0
E01001264,0
E01001266,2
E01001267,2
E01001268,0
E01001269,0
E01001271,0
E01001272,2
E01001275,2
E01001276,0
E01001277,2
E01001278,1
E01001280,2
E01001281,2
E01001282,0
E01001283,1
E01001285,0
E01001286,0
E01001289,1
E01001290,0
E01001291,2
E01001293,2
E01001294,0
E01001295,2
E01001296,2
E01001297,0
E01001298,1
E01001299,0
E01001301,1
E01001302,1
E01001303,1
E01001308,0
E01001312,0
E01001313,0
E01001315,2
E01001316,1
E01001317,0
E01001318,2
E01001321,1
E01001322,1
E01001323,1
E01001324,2
E01001325,0
E01001326,1
E01001327,1
E01001328,1
E01001329,0
E01001330,1
E01001331,2
E01001333,1
E01001334,0
E01001336,0
E01001337,1
E01001338,1
E01001339,0
E01001341,2
E01001342,2
E01001343,2
E01001344,1
E01001347,0
E01001348,2
E01001349,1
E01001351,1
E01001352,1
E01001353,1
E01001354,2
E01001355,1
E01001357,0
E01001358,0
E01001359,2
E01001361,1
E01001362,1
E01001363,1
E01001367,1
E01001369,0
E01001370,1
E01001375,2
E01001376,1
E01001377,2
E01001384,2
E01001385,2
E01001386,2
E01001387,2
E01001388,1
E01001390,2
E01001393,1
E01001394,1
E01001395,0
E01001396,1
E01001397,0
E01001398,0
E01001399,0
E01001400,1
E01001402,1
E01001403,0
E01001404,0
E01001406,0
E01001408,0
E01001409,0
E01001411,0
E01001412,0
E01001414,0
E01001415,1
E01001418,2
E01001419,1
E01001423,0
E01001425,1
E01001426,0
E01001427,2
E01001429,1
E01001430,1
E01001433,0
E01001436,0
E01001437,0
E01001438,0
E01001439,1
E01001440,2
E01001441,1
E01001442,2
E01001444,2
E01001445,2
E01001446,2
E01001447,2
E01001449,2
E01001450,1
E01001451,2
E01001453,0
E01001454,0
E01001455,2
E01001458,1
E01001461,0
E01001465,1
E01001468,0
E01001469,0
E01001470,0
E01001471,0
E01001474,2
E01001476,2
E01001478,0
E01001479,1
E01001480,0
E01001481,0
E01001483,0
E01001485,2
E01001486,0
E01001488,0
E01001489,0
E01001491,1
E01001492,0
E01001493,2
E01001498,1
E01001499,1
E01001500,2
E01001501,1
E01001502,1
E01001504,0
E01001505,1
E01001507,1
E01001509,0
E01001511,1
E01001512,1
E01001513,1
E01001515,0
E01001516,0
E01001518,1
E01001520,2
E01001521,2
E01001522,0
E01001523,0
E01001524,2
E01001527,2
E01001528,1
E01001529,1
E01001530,2
E01001532,2
E01001534,1
E01001535,0
E01001536,1
E01001537,0
E01001538,0
E01001540,0
E01001542,0
E01001544,0
E01001547,1
E01001549,1
E01001550,2
E01001551,0
E01001552,0
E01001553,0
E01001554,1
E01001558,1
E01001559,2
E01001560,0
E01001563,1
E01001564,2
E01001569,1
E01001571,2
E01001572,2
E01001573,1
E01001574,0
E01001575,2
E01001576,0
E01001577,1
E01001579,0
E01001580,1
E01001581,1
E01001582,0
E01001583,2
E01001587,0
E01001588,1
E01001590,2
E01001591,1
E01001593,2
E01001594,1
E01001596,0
E01001597,0
E01001600,0
E01001601,2
E01001602,0
E01001603,2
E01001604,0
E01001605,0
E01001606,0
E01001607,0
E01001609,1
E01001611,0
E01001613,1
E01001614,2
E01001615,1
E01001617,1
E01001618,0
E01001619,0
E01001620,2
E01001621,1
E01001624,0
E01001625,0
E01001629,1
E01001631,2
E01001632,1
E01001633,0
E01001634,0
E01001637,2
E01001638,2
E01001641,1
E01001642,2
E01001644,1
E01001645,0
E01001646,1
E01001648,1
E01001651,2
E01001652,1
E01001653,0
E01001655,0
E01001658,2
E01001659,1
E01001660,0
E01001661,2
E01001665,1
E01001666,1
E01001669,0
E01001671,0
E01001673,1
E01001674,0
E01001676,1
E01001677,1
E01001678,0
E01001680,0
E01001682,1
E01001683,1
E01001684,2
E01001686,0
E01001688,1
E01001690,2
E01001693,1
E01001694,2
E01001695,2
E01001696,1
E01001697,2
E01001698,0
E01001699,1
E01001700,1
E01001701,1
E01001703,0
E01001704,2
E01001705,1
E01001708,1
E01001710,0
E01001712,1
E01001714,1
E01001716,2
E01001717,1
E01001718,1
E01001719,2
E01001720,2
E01001722,1
E01001724,1
E01001726,1
E01001727,0
E01001728,1
E01001729,1
E01001730,1
E01001731,1
E01001733,2
E01001734,1
E01001735,0
E01001737,2
E01001738,2
E01001739,1
E01001740,0
E01001741,1
E01001742,1
E01001744,2
E01001745,0
E01001746,2
E01001747,1
E01001749,1
E01001750,1
E01001751,1
E01001755,1
E01001756,1
E01001757,0
E01001758,1
E01001760,1
E01001761,0
E01001762,1
E01001765,0
E01001767,0
E01001769,2
E01001770,1
E01001772,0
E01001774,1
E01001775,0
E01001776,0
E01001777,1
E01001781,1
E01001784,0
E01001786,1
E01001787,2
E01001788,1
E01001791,2
E01001792,1
E01001793,2
E01001795,1
E01001796,0
E01001798,1
E01001800,1
E01001801,0
E01001802,0
E01001803,1
E01001805,0
E01001806,2
E01001807,1
E01001808,1
E01001809,2
E01001811,1
E01001813,1
E01001814,1
E01001815,0
E01001816,0
E01001819,2
E01001820,0
E01001821,2
E01001822,0
E01001824,2
E01001826,2
E01001827,2
E01001828,0
E01001829,1
E01001830,1
E01001831,1
E01001832,1
E01001834,1
E01001836,1
E01001837,0
E01001839,1
E01001840,1
E01001841,2
E01001844,1
E01001845,2
E01001846,2
E01001847,2
E01001848,1
E01001849,1
E01001850,2
E01001856,2
E01001857,1
E01001858,1
E01001860,1
E01001861,1
E01001866,1
E01001867,2
E01001869,1
E01001871,2
E01001875,1
E01001876,1
E01001877,1
E01001879,1
E01001882,1
E01001883,2
E01001884,2
E01001886,1
E01001887,1
E01001891,1
E01001894,2
E01001898,1
E01001899,2
E01001902,1
E01001903,1
E01001905,2
E01001909,1
E01001911,2
E01001912,1
E01001914,1
E01001915,1
E01001916,1
E01001918,1
E01001920,1
E01001921,1
E01001922,2
E01001924,2
E01001925,2
E01001928,1
E01001929,2
E01001930,1
E01001932,2
E01001933,2
E01001937,2
E01001938,1
E01001940,1
E01001941,1
E01001942,1
E01001943,1
E01001948,2
E01001950,2
E01001951,2
E01001952,2
E01001953,1
E01001954,1
E01001955,0
E01001956,2
E01001959,2
E01001962,2
E01001963,2
E01001964,0
E01001966,0
E01001968,2
E01001969,1
E01001970,2
E01001971,2
E01001972,2
E01001973,1
E01001975,1
E01001976,0
E01001977,2
E01001978,1
E01001979,1
E01001980,0
E01001981,2
E01001983,1
E01001984,1
E01001986,0
E01001989,0
E01001990,1
E01001991,1
E01001992,2
E01001994,2
E01001995,0
E01001997,2
E01001999,1
E01002002,1
E01002003,1
E01002005,1
E01002008,1
E01002009,1
E01002010,2
E01002011,1
E01002013,0
E01002014,1
E01002015,0
E01002017,1
E01002019,0
E01002020,0
E01002021,0
E01002022,1
E01002028,1
E01002029,1
E01002030,2
E01002031,1
E01002033,2
E01002034,1
E01002036,0
E01002037,1
E01002038,1
E01002042,1
E01002043,1
E01002046,1
E01002047,1
E01002048,1
E01002049,2
E01002051,2
E01002052,0
E01002053,1
E01002055,1
E01002056,1
E01002058,0
E01002060,0
E01002061,0
E01002062,0
E01002064,0
E01002066,1
E01002067,1
E01002068,2
E01002069,1
E01002070,1
E01002071,2
E01002072,1
E01002074,2
E01002075,1
E01002076,0
E01002077,1
E01002078,2
E01002081,1
E01002082,1
E01002083,2
E01002084,2
E01002085,1
E01002086,0
E01002088,1
E01002089,0
E01002090,0
E01002091,1
E01002092,0
E01002096,0
E01002098,1
E01002099,0
E01002100,0
E01002102,0
E01002103,1
E01002104,0
E01002105,1
E01002106,0
E01002108,0
E01002109,2
E01002110,2
E01002111,0
E01002112,1
E01002113,0
E01002114,2
E01002118,1
E01002119,2
E01002121,0
E01002122,2
E01002123,1
E01002125,0
E01002129,1
E01002130,1
E01002132,0
E01002133,1
E01002135,0
E01002136,1
E01002137,0
E01002139,0
E01002141,0
E01002142,1
E01002144,0
E01002145,0
E01002148,0
E01002150,0
E01002151,0
E01002152,0
E01002153,0
E01002155,0
E01002157,0
E01002159,0
E01002160,0
E01002161,0
E01002163,0
E01002166,0
E01002172,0
E01002174,0
E01002175,0
E01002176,0
E01002177,0
E01002179,1
E01002181,0
E01002184,0
E01002185,0
E01002186,0
E01002187,0
E01002189,0
E01002191,0
E01002192,0
E01002193,0
E01002195,0
E01002198,0
E01002199,0
E01002200,0
E01002201,0
E01002202,1
E01002203,2
E01002204,0
E01002207,0
E01002209,0
E01002211,0
E01002212,0
E01002214,0
E01002216,0
E01002217,0
E01002218,0
E01002219,1
E01002221,1
E01002225,0
E01002226,0
E01002227,0
E01002228,0
E01002232,1
E01002233,1
E01002235,0
E01002240,2
E01002242,0
E01002243,2
E01002244,0
E01002245,2
E01002246,2
E01002247,2
E01002248,1
E01002250,2
E01002251,2
E01002253,0
E01002254,0
E01002258,0
E01002259,0
E01002260,0
E01002261,1
E01002262,2
E01002263,0
E01002265,0
E01002266,2
E01002269,0
E01002272,0
E01002273,0
E01002274,0
E01002276,0
E01002277,2
E01002278,2
E01002279,2
E01002281,2
E01002282,1
E01002283,2
E01002285,2
E01002288,0
E01002291,0
E01002292,0
E01002294,0
E01002295,0
E01002296,0
E01002299,0
E01002300,0
E01002301,2
E01002302,2
E01002303,0
E01002304,0
E01002306,0
E01002307,2
E01002308,0
E01002310,2
E01002312,0
E01002313,0
E01002314,2
E01002315,2
E01002316,2
E01002319,1
E01002321,2
E01002322,0
E01002325,0
E01002326,1
E01002328,2
E01002329,0
E01002331,0
E01002335,2
E01002336,0
E01002337,2
E01002338,2
E01002341,0
E01002342,0
E01002344,0
E01002345,0
E01002346,0
E01002348,0
E01002349,0
E01002350,1
E01002352,0
E01002353,1
E01002356,1
E01002358,0
E01002360,0
E01002361,1
E01002362,0
E01002363,2
E01002365,2
E01002366,2
E01002367,0
E01002368,2
E01002370,2
E01002371,2
E01002372,2
E01002373,2
E01002374,2
E01002375,0
E01002377,0
E01002379,1
E01002380,0
E01002382,0
E01002384,0
E01002385,0
E01002386,0
E01002393,1
E01002396,1
E01002400,1
E01002401,1
E01002402,0
E01002403,0
E01002404,0
E01002405,2
E01002408,2
E01002409,2
E01002410,1
E01002411,2
E01002412,1
E01002413,2
E01002414,1
E01002417,0
E01002421,0
E01002422,0
E01002423,2
E01002424,0
E01002425,0
E01002426,1
E01002428,0
E01002429,0
E01002432,0
E01002433,0
E01002436,0
E01002437,0
E01002439,0
E01002441,0
E01002443,1
E01002444,2
E01002445,2
E01002446,1
E01002447,1
E01002448,1
E01002452,2
E01002453,0
E01002455,2
E01002456,2
E01002457,1
E01002458,0
E01002460,2
E01002461,0
E01002465,0
E01002468,0
E01002469,2
E01002470,0
E01002472,0
E01002474,0
E01002475,0
E01002478,0
E01002479,0
E01002481,0
E01002483,0
E01002485,0
E01002486,0
E01002487,0
E01002488,0
E01002489,1
E01002490,1
E01002492,0
E01002495,0
E01002496,0
E01002497,0
E01002499,0
E01002501,2
E01002503,1
E01002505,1
E01002506,1
E01002508,1
E01002509,2
E01002511,2
E01002512,0
E01002513,0
E01002514,1
E01002516,2
E01002519,2
E01002521,1
E01002523,2
E01002525,2
E01002526,1
E01002527,2
E01002529,1
E01002530,2
E01002535,1
E01002537,2
E01002538,0
E01002539,0
E01002540,0
E01002541,0
E01002542,0
E01002543,0
E01002546,2
E01002548,2
E01002549,0
E01002552,2
E01002553,2
E01002555,0
E01002557,0
E01002558,0
E01002559,0
E01002560,0
E01002562,2
E01002563,0
E01002564,2
E01002565,1
E01002569,0
E01002570,1
E01002571,0
E01002572,0
E01002573,2
E01002575,1
E01002576,0
E01002578,0
E01002581,2
E01002583,1
E01002584,1
E01002585,2
E01002587,1
E01002588,2
E01002589,2
E01002590,0
E01002591,0
E01002592,2
E01002593,1
E01002594,0
E01002595,0
E01002596,0
E01002601,0
E01002602,0
E01002603,0
E01002604,0
E01002605,1
E01002606,2
E01002607,1
E01002608,1
E01002609,2
E01002610,0
E01002611,2
E01002612,1
E01002613,2
E01002614,0
E01002615,2
E01002616,0
E01002619,1
E01002620,1
E01002621,0
E01002622,1
E01002623,2
E01002624,1
E01002626,0
E01002628,1
E01002629,1
E01002630,0
E01002631,2
E01002633,2
E01002634,2
E01002635,0
E01002636,2
E01002637,2
E01002638,2
E01002640,2
E01002641,0
E01002643,2
E01002646,0
E01002649,1
E01002650,2
E01002652,2
E01002653,0
E01002654,0
E01002655,0
E01002657,2
E01002659,0
E01002662,1
E01002663,2
E01002665,1
E01002666,2
E01002667,0
E01002668,0
E01002670,0
E01002671,0
E01002672,0
E01002675,0
E01002676,0
E01002677,1
E01002678,0
E01002679,0
E01002680,0
E01002681,1
E01002682,1
E01002686,1
E01002687,0
E01002691,2
E01002692,1
E01002693,1
E01002694,0
E01002695,1
E01002696,1
E01002697,1
E01002700,0
E01002704,1
E01002706,1
E01002707,1
E01002708,1
E01002710,1
E01002711,1
E01002712,1
E01002713,1
E01002714,1
E01002716,1
E01002717,2
E01002718,0
E01002719,2
E01002720,1
E01002723,0
E01002724,1
E01002726,1
E01002727,2
E01002728,1
E01002730,1
E01002732,1
E01002734,1
E01002738,1
E01002741,1
E01002743,1
E01002745,2
E01002747,1
E01002748,2
E01002749,1
E01002752,2
E01002756,0
E01002758,1
E01002759,2
E01002762,2
E01002763,1
E01002764,1
E01002765,1
E01002766,2
E01002767,1
E01002768,1
E01002770,1
E01002771,1
E01002772,1
E01002773,0
E01002774,1
E01002775,0
E01002776,1
E01002778,2
E01002779,1
E01002780,1
E01002781,0
E01002782,0
E01002784,2
E01002785,1
E01002786,1
E01002788,0
E01002789,1
E01002790,1
E01002791,1
E01002793,1
E01002794,1
E01002795,1
E01002796,0
E01002797,2
E01002798,1
E01002801,1
E01002804,2
E01002805,0
E01002807,2
E01002808,2
E01002810,2
E01002811,0
E01002814,1
E01002815,2
E01002817,1
E01002818,1
E01002819,1
E01002821,1
E01002825,1
E01002826,1
E01002827,1
E01002830,2
E01002831,1
E01002833,1
E01002835,1
E01002837,0
E01002839,2
E01002840,1
E01002843,2
E01002844,1
E01002845,1
E01002846,2
E01002849,1
E01002850,2
E01002851,2
E01002852,1
E01002854,2
E01002858,0
E01002859,1
E01002861,2
E01002862,0
E01002863,2
E01002864,1
E01002866,0
E01002867,0
E01002868,1
E01002869,1
E01002870,2
E01002873,1
E01002874,2
E01002877,2
E01002878,1
E01002880,1
E01002882,2
E01002883,1
E01002884,1
E01002885,2
E01002886,1
E01002887,0
E01002891,2
E01002894,1
E01002896,1
E01002897,2
E01002898,0
E01002899,1
E01002900,0
E01002901,1
E01002902,1
E01002903,1
E01002905,1
E01002906,1
E01002908,2
E01002909,1
E01002910,2
E01002911,1
E01002912,1
E01002913,1
E01002914,0
E01002915,0
E01002916,1
E01002918,0
E01002919,1
E01002920,0
E01002921,1
E01002922,0
E01002926,0
E01002928,1
E01002929,2
E01002930,1
E01002931,1
E01002932,2
E01002935,1
E01002938,0
E01002940,2
E01002941,1
E01002946,2
E01002947,2
E01002948,2
E01002949,2
E01002950,2
E01002951,2
E01002952,2
E01002953,2
E01002954,1
E01002955,2
E01002956,2
E01002957,2
E01002959,2
E01002960,2
E01002961,2
E01002964,1
E01002965,1
E01002966,0
E01002967,2
E01002968,1
E01002969,2
E01002970,2
E01002971,2
E01002972,1
E01002973,1
E01002974,1
E01002975,0
E01002978,1
E01002981,0
E01002982,2
E01002983,2
E01002984,1
E01002987,1
E01002988,0
E01002990,2
E01002991,0
E01002993,2
E01002994,2
E01002995,2
E01002996,1
E01002997,2
E01002998,0
E01002999,1
E01003000,0
E01003001,2
E01003002,1
E01003005,0
E01003006,1
E01003008,0
E01003009,0
E01003010,2
E01003011,2
E01003013,1
E01003014,1
E01003016,2
E01003018,1
E01003019,1
E01003020,1
E01003023,1
E01003024,1
E01003026,2
E01003030,1
E01003031,0
E01003032,1
E01003034,1
E01003035,2
E01003037,1
E01003039,2
E01003040,2
E01003041,2
E01003042,1
E01003043,0
E01003044,0
E01003046,0
E01003047,1
E01003048,0
E01003051,1
E01003052,0
E01003053,2
E01003054,1
E01003057,1
E01003060,1
E01003061,1
E01003062,2
E01003064,2
E01003067,2
E01003068,0
E01003069,1
E01003072,1
E01003074,1
E01003076,1
E01003077,1
E01003078,0
E01003079,2
E01003081,1
E01003082,2
E01003083,2
E01003084,2
E01003086,2
E01003087,1
E01003089,1
E01003090,1
E01003091,2
E01003096,1
E01003097,1
E01003099,1
E01003100,1
E01003101,1
E01003102,1
E01003104,1
E01003105,0
E01003106,1
E01003107,0
E01003108,1
E01003110,2
E01003112,0
E01003115,1
E01003117,1
E01003118,1
E01003119,1
E01003120,1
E01003121,1
E01003125,2
E01003126,1
E01003127,1
E01003128,1
E01003131,1
E01003134,0
E01003137,1
E01003139,1
E01003141,1
E01003144,2
E01003145,1
E01003146,1
E01003147,1
E01003150,1
E01003151,2
E01003152,2
E01003153,1
E01003154,2
E01003156,0
E01003159,1
E01003160,0
E01003162,1
E01003163,0
E01003164,1
E01003165,2
E01003166,1
E01003167,0
E01003169,1
E01003172,1
E01003175,0
E01003176,1
E01003177,1
E01003179,1
E01003180,1
E01003181,1
E01003183,1
E01003185,2
E01003186,1
E01003190,0
E01003191,0
E01003192,0
E01003193,0
E01003194,0
E01003195,0
E01003198,2
E01003199,1
E01003200,1
E01003202,1
E01003203,2
E01003207,2
E01003209,1
E01003210,1
E01003211,2
E01003212,2
E01003213,0
E01003214,1
E01003215,1
E01003217,1
E01003218,0
E01003219,0
E01003220,2
E01003221,1
E01003223,1
E01003224,2
E01003226,1
E01003227,1
E01003229,1
E01003231,1
E01003232,1
E01003233,0
E01003235,2
E01003236,2
E01003237,2
E01003238,0
E01003239,2
E01003240,1
E01003241,1
E01003243,1
E01003244,2
E01003245,0
E01003247,2
E01003248,1
E01003249,2
E01003251,1
E01003253,1
E01003254,0
E01003255,1
E01003256,1
E01003257,1
E01003258,2
E01003259,1
E01003260,0
E01003261,0
E01003263,1
E01003264,2
E01003265,1
E01003266,1
E01003268,0
E01003269,0
E01003270,0
E01003272,1
E01003273,0
E01003274,0
E01003276,0
E01003278,1
E01003279,0
E01003280,0
E01003281,0
E01003282,1
E01003284,0
E01003285,0
E01003286,1
E01003288,1
E01003290,0
E01003291,1
E01003292,0
E01003295,2
E01003298,2
E01003299,2
E01003301,2
E01003302,2
E01003303,1
E01003304,1
E01003305,1
E01003307,2
E01003308,1
E01003309,0
E01003310,0
E01003311,2
E01003313,2
E01003318,1
E01003319,2
E01003320,0
E01003321,1
E01003322,2
E01003325,1
E01003326,0
E01003327,1
E01003328,2
E01003330,1
E01003331,0
E01003332,0
E01003333,0
E01003334,1
E01003336,2
E01003337,1
E01003339,1
E01003340,1
E01003342,1
E01003344,0
E01003346,0
E01003347,0
E01003348,2
E01003350,0
E01003351,0
E01003352,0
E01003354,0
E01003355,1
E01003356,2
E01003358,1
E01003359,1
E01003360,1
E01003361,0
E01003363,0
E01003364,0
E01003366,0
E01003370,1
E01003374,1
E01003375,1
E01003376,0
E01003377,0
E01003378,0
E01003379,0
E01003380,0
E01003382,0
E01003383,1
E01003384,0
E01003386,0
E01003387,0
E01003388,0
E01003389,1
E01003390,1
E01003392,1
E01003393,1
E01003394,0
E01003399,2
E01003400,1
E01003401,1
E01003402,1
E01003404,2
E01003410,0
E01003411,0
E01003412,0
E01003413,1
E01003414,0
E01003415,1
E01003416,2
E01003417,2
E01003421,0
E01003422,0
E01003423,0
E01003426,2
E01003427,1
E01003428,0
E01003430,0
E01003431,0
E01003432,2
E01003433,1
E01003435,2
E01003436,0
E01003437,2
E01003438,2
E01003439,1
E01003440,2
E01003441,2
E01003444,0
E01003445,2
E01003446,1
E01003447,2
E01003448,0
E01003449,2
E01003451,2
E01003452,2
E01003454,0
E01003456,1
E01003458,0
E01003459,0
E01003460,1
E01003461,1
E01003462,0
E01003463,0
E01003464,2
E01003467,0
E01003469,2
E01003470,1
E01003471,0
E01003478,2
E01003480,2
E01003481,2
E01003483,2
E01003485,1
E01003486,1
E01003488,2
E01003491,0
E01003497,2
E01003498,1
E01003499,1
E01003500,2
E01003501,1
E01003502,1
E01003503,1
E01003507,0
E01003509,0
E01003512,2
E01003513,0
E01003515,1
E01003516,1
E01003517,0
E01003518,2
E01003520,1
E01003521,1
E01003523,1
E01003525,1
E01003528,0
E01003529,2
E01003530,0
E01003531,1
E01003532,0
E01003533,2
E01003535,0
E01003537,2
E01003538,1
E01003539,0
E01003540,2
E01003541,0
E01003542,2
E01003543,0
E01003544,0
E01003545,0
E01003549,0
E01003550,0
E01003551,1
E01003553,1
E01003555,1
E01003556,1
E01003558,1
E01003559,1
E01003561,0
E01003562,0
E01003564,0
E01003565,2
E01003566,1
E01003567,0
E01003569,1
E01003570,0
E01003571,0
E01003572,0
E01003573,0
E01003574,1
E01003575,0
E01003576,1
E01003578,1
E01003583,0
E01003586,1
E01003587,1
E01003589,1
E01003590,1
E01003591,1
E01003593,2
E01003594,0
E01003595,0
E01003596,2
E01003598,0
E01003600,1
E01003601,1
E01003602,1
E01003603,2
E01003604,0
E01003605,1
E01003607,0
E01003611,1
E01003615,1
E01003616,1
E01003618,2
E01003619,1
E01003622,1
E01003623,0
E01003630,1
E01003635,1
E01003636,1
E01003639,0
E01003640,0
E01003641,0
E01003643,2
E01003645,0
E01003646,2
E01003647,2
E01003648,2
E01003650,2
E01003651,2
E01003653,1
E01003655,0
E01003656,0
E01003657,0
E01003659,0
E01003661,0
E01003662,1
E01003663,0
E01003665,0
E01003668,0
E01003670,2
E01003672,2
E01003673,1
E01003674,2
E01003675,1
E01003677,0
E01003680,0
E01003681,1
E01003684,0
E01003686,1
E01003689,1
E01003690,1
E01003692,2
E01003693,0
E01003694,0
E01003695,0
E01003696,2
E01003700,2
E01003701,1
E01003702,2
E01003704,1
E01003705,2
E01003706,0
E01003708,0
E01003709,2
E01003710,2
E01003711,1
E01003713,2
E01003714,2
E01003715,2
E01003716,0
E01003719,1
E01003720,1
E01003721,2
E01003722,0
E01003723,0
E01003724,0
E01003726,0
E01003729,1
E01003733,1
E01003734,1
E01003735,1
E01003738,1
E01003739,0
E01003740,2
E01003741,1
E01003743,2
E01003744,0
E01003746,2
E01003750,1
E01003751,0
E01003752,0
E01003754,0
E01003755,0
E01003756,0
E01003760,0
E01003761,0
E01003762,2
E01003763,2
E01003764,1
E01003765,1
E01003767,1
E01003769,1
E01003770,0
E01003771,0
E01003773,1
E01003774,2
E01003775,0
E01003776,2
E01003778,1
E01003779,2
E01003781,1
E01003782,0
E01003783,1
E01003788,1
E01003789,1
E01003791,2
E01003792,0
E01003793,0
E01003796,2
E01003798,2
E01003799,1
E01003800,0
E01003801,0
E01003804,2
E01003807,1
E01003808,2
E01003809,2
E01003810,0
E01003811,2
E01003812,1
E01003814,2
E01003815,2
E01003816,2
E01003817,1
E01003818,0
E01003820,0
E01003821,1
E01003822,2
E01003823,1
E01003824,2
E01003827,1
E01003828,2
E01003829,2
E01003830,2
E01003831,2
E01003833,2
E01003834,2
E01003836,2
E01003837,2
E01003838,2
E01003839,2
E01003840,2
E01003841,2
E01003842,0
E01003843,2
E01003844,0
E01003845,0
E01003847,1
E01003848,2
E01003852,1
E01003854,2
E01003855,2
E01003856,2
E01003857,1
E01003859,2
E01003860,2
E01003861,2
E01003862,2
E01003866,0
E01003867,2
E01003868,0
E01003869,0
E01003870,2
E01003871,0
E01003872,0
E01003874,2
E01003875,2
E01003876,1
E01003877,0
E01003878,0
E01003880,1
E01003881,2
E01003882,1
E01003885,1
E01003886,1
E01003887,1
E01003888,1
E01003890,2
E01003891,2
E01003893,1
E01003894,2
E01003895,2
E01003896,1
E01003897,1
E01003898,2
E01003899,2
E01003900,1
E01003903,2
E01003904,2
E01003905,1
E01003906,2
E01003909,0
E01003911,1
E01003912,1
E01003916,1
E01003919,1
E01003920,1
E01003921,1
E01003922,1
E01003924,1
E01003926,2
E01003929,1
E01003930,1
E01003932,1
E01003933,1
E01003934,2
E01003936,2
E01003938,0
E01003939,1
E01003941,1
E01003942,1
E01003945,2
E01003946,1
E01003947,0
E01003948,2
E01003949,1
E01003950,1
E01003951,1
E01003952,1
E01003953,1
E01003954,0
E01003955,2
E01003957,2
E01003958,1
E01003960,1
E01003961,1
E01003966,1
E01003969,1
E01003975,0
E01003976,1
E01003977,2
E01003979,1
E01003980,0
E01003981,1
E01003983,2
E01003984,1
E01003986,1
E01003987,0
E01003989,1
E01003990,1
E01003993,1
E01003994,1
E01003999,0
E01004000,0
E01004001,0
E01004002,0
E01004003,0
E01004004,1
E01004005,1
E01004008,1
E01004010,1
E01004012,2
E01004013,1
E01004014,1
E01004015,1
E01004016,1
E01004017,2
E01004018,2
E01004019,0
E01004020,1
E01004021,2
E01004023,1
E01004024,0
E01004028,1
E01004031,1
E01004033,1
E01004034,2
E01004035,1
E01004036,2
E01004037,1
E01004038,2
E01004040,0
E01004042,1
E01004044,0
E01004046,2
E01004047,1
E01004048,1
E01004049,1
E01004050,2
E01004051,1
E01004052,2
E01004053,2
E01004054,2
E01004055,2
E01004056,2
E01004057,2
E01004059,1
E01004060,2
E01004062,1
E01004063,1
E01004064,1
E01004067,1
E01004069,2
E01004070,2
E01004071,2
E01004072,2
E01004073,2
E01004074,1
E01004075,0
E01004076,0
E01004077,0
E01004080,0
E01004083,0
E01004084,0
E01004086,1
E01004087,2
E01004088,0
E01004090,0
E01004091,0
E01004094,0
E01004097,0
E01004098,0
E01004099,1
E01004100,0
E01004101,0
E01004103,0
E01004105,0
E01004107,0
E01004109,0
E01004110,1
E01004111,2
E01004118,1
E01004119,2
E01004120,2
E01004121,1
E01004123,1
E01004125,0
E01004127,0
E01004128,0
E01004129,1
E01004130,0
E01004131,1
E01004134,2
E01004135,0
E01004137,1
E01004138,0
E01004139,0
E01004140,1
E01004144,2
E01004146,1
E01004148,2
E01004152,2
E01004153,0
E01004156,1
E01004157,2
E01004158,2
E01004159,0
E01004160,2
E01004163,0
E01004164,0
E01004165,0
E01004166,0
E01004167,0
E01004169,0
E01004170,0
E01004171,0
E01004175,0
E01004176,0
E01004177,0
E01004178,1
E01004180,0
E01004181,0
E01004182,0
E01004183,0
E01004185,0
E01004186,0
E01004190,2
E01004191,2
E01004196,2
E01004198,1
E01004200,1
E01004201,0
E01004203,2
E01004204,1
E01004205,0
E01004207,1
E01004208,1
E01004209,2
E01004211,1
E01004212,1
E01004216,2
E01004217,1
E01004218,2
E01004219,1
E01004221,2
E01004223,1
E01004226,0
E01004228,1
E01004229,2
E01004230,1
E01004231,1
E01004232,1
E01004233,2
E01004234,1
E01004235,2
E01004236,0
E01004239,2
E01004241,0
E01004244,0
E01004245,1
E01004247,1
E01004249,0
E01004255,1
E01004257,2
E01004259,1
E01004266,0
E01004267,1
E01004270,1
E01004272,0
E01004274,1
E01004276,2
E01004277,1
E01004280,2
E01004281,0
E01004287,1
E01004288,0
E01004289,2
E01004290,1
E01004291,0
E01004293,1
E01004295,0
E01004296,2
E01004301,0
E01004303,2
E01004305,2
E01004307,0
E01004309,2
E01004310,1
E01004313,1
E01004319,0
E01004321,1
E01004322,2
E01004326,1
E01004328,2
E01004329,0
E01004330,0
E01004331,0
E01004332,2
E01004335,1
E01004336,1
E01004337,2
E01004340,0
E01004341,1
E01004342,2
E01004343,0
E01004344,1
E01004345,0
E01004347,2
E01004348,1
E01004349,0
E01004350,0
E01004352,1
E01004353,0
E01004354,1
E01004356,2
E01004357,0
E01004358,2
E01004359,0
E01004361,2
E01004362,1
E01004363,1
E01004364,1
E01004365,1
E01004366,0
E01004369,1
E01004370,2
E01004371,0
E01004374,0
E01004376,0
E01004377,2
E01004378,2
E01004379,0
E01004381,0
E01004383,0
E01004384,0
E01004385,0
E01004386,0
E01004389,0
E01004390,0
E01004391,1
E01004392,0
E01004393,2
E01004394,1
E01004396,2
E01004397,1
E01004398,1
E01004399,0
E01004400,2
E01004401,1
E01004403,1
E01004404,0
E01004405,1
E01004406,1
E01004407,1
E01004408,1
E01004409,1
E01004410,0
E01004411,2
E01004413,0
E01004414,0
E01004415,0
E01004417,1
E01004418,1
E01004419,1
E01004420,1
E01004421,1
E01004422,2
E01004423,2
E01004424,1
E01004426,2
E01004427,1
E01004428,1
E01004429,1
E01004430,1
E01004432,1
E01004434,1
E01004435,2
E01004437,0
E01004438,1
E01004440,1
E01004444,1
E01004448,2
E01004451,2
E01004452,1
E01004453,2
E01004454,1
E01004455,1
E01004457,2
E01004458,1
E01004460,1
E01004462,1
E01004464,0
E01004466,0
E01004467,2
E01004468,2
E01004469,2
E01004470,1
E01004474,1
E01004476,1
E01004477,0
E01004479,0
E01004481,1
E01004482,0
E01004483,0
E01004486,0
E01004491,0
E01004492,1
E01004493,1
E01004494,1
E01004495,1
E01004496,1
E01004497,0
E01004498,1
E01004499,2
E01004500,1
E01004502,2
E01004503,0
E01004506,2
E01004507,1
E01004508,1
E01004510,1
E01004513,2
E01004514,1
E01004517,1
E01004519,1
E01004522,1
E01004523,0
E01004525,1
E01004526,2
E01004528,1
E01004529,2
E01004536,1
E01004537,1
E01004538,1
E01004540,1
E01004541,1
E01004543,0
E01004545,1
E01004547,0
E01004548,1
E01004549,0
E01004551,1
E01004552,1
E01004553,0
E01004554,2
E01004557,0
E01004558,0
E01004559,0
E01004560,2
E01004563,1
E01004564,1
E01004568,1
E01004569,1
E01004570,2
E01004571,1
E01004572,1
E01004573,1
E01004574,2
E01004575,1
E01004579,1
E01004582,1
E01004583,2
E01004585,1
E01004586,2
E01004588,1
E01004590,1
E01004591,1
E01004593,2
E01004594,0
E01004595,2
E01004597,2
E01004601,1
E01004602,2
E01004605,2
E01004606,2
E01004607,2
E01004608,1
E01004609,1
E01004612,2
E01004613,1
E01004614,1
E01004615,1
E01004616,1
E01004617,1
E01004619,0
E01004621,0
E01004622,0
E01004623,0
E01004625,0
E01004626,0
E01004628,0
E01004629,0
E01004630,0
E01004631,2
E01004632,0
E01004635,0
E01004637,0
E01004639,2
E01004640,2
E01004641,0
E01004642,1
E01004643,1
E01004644,0
E01004646,2
E01004647,1
E01004648,2
E01004649,2
E01004651,2
E01004652,1
E01004653,1
E01004654,2
E01004656,1
E01004657,1
E01004658,1
E01004660,1
E01004661,1
E01004662,1
E01004668,2
E01004675,1
E01004676,2
E01004678,2
E01004679,1
E01004680,1
E01004681,1
E01004682,1
E01004683,2
E01004684,1
E01004686,1
E01004691,1
E01004693,2
E01004694,2
E01004695,1
E01004698,2
E01004699,1
E01004702,2
E01004703,2
E01004705,1
E01004708,2
E01004710,2
E01004711,2
E01004712,2
E01004713,2
E01004714,1
E01004715,1
E01004716,1
E01004720,2
E01004721,1
E01004723,2
E01004725,2
E01004726,1
E01004727,1
E01004728,1
E01004730,0
E01004731,1
E01004733,1
E01004734,1
E01004735,1
E01004736,1
E01004741,1
E01004742,2
E01004743,2
E01004744,1
E01004747,2
E01004749,2
E01004750,1
E01004751,0
E01004753,1
E01004755,1
E01004757,2
E01004760,2
E01004761,1
E01004763,1
E01004765,2
E01032512,1
E01032513,2
E01032563,2
E01032564,2
E01032565,0
E01032566,0
E01032567,0
E01032568,0
E01032569,0
E01032570,0
E01032572,2
E01032573,1
E01032574,0
E01032577,0
E01032579,1
E01032580,1
E01032581,2
E01032582,1
E01032583,1
E01032623,0
E01032639,1
E01032640,0
E01032719,1
E01032739,1
E01032740,2
E01032741,1
E01032742,2
E01032743,0
E01032744,1
E01032764,1
E01032765,0
E01032767,2
E01032769,2
E01032771,1
E01032777,2
E01032780,2
E01032781,1
E01032783,1
E01032786,1
E01032788,0
E01032789,0
E01033081,1
E01033082,1
E01033083,1
E01033084,1
E01033098,1
E01033099,2
E01033100,1
E01033132,0
E01033133,2
E01033146,0
E01033148,2
E01033150,2
E01033151,0
E01033320,2
E01033322,2
E01033324,2
E01033327,1
E01033341,0
E01033455,2
E01033456,1
E01033463,0
E01033486,2
E01033488,2
E01033489,0
E01033490,1
E01033491,1
E01033569,2
E01033570,0
E01033571,2
E01033579,2
E01033581,2
E01033582,2
E01033584,2
E01033587,2
E01033589,1
E01033591,1
E01033593,1
E01033594,1
E01033598,1
E01033601,1
E01033604,1
E01033699,1
E01033700,1
E01033702,0
E01033703,1
E01033704,1
E01033705,1
E01033706,1
E01033708,1
E01033709,1
E01033711,1
E01033712,0
E01033713,1
E01033727,2
E01033729,0
E01033732,1
E01033735,1
E01033737,1
E01033738,2
E01033740,0
E01033741,1
E01033742,0
E01033743,1
E01033744,0
E01033745,0
E01033746,2
E01033784,0
E01033785,0
E01033786,0
E01033788,1
E01033790,2
E01033791,1
E01033862,0
E01033865,1
E01033866,1
E01033867,2
E01033868,1
E01033869,2
E01033872,1
E01033873,1
E01033874,2
E01033875,2
E01033876,2
E01033879,1
E01033880,1
E01033883,1
E01033884,1
E01033885,1
E01033911,0
E01033916,1
E01033918,0
E01033922,2
E01033924,2
E01033925,1
E01033926,0
E01033927,1
E01033929,1
E01033930,0
E01033931,1
E01033934,0
E01033936,1
E01033937,1
E01033938,0
E01033939,0
E01033940,2
E01033941,1
E01033942,0
E01033944,1
E01034026,1
E01034027,1
E01034028,0
E01034029,2
E01034030,1
E01034032,0
E01034033,0
E01034034,2
E01034036,2
E01034037,1
E01034038,2
E01034039,1
E01034040,1
E01034042,2
E01034044,1
E01034045,0
E01034046,1
E01034140,1
E01034142,0
E01034143,1
E01034145,1
E01034146,0
E01034148,1
E01034149,1
E01034150,1
E01034152,1
E01034153,0
E01034155,1
E01034156,1
E01034173,1
E01034174,0
E01034175,0
E01034179,2
E01034180,2
E01034182,2
E01034185,1
E01034187,1
E01034188,1
E01034190,1
E01034192,1
E01034198,1
E01034199,1
E01034200,1
E01034202,1
E01034203,1
E01034204,2
E01034205,1
E01034206,1
E01034208,2
E01034209,1
E01034211,2
E01034212,2
E01034215,2
E01034218,2
E01034219,1
E01034220,1
E01034221,1
E01034222,2
E01034223,1
E01034224,1
E01034225,2
E01034227,0
E01034229,0
E01034230,0
E01034383,1
E01034384,2
E01034385,1
E01034386,1
E01034388,2
E01034391,0
E01034392,2
E01034394,1
E01034395,1
E01034470,2
E01034471,1
E01034473,1
E01034474,1
E01034475,1
E01034476,2
E01034477,2
E01034478,2
E01034479,0
E01034481,0
E01034482,1
E01034483,0
E01034484,1
E01034485,1
E01034578,1
E01034579,2
E01034580,1
E01034581,0
E01034589,0
E01034591,0
E01034593,0
E01034594,0
E01034595,2
E01034597,0
E01034598,2
E01034601,0
E01034602,1
E01034605,1
E01034607,1
E01034608,2
E01034609,1
E01034610,2
E01034612,1
E01034613,2
E01034615,2
E01034616,1
E01034617,1
E01035484,1
E01035485,1
E01035486,0
E01035487,0
E01035488,1
E01035489,1
E01035490,1
E01035493,1
E01035495,1
E01035496,1
E01035498,0
E01035638,1
E01035640,0
E01035641,2
E01035642,1
E01035643,1
E01035645,1
E01035649,1
E01035651,2
E01035652,1
E01035655,1
E01035657,0
E01035658,0
E01035659,1
E01035660,1
E01035663,0
E01035665,0
E01035667,2
E01035669,1
E01035670,1
E01035671,2
E01035672,0
E01035676,1
E01035678,2
E01035679,2
E01035681,0
E01035685,0
E01035687,1
E01035690,1
E01035694,1
E01035695,1
E01035696,2
E01035702,2
E01035703,0
E01035705,1
E01035706,0
E01035707,1
E01035708,1
E01035709,2
E01035710,1
E01035711,1
E01035712,2
E01035713,1
E01035715,2
E01035716,2
E01035717,1
E01035718,1
E01035720,2
E01035721,2
